seq,start,end,duration,received,lag,level,operation,step,id,altitude,disposition,variant,profile,startedAt,completedAt,receivedAt
849,-2474,-2474,,-2421,,run-start,,,pid=517,,,,,2026-10-06T04:57:12.680Z,,2026-10-06T04:57:12.733Z
850,-852,-852,,-847,,delivery-phase,,,readExecutionDelivery started,,started,,,2026-10-06T04:57:14.302Z,,2026-10-06T04:57:14.307Z
851,-828,-828,23.8,-825,,delivery-phase,,,readExecutionDelivery completed,,completed,,,2026-10-06T04:57:14.326Z,,2026-10-06T04:57:14.329Z
852,-827,-827,,-821,,delivery-phase,,,readAuthority started,,started,,,2026-10-06T04:57:14.327Z,,2026-10-06T04:57:14.333Z
853,-691,-691,136.2,-687,,delivery-phase,,,readAuthority completed,,completed,,,2026-10-06T04:57:14.463Z,,2026-10-06T04:57:14.467Z
854,-685,-685,,-682,,delivery-phase,,,executeDeclaredGraph started,,started,,,2026-10-06T04:57:14.469Z,,2026-10-06T04:57:14.472Z
855,,,,-103,,execution-graph-captured.v1,,,execution-graph-captured.v1,,,,,,,2026-10-06T04:57:15.051Z
856,0,32.6,32.6,37,4.4,operation,1 assemble-agent-relevance-port,,cell:mechanic:request-capability-from-objective-v3.operation.1,mechanic,completed,SUCCESS,sda-declared-read-graph-provider.v1,2026-10-06T04:57:15.1540241Z,2026-10-06T04:57:15.1866417Z,2026-10-06T04:57:15.191Z
857,34.5,34.6,0.1,43,8.4,handoff edge,,,edge:sequence:request-capability-from-objective-v3:1,,admitted,,,2026-10-06T04:57:15.1885111Z,2026-10-06T04:57:15.1885977Z,2026-10-06T04:57:15.197Z
980,34.8,133,98.2,587,454,operation,2 build-agent-model-request-port,,cell:mechanic:request-capability-from-objective-v3.operation.2,mechanic,completed,SUCCESS,sda-semantic-value-graph-provider.v1,2026-10-06T04:57:15.1888651Z,2026-10-06T04:57:15.2870285Z,2026-10-06T04:57:15.741Z
858,34.9,36,1.1,47,11,expression,2 build-agent-model-request-port,,cell:mechanic:request-capability-from-objective-v3.operation.2:expression.fields.carrierType,mechanic,completed,VALUE,sda-semantic-value-graph-provider.v1,2026-10-06T04:57:15.1889088Z,2026-10-06T04:57:15.1900290Z,2026-10-06T04:57:15.201Z
859,36.2,36.2,0,50,13.8,nested edge,2 build-agent-model-request-port,,cell:mechanic:request-capability-from-objective-v3.operation.2:expression:dependency:1,,admitted,,,2026-10-06T04:57:15.1902147Z,2026-10-06T04:57:15.1902424Z,2026-10-06T04:57:15.204Z
860,36.3,36.4,0.1,54,17.5,expression,2 build-agent-model-request-port,,cell:mechanic:request-capability-from-objective-v3.operation.2:expression.fields.requestId,mechanic,completed,VALUE,sda-semantic-value-graph-provider.v1,2026-10-06T04:57:15.1903567Z,2026-10-06T04:57:15.1904570Z,2026-10-06T04:57:15.208Z
861,36.6,36.6,0,58,21.3,nested edge,2 build-agent-model-request-port,,cell:mechanic:request-capability-from-objective-v3.operation.2:expression:dependency:2,,admitted,,,2026-10-06T04:57:15.1906215Z,2026-10-06T04:57:15.1906522Z,2026-10-06T04:57:15.212Z
862,36.7,36.8,0.1,62,25.1,expression,2 build-agent-model-request-port,,cell:mechanic:request-capability-from-objective-v3.operation.2:expression.fields.requestHash,mechanic,completed,VALUE,sda-semantic-value-graph-provider.v1,2026-10-06T04:57:15.1907594Z,2026-10-06T04:57:15.1908502Z,2026-10-06T04:57:15.216Z
863,37,37,0,65,28,nested edge,2 build-agent-model-request-port,,cell:mechanic:request-capability-from-objective-v3.operation.2:expression:dependency:3,,admitted,,,2026-10-06T04:57:15.1909974Z,2026-10-06T04:57:15.1910304Z,2026-10-06T04:57:15.219Z
864,37.1,37.2,0.1,67,29.8,expression,2 build-agent-model-request-port,,cell:mechanic:request-capability-from-objective-v3.operation.2:expression.fields.modelRequest.fields.schema,mechanic,completed,VALUE,sda-semantic-value-graph-provider.v1,2026-10-06T04:57:15.1911461Z,2026-10-06T04:57:15.1912399Z,2026-10-06T04:57:15.221Z
865,38.3,38.3,0,70,31.7,nested edge,2 build-agent-model-request-port,,cell:mechanic:request-capability-from-objective-v3.operation.2:expression.fields.modelRequest:dependency:1,,admitted,,,2026-10-06T04:57:15.1922922Z,2026-10-06T04:57:15.1923227Z,2026-10-06T04:57:15.224Z
866,38.4,38.5,0.1,73,34.4,expression,2 build-agent-model-request-port,,cell:mechanic:request-capability-from-objective-v3.operation.2:expression.fields.modelRequest.fields.requestId,mechanic,completed,VALUE,sda-semantic-value-graph-provider.v1,2026-10-06T04:57:15.1924479Z,2026-10-06T04:57:15.1925609Z,2026-10-06T04:57:15.227Z
867,38.7,38.7,0,76,37.3,nested edge,2 build-agent-model-request-port,,cell:mechanic:request-capability-from-objective-v3.operation.2:expression.fields.modelRequest:dependency:2,,admitted,,,2026-10-06T04:57:15.1927059Z,2026-10-06T04:57:15.1927330Z,2026-10-06T04:57:15.230Z
868,38.8,38.9,0.1,79,40.1,expression,2 build-agent-model-request-port,,cell:mechanic:request-capability-from-objective-v3.operation.2:expression.fields.modelRequest.fields.providerAuthorityId,mechanic,completed,VALUE,sda-semantic-value-graph-provider.v1,2026-10-06T04:57:15.1928597Z,2026-10-06T04:57:15.1929427Z,2026-10-06T04:57:15.233Z
869,39.1,39.1,0,88,48.9,nested edge,2 build-agent-model-request-port,,cell:mechanic:request-capability-from-objective-v3.operation.2:expression.fields.modelRequest:dependency:3,,admitted,,,2026-10-06T04:57:15.1930815Z,2026-10-06T04:57:15.1931039Z,2026-10-06T04:57:15.242Z
870,39.2,39.3,0.1,92,52.7,expression,2 build-agent-model-request-port,,cell:mechanic:request-capability-from-objective-v3.operation.2:expression.fields.modelRequest.fields.modelAlias,mechanic,completed,VALUE,sda-semantic-value-graph-provider.v1,2026-10-06T04:57:15.1932272Z,2026-10-06T04:57:15.1933115Z,2026-10-06T04:57:15.246Z
871,39.4,39.5,0,97,57.5,nested edge,2 build-agent-model-request-port,,cell:mechanic:request-capability-from-objective-v3.operation.2:expression.fields.modelRequest:dependency:4,,admitted,,,2026-10-06T04:57:15.1934518Z,2026-10-06T04:57:15.1934785Z,2026-10-06T04:57:15.251Z
872,39.6,39.7,0.1,117,77.3,expression,2 build-agent-model-request-port,,cell:mechanic:request-capability-from-objective-v3.operation.2:expression.fields.modelRequest.fields.interaction.fields.mode,mechanic,completed,VALUE,sda-semantic-value-graph-provider.v1,2026-10-06T04:57:15.1936005Z,2026-10-06T04:57:15.1936974Z,2026-10-06T04:57:15.271Z
873,39.8,39.9,0,124,84.1,nested edge,2 build-agent-model-request-port,,cell:mechanic:request-capability-from-objective-v3.operation.2:expression.fields.modelRequest.fields.interaction:dependency:1,,admitted,,,2026-10-06T04:57:15.1938579Z,2026-10-06T04:57:15.1938890Z,2026-10-06T04:57:15.278Z
874,40,40.1,0.1,127,86.9,expression,2 build-agent-model-request-port,,cell:mechanic:request-capability-from-objective-v3.operation.2:expression.fields.modelRequest.fields.interaction.fields.messages.items.0.fields.role,mechanic,completed,VALUE,sda-semantic-value-graph-provider.v1,2026-10-06T04:57:15.1940199Z,2026-10-06T04:57:15.1941141Z,2026-10-06T04:57:15.281Z
875,40.3,40.3,0,129,88.7,nested edge,2 build-agent-model-request-port,,cell:mechanic:request-capability-from-objective-v3.operation.2:expression.fields.modelRequest.fields.interaction.fields.messages.items.0:dependency:1,,admitted,,,2026-10-06T04:57:15.1942820Z,2026-10-06T04:57:15.1943139Z,2026-10-06T04:57:15.283Z
876,40.4,40.5,0.1,134,93.4,expression,2 build-agent-model-request-port,,cell:mechanic:request-capability-from-objective-v3.operation.2:expression.fields.modelRequest.fields.interaction.fields.messages.items.0.fields.content.values.visible.when.left.value,mechanic,completed,VALUE,sda-semantic-value-graph-provider.v1,2026-10-06T04:57:15.1944483Z,2026-10-06T04:57:15.1945692Z,2026-10-06T04:57:15.288Z
877,40.7,40.8,0.1,137,96.2,nested edge,2 build-agent-model-request-port,,cell:mechanic:request-capability-from-objective-v3.operation.2:expression.fields.modelRequest.fields.interaction.fields.messages.items.0.fields.content.values.visible.when.left:dependency:result,,admitted,,,2026-10-06T04:57:15.1947412Z,2026-10-06T04:57:15.1947918Z,2026-10-06T04:57:15.291Z
878,40.9,41.2,0.4,141,99.7,expression,2 build-agent-model-request-port,,cell:mechanic:request-capability-from-objective-v3.operation.2:expression.fields.modelRequest.fields.interaction.fields.messages.items.0.fields.content.values.visible.when.left,mechanic,completed,VALUE,sda-semantic-value-graph-provider.v1,2026-10-06T04:57:15.1949134Z,2026-10-06T04:57:15.1952674Z,2026-10-06T04:57:15.295Z
879,41.4,41.5,0,145,103.5,nested edge,2 build-agent-model-request-port,,cell:mechanic:request-capability-from-objective-v3.operation.2:expression.fields.modelRequest.fields.interaction.fields.messages.items.0.fields.content.values.visible.when:dependency:1,,admitted,,,2026-10-06T04:57:15.1954514Z,2026-10-06T04:57:15.1954797Z,2026-10-06T04:57:15.299Z
880,41.6,41.7,0.1,148,106.3,expression,2 build-agent-model-request-port,,cell:mechanic:request-capability-from-objective-v3.operation.2:expression.fields.modelRequest.fields.interaction.fields.messages.items.0.fields.content.values.visible.when.right,mechanic,completed,VALUE,sda-semantic-value-graph-provider.v1,2026-10-06T04:57:15.1956172Z,2026-10-06T04:57:15.1957144Z,2026-10-06T04:57:15.302Z
881,41.8,41.9,0,150,108.1,nested edge,2 build-agent-model-request-port,,cell:mechanic:request-capability-from-objective-v3.operation.2:expression.fields.modelRequest.fields.interaction.fields.messages.items.0.fields.content.values.visible.when:dependency:result,,admitted,,,2026-10-06T04:57:15.1958693Z,2026-10-06T04:57:15.1958967Z,2026-10-06T04:57:15.304Z
882,42,42.6,0.6,155,112.3,expression,2 build-agent-model-request-port,,cell:mechanic:request-capability-from-objective-v3.operation.2:expression.fields.modelRequest.fields.interaction.fields.messages.items.0.fields.content.values.visible.when,mechanic,completed,TRUE,sda-semantic-value-graph-provider.v1,2026-10-06T04:57:15.1960287Z,2026-10-06T04:57:15.1966555Z,2026-10-06T04:57:15.309Z
883,42.8,42.9,0,158,115.1,nested edge,2 build-agent-model-request-port,,cell:mechanic:request-capability-from-objective-v3.operation.2:expression.fields.modelRequest.fields.interaction.fields.messages.items.0.fields.content.values.visible:selection:predicate,,admitted,,,2026-10-06T04:57:15.1968449Z,2026-10-06T04:57:15.1968785Z,2026-10-06T04:57:15.312Z
884,43,44.6,1.6,162,117.4,expression,2 build-agent-model-request-port,,cell:mechanic:request-capability-from-objective-v3.operation.2:expression.fields.modelRequest.fields.interaction.fields.messages.items.0.fields.content.values.visible:selection,mechanic,completed,TRUE,,2026-10-06T04:57:15.1970217Z,2026-10-06T04:57:15.1986290Z,2026-10-06T04:57:15.316Z
885,44.8,44.8,0,166,121.2,nested edge,2 build-agent-model-request-port,,cell:mechanic:request-capability-from-objective-v3.operation.2:expression.fields.modelRequest.fields.interaction.fields.messages.items.0.fields.content.values.visible:selection:true,,admitted,,,2026-10-06T04:57:15.1987859Z,2026-10-06T04:57:15.1988123Z,2026-10-06T04:57:15.320Z
886,46.4,46.5,0.1,171,124.5,expression,2 build-agent-model-request-port,,cell:mechanic:request-capability-from-objective-v3.operation.2:expression.fields.modelRequest.fields.interaction.fields.messages.items.0.fields.content.values.visible.then.value.from,mechanic,completed,VALUE,sda-semantic-value-graph-provider.v1,2026-10-06T04:57:15.2003957Z,2026-10-06T04:57:15.2005238Z,2026-10-06T04:57:15.325Z
887,46.7,46.7,0.1,175,128.2,nested edge,2 build-agent-model-request-port,,cell:mechanic:request-capability-from-objective-v3.operation.2:expression.fields.modelRequest.fields.interaction.fields.messages.items.0.fields.content.values.visible.then.value:dependency:1,,admitted,,,2026-10-06T04:57:15.2007049Z,2026-10-06T04:57:15.2007584Z,2026-10-06T04:57:15.329Z
888,47,47.1,0.1,179,131.8,expression,2 build-agent-model-request-port,,cell:mechanic:request-capability-from-objective-v3.operation.2:expression.fields.modelRequest.fields.interaction.fields.messages.items.0.fields.content.values.visible.then.value.value,mechanic,completed,VALUE,sda-semantic-value-graph-provider.v1,2026-10-06T04:57:15.2010477Z,2026-10-06T04:57:15.2011659Z,2026-10-06T04:57:15.333Z
889,47.3,47.4,0,182,134.6,nested edge,2 build-agent-model-request-port,,cell:mechanic:request-capability-from-objective-v3.operation.2:expression.fields.modelRequest.fields.interaction.fields.messages.items.0.fields.content.values.visible.then.value:dependency:result,,admitted,,,2026-10-06T04:57:15.2013530Z,2026-10-06T04:57:15.2013780Z,2026-10-06T04:57:15.336Z
890,47.5,49.6,2.1,185,135.4,expression,2 build-agent-model-request-port,,cell:mechanic:request-capability-from-objective-v3.operation.2:expression.fields.modelRequest.fields.interaction.fields.messages.items.0.fields.content.values.visible.then.value,mechanic,completed,CONTINUE,sda-semantic-value-graph-provider.v1,2026-10-06T04:57:15.2015252Z,2026-10-06T04:57:15.2035976Z,2026-10-06T04:57:15.339Z
891,49.7,49.8,0,189,139.2,nested edge,2 build-agent-model-request-port,,cell:mechanic:request-capability-from-objective-v3.operation.2:expression.fields.modelRequest.fields.interaction.fields.messages.items.0.fields.content.values.visible.then.value:recur,,admitted,,,2026-10-06T04:57:15.2037639Z,2026-10-06T04:57:15.2038087Z,2026-10-06T04:57:15.343Z
892,49.9,50.1,0.1,193,142.9,expression,2 build-agent-model-request-port,,cell:mechanic:request-capability-from-objective-v3.operation.2:expression.fields.modelRequest.fields.interaction.fields.messages.items.0.fields.content.values.visible.then.value,mechanic,completed,STOP,sda-semantic-value-graph-provider.v1,2026-10-06T04:57:15.2039647Z,2026-10-06T04:57:15.2041020Z,2026-10-06T04:57:15.347Z
893,50.3,50.3,0,209,158.7,nested edge,2 build-agent-model-request-port,,cell:mechanic:request-capability-from-objective-v3.operation.2:expression.fields.modelRequest.fields.interaction.fields.messages.items.0.fields.content.values.visible.then:dependency:result,,admitted,,,2026-10-06T04:57:15.2042976Z,2026-10-06T04:57:15.2043408Z,2026-10-06T04:57:15.363Z
894,50.9,51.6,0.6,212,160.4,expression,2 build-agent-model-request-port,,cell:mechanic:request-capability-from-objective-v3.operation.2:expression.fields.modelRequest.fields.interaction.fields.messages.items.0.fields.content.values.visible.then,mechanic,completed,VALUE,sda-semantic-value-graph-provider.v1,2026-10-06T04:57:15.2049702Z,2026-10-06T04:57:15.2055911Z,2026-10-06T04:57:15.366Z
895,51.7,51.8,0,216,164.2,nested edge,2 build-agent-model-request-port,,cell:mechanic:request-capability-from-objective-v3.operation.2:expression.fields.modelRequest.fields.interaction.fields.messages.items.0.fields.content.values.visible:then-result,,admitted,,,2026-10-06T04:57:15.2057729Z,2026-10-06T04:57:15.2057946Z,2026-10-06T04:57:15.370Z
896,51.9,52,0.1,219,167,expression,2 build-agent-model-request-port,,cell:mechanic:request-capability-from-objective-v3.operation.2:expression.fields.modelRequest.fields.interaction.fields.messages.items.0.fields.content.values.visible,mechanic,completed,VALUE,sda-semantic-value-graph-provider.v1,2026-10-06T04:57:15.2059098Z,2026-10-06T04:57:15.2059868Z,2026-10-06T04:57:15.373Z
897,52.3,52.4,0,222,169.6,nested edge,2 build-agent-model-request-port,,cell:mechanic:request-capability-from-objective-v3.operation.2:expression.fields.modelRequest.fields.interaction.fields.messages.items.0.fields.content:dependency:1,,admitted,,,2026-10-06T04:57:15.2063567Z,2026-10-06T04:57:15.2063921Z,2026-10-06T04:57:15.376Z
898,52.5,52.6,0.1,224,171.4,expression,2 build-agent-model-request-port,,cell:mechanic:request-capability-from-objective-v3.operation.2:expression.fields.modelRequest.fields.interaction.fields.messages.items.0.fields.content.values.keywords.when.left.value,mechanic,completed,VALUE,sda-semantic-value-graph-provider.v1,2026-10-06T04:57:15.2065278Z,2026-10-06T04:57:15.2066191Z,2026-10-06T04:57:15.378Z
899,52.8,52.8,0,226,173.2,nested edge,2 build-agent-model-request-port,,cell:mechanic:request-capability-from-objective-v3.operation.2:expression.fields.modelRequest.fields.interaction.fields.messages.items.0.fields.content.values.keywords.when.left:dependency:result,,admitted,,,2026-10-06T04:57:15.2068002Z,2026-10-06T04:57:15.2068301Z,2026-10-06T04:57:15.380Z
900,52.9,53,0.1,229,176,expression,2 build-agent-model-request-port,,cell:mechanic:request-capability-from-objective-v3.operation.2:expression.fields.modelRequest.fields.interaction.fields.messages.items.0.fields.content.values.keywords.when.left,mechanic,completed,VALUE,sda-semantic-value-graph-provider.v1,2026-10-06T04:57:15.2069500Z,2026-10-06T04:57:15.2070357Z,2026-10-06T04:57:15.383Z
901,53.2,53.2,0,231,177.8,nested edge,2 build-agent-model-request-port,,cell:mechanic:request-capability-from-objective-v3.operation.2:expression.fields.modelRequest.fields.interaction.fields.messages.items.0.fields.content.values.keywords.when:dependency:1,,admitted,,,2026-10-06T04:57:15.2071862Z,2026-10-06T04:57:15.2072082Z,2026-10-06T04:57:15.385Z
902,53.3,53.4,0.1,233,179.6,expression,2 build-agent-model-request-port,,cell:mechanic:request-capability-from-objective-v3.operation.2:expression.fields.modelRequest.fields.interaction.fields.messages.items.0.fields.content.values.keywords.when.right,mechanic,completed,VALUE,sda-semantic-value-graph-provider.v1,2026-10-06T04:57:15.2073474Z,2026-10-06T04:57:15.2074439Z,2026-10-06T04:57:15.387Z
903,53.6,53.6,0,235,181.4,nested edge,2 build-agent-model-request-port,,cell:mechanic:request-capability-from-objective-v3.operation.2:expression.fields.modelRequest.fields.interaction.fields.messages.items.0.fields.content.values.keywords.when:dependency:result,,admitted,,,2026-10-06T04:57:15.2076159Z,2026-10-06T04:57:15.2076442Z,2026-10-06T04:57:15.389Z
904,53.8,53.9,0.1,237,183.1,expression,2 build-agent-model-request-port,,cell:mechanic:request-capability-from-objective-v3.operation.2:expression.fields.modelRequest.fields.interaction.fields.messages.items.0.fields.content.values.keywords.when,mechanic,completed,TRUE,sda-semantic-value-graph-provider.v1,2026-10-06T04:57:15.2077770Z,2026-10-06T04:57:15.2078850Z,2026-10-06T04:57:15.391Z
905,54,54.1,0,241,186.9,nested edge,2 build-agent-model-request-port,,cell:mechanic:request-capability-from-objective-v3.operation.2:expression.fields.modelRequest.fields.interaction.fields.messages.items.0.fields.content.values.keywords:selection:predicate,,admitted,,,2026-10-06T04:57:15.2080651Z,2026-10-06T04:57:15.2080987Z,2026-10-06T04:57:15.395Z
906,54.2,54.3,0.1,243,188.7,expression,2 build-agent-model-request-port,,cell:mechanic:request-capability-from-objective-v3.operation.2:expression.fields.modelRequest.fields.interaction.fields.messages.items.0.fields.content.values.keywords:selection,mechanic,completed,TRUE,,2026-10-06T04:57:15.2082565Z,2026-10-06T04:57:15.2083379Z,2026-10-06T04:57:15.397Z
907,54.8,55,0.2,247,192,nested edge,2 build-agent-model-request-port,,cell:mechanic:request-capability-from-objective-v3.operation.2:expression.fields.modelRequest.fields.interaction.fields.messages.items.0.fields.content.values.keywords:selection:true,,admitted,,,2026-10-06T04:57:15.2087832Z,2026-10-06T04:57:15.2090087Z,2026-10-06T04:57:15.401Z
908,55.1,55.3,0.1,249,193.7,expression,2 build-agent-model-request-port,,cell:mechanic:request-capability-from-objective-v3.operation.2:expression.fields.modelRequest.fields.interaction.fields.messages.items.0.fields.content.values.keywords.then.value,mechanic,completed,VALUE,sda-semantic-value-graph-provider.v1,2026-10-06T04:57:15.2091569Z,2026-10-06T04:57:15.2093023Z,2026-10-06T04:57:15.403Z
909,55.5,55.5,0,252,196.5,nested edge,2 build-agent-model-request-port,,cell:mechanic:request-capability-from-objective-v3.operation.2:expression.fields.modelRequest.fields.interaction.fields.messages.items.0.fields.content.values.keywords.then:dependency:result,,admitted,,,2026-10-06T04:57:15.2094778Z,2026-10-06T04:57:15.2095077Z,2026-10-06T04:57:15.406Z
910,55.6,55.7,0.1,256,200.3,expression,2 build-agent-model-request-port,,cell:mechanic:request-capability-from-objective-v3.operation.2:expression.fields.modelRequest.fields.interaction.fields.messages.items.0.fields.content.values.keywords.then,mechanic,completed,VALUE,sda-semantic-value-graph-provider.v1,2026-10-06T04:57:15.2096268Z,2026-10-06T04:57:15.2097369Z,2026-10-06T04:57:15.410Z
911,55.9,55.9,0,259,203.1,nested edge,2 build-agent-model-request-port,,cell:mechanic:request-capability-from-objective-v3.operation.2:expression.fields.modelRequest.fields.interaction.fields.messages.items.0.fields.content.values.keywords:then-result,,admitted,,,2026-10-06T04:57:15.2099084Z,2026-10-06T04:57:15.2099322Z,2026-10-06T04:57:15.413Z
912,56,56.1,0.1,263,206.9,expression,2 build-agent-model-request-port,,cell:mechanic:request-capability-from-objective-v3.operation.2:expression.fields.modelRequest.fields.interaction.fields.messages.items.0.fields.content.values.keywords,mechanic,completed,VALUE,sda-semantic-value-graph-provider.v1,2026-10-06T04:57:15.2100585Z,2026-10-06T04:57:15.2101307Z,2026-10-06T04:57:15.417Z
913,56.3,56.3,0,265,208.7,nested edge,2 build-agent-model-request-port,,cell:mechanic:request-capability-from-objective-v3.operation.2:expression.fields.modelRequest.fields.interaction.fields.messages.items.0.fields.content:dependency:result,,admitted,,,2026-10-06T04:57:15.2102775Z,2026-10-06T04:57:15.2102972Z,2026-10-06T04:57:15.419Z
914,56.4,57.4,1,267,209.6,expression,2 build-agent-model-request-port,,cell:mechanic:request-capability-from-objective-v3.operation.2:expression.fields.modelRequest.fields.interaction.fields.messages.items.0.fields.content,mechanic,completed,VALUE,sda-semantic-value-graph-provider.v1,2026-10-06T04:57:15.2104103Z,2026-10-06T04:57:15.2114010Z,2026-10-06T04:57:15.421Z
915,57.5,57.5,0,269,211.4,nested edge,2 build-agent-model-request-port,,cell:mechanic:request-capability-from-objective-v3.operation.2:expression.fields.modelRequest.fields.interaction.fields.messages.items.0:dependency:result,,admitted,,,2026-10-06T04:57:15.2115381Z,2026-10-06T04:57:15.2115711Z,2026-10-06T04:57:15.423Z
916,57.7,58,0.3,272,214,expression,2 build-agent-model-request-port,,cell:mechanic:request-capability-from-objective-v3.operation.2:expression.fields.modelRequest.fields.interaction.fields.messages.items.0,mechanic,completed,VALUE,sda-semantic-value-graph-provider.v1,2026-10-06T04:57:15.2117090Z,2026-10-06T04:57:15.2120146Z,2026-10-06T04:57:15.426Z
917,58.2,58.2,0.1,276,217.7,nested edge,2 build-agent-model-request-port,,cell:mechanic:request-capability-from-objective-v3.operation.2:expression.fields.modelRequest.fields.interaction.fields.messages:dependency:1,,admitted,,,2026-10-06T04:57:15.2122209Z,2026-10-06T04:57:15.2122724Z,2026-10-06T04:57:15.430Z
918,58.4,58.5,0.1,280,221.5,expression,2 build-agent-model-request-port,,cell:mechanic:request-capability-from-objective-v3.operation.2:expression.fields.modelRequest.fields.interaction.fields.messages.items.1.fields.role,mechanic,completed,VALUE,sda-semantic-value-graph-provider.v1,2026-10-06T04:57:15.2124113Z,2026-10-06T04:57:15.2125348Z,2026-10-06T04:57:15.434Z
919,58.7,58.7,0,284,225.3,nested edge,2 build-agent-model-request-port,,cell:mechanic:request-capability-from-objective-v3.operation.2:expression.fields.modelRequest.fields.interaction.fields.messages.items.1:dependency:1,,admitted,,,2026-10-06T04:57:15.2127177Z,2026-10-06T04:57:15.2127413Z,2026-10-06T04:57:15.438Z
920,59.7,59.8,0.1,289,229.1,expression,2 build-agent-model-request-port,,cell:mechanic:request-capability-from-objective-v3.operation.2:expression.fields.modelRequest.fields.interaction.fields.messages.items.1.fields.content,mechanic,completed,VALUE,sda-semantic-value-graph-provider.v1,2026-10-06T04:57:15.2137684Z,2026-10-06T04:57:15.2138663Z,2026-10-06T04:57:15.443Z
921,60,60,0,295,235,nested edge,2 build-agent-model-request-port,,cell:mechanic:request-capability-from-objective-v3.operation.2:expression.fields.modelRequest.fields.interaction.fields.messages.items.1:dependency:result,,admitted,,,2026-10-06T04:57:15.2140282Z,2026-10-06T04:57:15.2140494Z,2026-10-06T04:57:15.449Z
922,60.1,60.2,0.1,298,237.7,expression,2 build-agent-model-request-port,,cell:mechanic:request-capability-from-objective-v3.operation.2:expression.fields.modelRequest.fields.interaction.fields.messages.items.1,mechanic,completed,VALUE,sda-semantic-value-graph-provider.v1,2026-10-06T04:57:15.2141612Z,2026-10-06T04:57:15.2142540Z,2026-10-06T04:57:15.452Z
923,60.4,60.4,0,302,241.6,nested edge,2 build-agent-model-request-port,,cell:mechanic:request-capability-from-objective-v3.operation.2:expression.fields.modelRequest.fields.interaction.fields.messages:dependency:result,,admitted,,,2026-10-06T04:57:15.2143806Z,2026-10-06T04:57:15.2144028Z,2026-10-06T04:57:15.456Z
924,60.5,60.7,0.2,306,245.3,expression,2 build-agent-model-request-port,,cell:mechanic:request-capability-from-objective-v3.operation.2:expression.fields.modelRequest.fields.interaction.fields.messages,mechanic,completed,VALUE,sda-semantic-value-graph-provider.v1,2026-10-06T04:57:15.2144792Z,2026-10-06T04:57:15.2146750Z,2026-10-06T04:57:15.460Z
925,60.8,60.8,0,309,248.2,nested edge,2 build-agent-model-request-port,,cell:mechanic:request-capability-from-objective-v3.operation.2:expression.fields.modelRequest.fields.interaction:dependency:result,,admitted,,,2026-10-06T04:57:15.2148036Z,2026-10-06T04:57:15.2148347Z,2026-10-06T04:57:15.463Z
926,60.9,61,0.1,316,255,expression,2 build-agent-model-request-port,,cell:mechanic:request-capability-from-objective-v3.operation.2:expression.fields.modelRequest.fields.interaction,mechanic,completed,VALUE,sda-semantic-value-graph-provider.v1,2026-10-06T04:57:15.2149127Z,2026-10-06T04:57:15.2150390Z,2026-10-06T04:57:15.470Z
927,61.1,61.2,0,318,256.8,nested edge,2 build-agent-model-request-port,,cell:mechanic:request-capability-from-objective-v3.operation.2:expression.fields.modelRequest:dependency:5,,admitted,,,2026-10-06T04:57:15.2151572Z,2026-10-06T04:57:15.2151899Z,2026-10-06T04:57:15.472Z
928,61.2,61.3,0.1,321,259.7,expression,2 build-agent-model-request-port,,cell:mechanic:request-capability-from-objective-v3.operation.2:expression.fields.modelRequest.fields.responsePolicy.fields.format,mechanic,completed,VALUE,sda-semantic-value-graph-provider.v1,2026-10-06T04:57:15.2152657Z,2026-10-06T04:57:15.2153406Z,2026-10-06T04:57:15.475Z
929,61.4,61.4,0,324,262.5,nested edge,2 build-agent-model-request-port,,cell:mechanic:request-capability-from-objective-v3.operation.2:expression.fields.modelRequest.fields.responsePolicy:dependency:1,,admitted,,,2026-10-06T04:57:15.2154500Z,2026-10-06T04:57:15.2154635Z,2026-10-06T04:57:15.478Z
930,61.5,61.6,0,329,267.4,expression,2 build-agent-model-request-port,,cell:mechanic:request-capability-from-objective-v3.operation.2:expression.fields.modelRequest.fields.responsePolicy.fields.maximumOutputTokens,mechanic,completed,VALUE,sda-semantic-value-graph-provider.v1,2026-10-06T04:57:15.2155383Z,2026-10-06T04:57:15.2155880Z,2026-10-06T04:57:15.483Z
931,62,62,0,336,274,nested edge,2 build-agent-model-request-port,,cell:mechanic:request-capability-from-objective-v3.operation.2:expression.fields.modelRequest.fields.responsePolicy:dependency:2,,admitted,,,2026-10-06T04:57:15.2160087Z,2026-10-06T04:57:15.2160411Z,2026-10-06T04:57:15.490Z
932,62.2,62.3,0.1,346,283.7,expression,2 build-agent-model-request-port,,cell:mechanic:request-capability-from-objective-v3.operation.2:expression.fields.modelRequest.fields.responsePolicy.fields.temperature,mechanic,completed,VALUE,sda-semantic-value-graph-provider.v1,2026-10-06T04:57:15.2161845Z,2026-10-06T04:57:15.2162778Z,2026-10-06T04:57:15.500Z
933,62.5,62.5,0,348,285.5,nested edge,2 build-agent-model-request-port,,cell:mechanic:request-capability-from-objective-v3.operation.2:expression.fields.modelRequest.fields.responsePolicy:dependency:3,,admitted,,,2026-10-06T04:57:15.2165012Z,2026-10-06T04:57:15.2165357Z,2026-10-06T04:57:15.502Z
934,63.3,63.4,0.1,352,288.5,expression,2 build-agent-model-request-port,,cell:mechanic:request-capability-from-objective-v3.operation.2:expression.fields.modelRequest.fields.responsePolicy.fields.schema,mechanic,completed,VALUE,sda-semantic-value-graph-provider.v1,2026-10-06T04:57:15.2173210Z,2026-10-06T04:57:15.2174591Z,2026-10-06T04:57:15.506Z
935,63.6,63.7,0.1,354,290.3,nested edge,2 build-agent-model-request-port,,cell:mechanic:request-capability-from-objective-v3.operation.2:expression.fields.modelRequest.fields.responsePolicy:dependency:result,,admitted,,,2026-10-06T04:57:15.2176580Z,2026-10-06T04:57:15.2177190Z,2026-10-06T04:57:15.508Z
936,63.8,64,0.1,356,292,expression,2 build-agent-model-request-port,,cell:mechanic:request-capability-from-objective-v3.operation.2:expression.fields.modelRequest.fields.responsePolicy,mechanic,completed,VALUE,sda-semantic-value-graph-provider.v1,2026-10-06T04:57:15.2178369Z,2026-10-06T04:57:15.2179833Z,2026-10-06T04:57:15.510Z
937,66.3,66.4,0.1,361,294.6,nested edge,2 build-agent-model-request-port,,cell:mechanic:request-capability-from-objective-v3.operation.2:expression.fields.modelRequest:dependency:6,,admitted,,,2026-10-06T04:57:15.2203595Z,2026-10-06T04:57:15.2204361Z,2026-10-06T04:57:15.515Z
938,66.5,66.7,0.1,363,296.3,expression,2 build-agent-model-request-port,,cell:mechanic:request-capability-from-objective-v3.operation.2:expression.fields.modelRequest.fields.executionPolicy.fields.timeoutMilliseconds,mechanic,completed,VALUE,sda-semantic-value-graph-provider.v1,2026-10-06T04:57:15.2205664Z,2026-10-06T04:57:15.2206769Z,2026-10-06T04:57:15.517Z
939,67.6,67.6,0,365,297.4,nested edge,2 build-agent-model-request-port,,cell:mechanic:request-capability-from-objective-v3.operation.2:expression.fields.modelRequest.fields.executionPolicy:dependency:1,,admitted,,,2026-10-06T04:57:15.2215889Z,2026-10-06T04:57:15.2216326Z,2026-10-06T04:57:15.519Z
940,68.7,68.8,0.1,372,303.1,expression,2 build-agent-model-request-port,,cell:mechanic:request-capability-from-objective-v3.operation.2:expression.fields.modelRequest.fields.executionPolicy.fields.attemptAuthority.fields.maximumAuthorizedAttempts,mechanic,completed,VALUE,sda-semantic-value-graph-provider.v1,2026-10-06T04:57:15.2227709Z,2026-10-06T04:57:15.2228653Z,2026-10-06T04:57:15.526Z
941,69,69,0,375,305.9,nested edge,2 build-agent-model-request-port,,cell:mechanic:request-capability-from-objective-v3.operation.2:expression.fields.modelRequest.fields.executionPolicy.fields.attemptAuthority:dependency:result,,admitted,,,2026-10-06T04:57:15.2230304Z,2026-10-06T04:57:15.2230573Z,2026-10-06T04:57:15.529Z
942,69.4,69.5,0.1,377,307.5,expression,2 build-agent-model-request-port,,cell:mechanic:request-capability-from-objective-v3.operation.2:expression.fields.modelRequest.fields.executionPolicy.fields.attemptAuthority,mechanic,completed,VALUE,sda-semantic-value-graph-provider.v1,2026-10-06T04:57:15.2234086Z,2026-10-06T04:57:15.2235097Z,2026-10-06T04:57:15.531Z
943,71.6,71.7,0.1,381,309.3,nested edge,2 build-agent-model-request-port,,cell:mechanic:request-capability-from-objective-v3.operation.2:expression.fields.modelRequest.fields.executionPolicy:dependency:2,,admitted,,,2026-10-06T04:57:15.2256705Z,2026-10-06T04:57:15.2257337Z,2026-10-06T04:57:15.535Z
944,71.9,72,0.1,384,312,expression,2 build-agent-model-request-port,,cell:mechanic:request-capability-from-objective-v3.operation.2:expression.fields.modelRequest.fields.executionPolicy.fields.providerSubstitution.fields.allowed,mechanic,completed,FALSE,sda-semantic-value-graph-provider.v1,2026-10-06T04:57:15.2258822Z,2026-10-06T04:57:15.2259829Z,2026-10-06T04:57:15.538Z
945,72.1,72.2,0,391,318.8,nested edge,2 build-agent-model-request-port,,cell:mechanic:request-capability-from-objective-v3.operation.2:expression.fields.modelRequest.fields.executionPolicy.fields.providerSubstitution:dependency:result,,admitted,,,2026-10-06T04:57:15.2261599Z,2026-10-06T04:57:15.2261845Z,2026-10-06T04:57:15.545Z
946,72.3,72.4,0.1,394,321.6,expression,2 build-agent-model-request-port,,cell:mechanic:request-capability-from-objective-v3.operation.2:expression.fields.modelRequest.fields.executionPolicy.fields.providerSubstitution,mechanic,completed,VALUE,sda-semantic-value-graph-provider.v1,2026-10-06T04:57:15.2263035Z,2026-10-06T04:57:15.2264064Z,2026-10-06T04:57:15.548Z
947,72.6,72.6,0,396,323.4,nested edge,2 build-agent-model-request-port,,cell:mechanic:request-capability-from-objective-v3.operation.2:expression.fields.modelRequest.fields.executionPolicy:dependency:result,,admitted,,,2026-10-06T04:57:15.2265871Z,2026-10-06T04:57:15.2266260Z,2026-10-06T04:57:15.550Z
948,72.7,73.8,1,401,327.2,expression,2 build-agent-model-request-port,,cell:mechanic:request-capability-from-objective-v3.operation.2:expression.fields.modelRequest.fields.executionPolicy,mechanic,completed,VALUE,sda-semantic-value-graph-provider.v1,2026-10-06T04:57:15.2267630Z,2026-10-06T04:57:15.2277808Z,2026-10-06T04:57:15.555Z
949,74,74,0.1,406,332,nested edge,2 build-agent-model-request-port,,cell:mechanic:request-capability-from-objective-v3.operation.2:expression.fields.modelRequest:dependency:7,,admitted,,,2026-10-06T04:57:15.2279829Z,2026-10-06T04:57:15.2280367Z,2026-10-06T04:57:15.560Z
950,74.9,75,0.1,408,333,expression,2 build-agent-model-request-port,,cell:mechanic:request-capability-from-objective-v3.operation.2:expression.fields.modelRequest.fields.evidencePolicy.fields.captureRequestHash,mechanic,completed,TRUE,sda-semantic-value-graph-provider.v1,2026-10-06T04:57:15.2289063Z,2026-10-06T04:57:15.2290125Z,2026-10-06T04:57:15.562Z
951,75.1,75.2,0,413,337.8,nested edge,2 build-agent-model-request-port,,cell:mechanic:request-capability-from-objective-v3.operation.2:expression.fields.modelRequest.fields.evidencePolicy:dependency:1,,admitted,,,2026-10-06T04:57:15.2291723Z,2026-10-06T04:57:15.2291917Z,2026-10-06T04:57:15.567Z
952,75.3,75.4,0.1,429,353.6,expression,2 build-agent-model-request-port,,cell:mechanic:request-capability-from-objective-v3.operation.2:expression.fields.modelRequest.fields.evidencePolicy.fields.captureResponseHash,mechanic,completed,TRUE,sda-semantic-value-graph-provider.v1,2026-10-06T04:57:15.2293009Z,2026-10-06T04:57:15.2293810Z,2026-10-06T04:57:15.583Z
953,75.5,75.6,0,439,363.4,nested edge,2 build-agent-model-request-port,,cell:mechanic:request-capability-from-objective-v3.operation.2:expression.fields.modelRequest.fields.evidencePolicy:dependency:2,,admitted,,,2026-10-06T04:57:15.2295443Z,2026-10-06T04:57:15.2295745Z,2026-10-06T04:57:15.593Z
954,75.7,75.8,0.1,447,371.1,expression,2 build-agent-model-request-port,,cell:mechanic:request-capability-from-objective-v3.operation.2:expression.fields.modelRequest.fields.evidencePolicy.fields.captureResolvedProvider,mechanic,completed,TRUE,sda-semantic-value-graph-provider.v1,2026-10-06T04:57:15.2297589Z,2026-10-06T04:57:15.2298502Z,2026-10-06T04:57:15.601Z
955,76,76,0,449,372.9,nested edge,2 build-agent-model-request-port,,cell:mechanic:request-capability-from-objective-v3.operation.2:expression.fields.modelRequest.fields.evidencePolicy:dependency:3,,admitted,,,2026-10-06T04:57:15.2300340Z,2026-10-06T04:57:15.2300669Z,2026-10-06T04:57:15.603Z
956,76.9,77,0.1,451,374,expression,2 build-agent-model-request-port,,cell:mechanic:request-capability-from-objective-v3.operation.2:expression.fields.modelRequest.fields.evidencePolicy.fields.captureResolvedModel,mechanic,completed,TRUE,sda-semantic-value-graph-provider.v1,2026-10-06T04:57:15.2309458Z,2026-10-06T04:57:15.2310416Z,2026-10-06T04:57:15.605Z
957,77.4,77.4,0,455,377.5,nested edge,2 build-agent-model-request-port,,cell:mechanic:request-capability-from-objective-v3.operation.2:expression.fields.modelRequest.fields.evidencePolicy:dependency:4,,admitted,,,2026-10-06T04:57:15.2314435Z,2026-10-06T04:57:15.2314723Z,2026-10-06T04:57:15.609Z
958,77.6,77.7,0.1,462,384.3,expression,2 build-agent-model-request-port,,cell:mechanic:request-capability-from-objective-v3.operation.2:expression.fields.modelRequest.fields.evidencePolicy.fields.captureTokenUsage,mechanic,completed,TRUE,sda-semantic-value-graph-provider.v1,2026-10-06T04:57:15.2316138Z,2026-10-06T04:57:15.2317105Z,2026-10-06T04:57:15.616Z
959,77.9,77.9,0,469,391.1,nested edge,2 build-agent-model-request-port,,cell:mechanic:request-capability-from-objective-v3.operation.2:expression.fields.modelRequest.fields.evidencePolicy:dependency:5,,admitted,,,2026-10-06T04:57:15.2318868Z,2026-10-06T04:57:15.2319205Z,2026-10-06T04:57:15.623Z
960,78,78.1,0.1,472,393.8,expression,2 build-agent-model-request-port,,cell:mechanic:request-capability-from-objective-v3.operation.2:expression.fields.modelRequest.fields.evidencePolicy.fields.captureTiming,mechanic,completed,TRUE,sda-semantic-value-graph-provider.v1,2026-10-06T04:57:15.2320605Z,2026-10-06T04:57:15.2321502Z,2026-10-06T04:57:15.626Z
961,78.3,78.3,0,478,399.6,nested edge,2 build-agent-model-request-port,,cell:mechanic:request-capability-from-objective-v3.operation.2:expression.fields.modelRequest.fields.evidencePolicy:dependency:result,,admitted,,,2026-10-06T04:57:15.2323283Z,2026-10-06T04:57:15.2323570Z,2026-10-06T04:57:15.632Z
962,78.4,78.5,0.1,481,402.5,expression,2 build-agent-model-request-port,,cell:mechanic:request-capability-from-objective-v3.operation.2:expression.fields.modelRequest.fields.evidencePolicy,mechanic,completed,VALUE,sda-semantic-value-graph-provider.v1,2026-10-06T04:57:15.2324689Z,2026-10-06T04:57:15.2325499Z,2026-10-06T04:57:15.635Z
963,78.6,78.7,0,491,412.3,nested edge,2 build-agent-model-request-port,,cell:mechanic:request-capability-from-objective-v3.operation.2:expression.fields.modelRequest:dependency:result,,admitted,,,2026-10-06T04:57:15.2326576Z,2026-10-06T04:57:15.2326799Z,2026-10-06T04:57:15.645Z
964,78.7,79,0.3,499,419.9,expression,2 build-agent-model-request-port,,cell:mechanic:request-capability-from-objective-v3.operation.2:expression.fields.modelRequest,mechanic,completed,VALUE,sda-semantic-value-graph-provider.v1,2026-10-06T04:57:15.2327517Z,2026-10-06T04:57:15.2330503Z,2026-10-06T04:57:15.653Z
965,79.5,80,0.6,507,427,nested edge,2 build-agent-model-request-port,,cell:mechanic:request-capability-from-objective-v3.operation.2:expression:dependency:4,,admitted,,,2026-10-06T04:57:15.2334925Z,2026-10-06T04:57:15.2340450Z,2026-10-06T04:57:15.661Z
966,80.1,80.3,0.2,516,435.6,expression,2 build-agent-model-request-port,,cell:mechanic:request-capability-from-objective-v3.operation.2:expression.fields.requestLineage.items.0,mechanic,completed,VALUE,sda-semantic-value-graph-provider.v1,2026-10-06T04:57:15.2341727Z,2026-10-06T04:57:15.2343736Z,2026-10-06T04:57:15.670Z
967,80.6,80.6,0,518,437.4,nested edge,2 build-agent-model-request-port,,cell:mechanic:request-capability-from-objective-v3.operation.2:expression.fields.requestLineage:dependency:1,,admitted,,,2026-10-06T04:57:15.2345964Z,2026-10-06T04:57:15.2346205Z,2026-10-06T04:57:15.672Z
968,80.7,80.8,0.1,523,442.2,expression,2 build-agent-model-request-port,,cell:mechanic:request-capability-from-objective-v3.operation.2:expression.fields.requestLineage.items.1,mechanic,completed,VALUE,sda-semantic-value-graph-provider.v1,2026-10-06T04:57:15.2347377Z,2026-10-06T04:57:15.2348200Z,2026-10-06T04:57:15.677Z
969,80.9,81,0,530,449,nested edge,2 build-agent-model-request-port,,cell:mechanic:request-capability-from-objective-v3.operation.2:expression.fields.requestLineage:dependency:2,,admitted,,,2026-10-06T04:57:15.2349711Z,2026-10-06T04:57:15.2349968Z,2026-10-06T04:57:15.684Z
970,81.1,81.4,0.3,539,457.6,expression,2 build-agent-model-request-port,,cell:mechanic:request-capability-from-objective-v3.operation.2:expression.fields.requestLineage.items.2.values.json.value,mechanic,completed,VALUE,sda-semantic-value-graph-provider.v1,2026-10-06T04:57:15.2351085Z,2026-10-06T04:57:15.2354332Z,2026-10-06T04:57:15.693Z
971,81.7,81.8,0.1,542,460.2,nested edge,2 build-agent-model-request-port,,cell:mechanic:request-capability-from-objective-v3.operation.2:expression.fields.requestLineage.items.2.values.json:dependency:result,,admitted,,,2026-10-06T04:57:15.2357495Z,2026-10-06T04:57:15.2358241Z,2026-10-06T04:57:15.696Z
972,81.9,82.3,0.4,549,466.7,expression,2 build-agent-model-request-port,,cell:mechanic:request-capability-from-objective-v3.operation.2:expression.fields.requestLineage.items.2.values.json,mechanic,completed,VALUE,sda-semantic-value-graph-provider.v1,2026-10-06T04:57:15.2359441Z,2026-10-06T04:57:15.2362966Z,2026-10-06T04:57:15.703Z
973,82.5,82.6,0,553,470.4,nested edge,2 build-agent-model-request-port,,cell:mechanic:request-capability-from-objective-v3.operation.2:expression.fields.requestLineage.items.2:dependency:result,,admitted,,,2026-10-06T04:57:15.2365464Z,2026-10-06T04:57:15.2365849Z,2026-10-06T04:57:15.707Z
974,129.4,129.7,0.2,558,428.3,expression,2 build-agent-model-request-port,,cell:mechanic:request-capability-from-objective-v3.operation.2:expression.fields.requestLineage.items.2,mechanic,completed,VALUE,sda-semantic-value-graph-provider.v1,2026-10-06T04:57:15.2834360Z,2026-10-06T04:57:15.2836822Z,2026-10-06T04:57:15.712Z
975,130,130.2,0.2,561,430.8,nested edge,2 build-agent-model-request-port,,cell:mechanic:request-capability-from-objective-v3.operation.2:expression.fields.requestLineage:dependency:result,,admitted,,,2026-10-06T04:57:15.2839954Z,2026-10-06T04:57:15.2842349Z,2026-10-06T04:57:15.715Z
976,130.7,131.1,0.5,567,435.8,expression,2 build-agent-model-request-port,,cell:mechanic:request-capability-from-objective-v3.operation.2:expression.fields.requestLineage,mechanic,completed,VALUE,sda-semantic-value-graph-provider.v1,2026-10-06T04:57:15.2847024Z,2026-10-06T04:57:15.2851635Z,2026-10-06T04:57:15.721Z
977,131.3,131.4,0.1,570,438.6,nested edge,2 build-agent-model-request-port,,cell:mechanic:request-capability-from-objective-v3.operation.2:expression:dependency:result,,admitted,,,2026-10-06T04:57:15.2853278Z,2026-10-06T04:57:15.2853848Z,2026-10-06T04:57:15.724Z
978,131.5,131.9,0.4,577,445.1,expression,2 build-agent-model-request-port,,cell:mechanic:request-capability-from-objective-v3.operation.2:expression,mechanic,completed,VALUE,sda-semantic-value-graph-provider.v1,2026-10-06T04:57:15.2854966Z,2026-10-06T04:57:15.2858974Z,2026-10-06T04:57:15.731Z
979,132.1,132.3,0.1,581,448.7,nested edge,2 build-agent-model-request-port,,edge:return:cell:mechanic:request-capability-from-objective-v3.operation.2:expression:cell:mechanic:request-capability-from-objective-v3.operation.2:0,,admitted,,,2026-10-06T04:57:15.2861487Z,2026-10-06T04:57:15.2862841Z,2026-10-06T04:57:15.735Z
981,133.2,133.4,0.1,592,458.6,handoff edge,,,edge:sequence:request-capability-from-objective-v3:2,,admitted,,,2026-10-06T04:57:15.2872358Z,2026-10-06T04:57:15.2873839Z,2026-10-06T04:57:15.746Z
1130,133.5,185.1,51.6,1280,1094.9,operation,3 compose-governed-model-invocation-port,,cell:mechanic:request-capability-from-objective-v3.operation.3,mechanic,completed,SUCCESS,sda-semantic-value-graph-provider.v1,2026-10-06T04:57:15.2875108Z,2026-10-06T04:57:15.3390980Z,2026-10-06T04:57:16.434Z
982,133.6,133.8,0.3,598,464.1,expression,3 compose-governed-model-invocation-port,,cell:mechanic:request-capability-from-objective-v3.operation.3:expression.fields.contractId,mechanic,completed,VALUE,sda-semantic-value-graph-provider.v1,2026-10-06T04:57:15.2875914Z,2026-10-06T04:57:15.2878719Z,2026-10-06T04:57:15.752Z
983,134.2,134.3,0,603,468.7,nested edge,3 compose-governed-model-invocation-port,,cell:mechanic:request-capability-from-objective-v3.operation.3:expression:dependency:1,,admitted,,,2026-10-06T04:57:15.2882717Z,2026-10-06T04:57:15.2883128Z,2026-10-06T04:57:15.757Z
984,134.4,134.5,0.1,611,476.5,expression,3 compose-governed-model-invocation-port,,cell:mechanic:request-capability-from-objective-v3.operation.3:expression.fields.payload.fields.attemptPlan.fields.contractId,mechanic,completed,VALUE,sda-semantic-value-graph-provider.v1,2026-10-06T04:57:15.2884353Z,2026-10-06T04:57:15.2885345Z,2026-10-06T04:57:15.765Z
985,134.7,134.7,0,615,480.3,nested edge,3 compose-governed-model-invocation-port,,cell:mechanic:request-capability-from-objective-v3.operation.3:expression.fields.payload.fields.attemptPlan:dependency:1,,admitted,,,2026-10-06T04:57:15.2886768Z,2026-10-06T04:57:15.2886967Z,2026-10-06T04:57:15.769Z
986,134.8,135.9,1.1,621,485.1,expression,3 compose-governed-model-invocation-port,,cell:mechanic:request-capability-from-objective-v3.operation.3:expression.fields.payload.fields.attemptPlan.fields.payload.bindings.systemMessage.from,mechanic,completed,VALUE,sda-semantic-value-graph-provider.v1,2026-10-06T04:57:15.2888001Z,2026-10-06T04:57:15.2899289Z,2026-10-06T04:57:15.775Z
987,136,136.1,0.1,624,487.9,nested edge,3 compose-governed-model-invocation-port,,cell:mechanic:request-capability-from-objective-v3.operation.3:expression.fields.payload.fields.attemptPlan.fields.payload.bindings.systemMessage:dependency:1,,admitted,,,2026-10-06T04:57:15.2900668Z,2026-10-06T04:57:15.2901266Z,2026-10-06T04:57:15.778Z
988,136.2,136.4,0.1,630,493.6,expression,3 compose-governed-model-invocation-port,,cell:mechanic:request-capability-from-objective-v3.operation.3:expression.fields.payload.fields.attemptPlan.fields.payload.bindings.systemMessage.where.left,mechanic,completed,VALUE,sda-semantic-value-graph-provider.v1,2026-10-06T04:57:15.2902549Z,2026-10-06T04:57:15.2903813Z,2026-10-06T04:57:15.784Z
989,136.5,136.5,0,635,498.5,nested edge,3 compose-governed-model-invocation-port,,cell:mechanic:request-capability-from-objective-v3.operation.3:expression.fields.payload.fields.attemptPlan.fields.payload.bindings.systemMessage.where:dependency:1,,admitted,,,2026-10-06T04:57:15.2905099Z,2026-10-06T04:57:15.2905317Z,2026-10-06T04:57:15.789Z
990,136.6,136.7,0.1,643,506.2,expression,3 compose-governed-model-invocation-port,,cell:mechanic:request-capability-from-objective-v3.operation.3:expression.fields.payload.fields.attemptPlan.fields.payload.bindings.systemMessage.where.right,mechanic,completed,VALUE,sda-semantic-value-graph-provider.v1,2026-10-06T04:57:15.2906633Z,2026-10-06T04:57:15.2907653Z,2026-10-06T04:57:15.797Z
991,136.9,136.9,0,647,510.1,nested edge,3 compose-governed-model-invocation-port,,cell:mechanic:request-capability-from-objective-v3.operation.3:expression.fields.payload.fields.attemptPlan.fields.payload.bindings.systemMessage.where:dependency:result,,admitted,,,2026-10-06T04:57:15.2908854Z,2026-10-06T04:57:15.2909143Z,2026-10-06T04:57:15.801Z
992,137,137.1,0.1,651,513.8,expression,3 compose-governed-model-invocation-port,,cell:mechanic:request-capability-from-objective-v3.operation.3:expression.fields.payload.fields.attemptPlan.fields.payload.bindings.systemMessage.where,mechanic,completed,FALSE,sda-semantic-value-graph-provider.v1,2026-10-06T04:57:15.2910471Z,2026-10-06T04:57:15.2911633Z,2026-10-06T04:57:15.805Z
993,137.3,137.4,0,660,522.6,nested edge,3 compose-governed-model-invocation-port,,cell:mechanic:request-capability-from-objective-v3.operation.3:expression.fields.payload.fields.attemptPlan.fields.payload.bindings.systemMessage:dependency:result,,admitted,,,2026-10-06T04:57:15.2913456Z,2026-10-06T04:57:15.2913787Z,2026-10-06T04:57:15.814Z
994,137.5,137.7,0.2,666,528.3,expression,3 compose-governed-model-invocation-port,,cell:mechanic:request-capability-from-objective-v3.operation.3:expression.fields.payload.fields.attemptPlan.fields.payload.bindings.systemMessage,mechanic,completed,CONTINUE,sda-semantic-value-graph-provider.v1,2026-10-06T04:57:15.2915092Z,2026-10-06T04:57:15.2917494Z,2026-10-06T04:57:15.820Z
995,137.9,138,0,669,531,nested edge,3 compose-governed-model-invocation-port,,cell:mechanic:request-capability-from-objective-v3.operation.3:expression.fields.payload.fields.attemptPlan.fields.payload.bindings.systemMessage:recur,,admitted,,,2026-10-06T04:57:15.2919570Z,2026-10-06T04:57:15.2919973Z,2026-10-06T04:57:15.823Z
996,138.1,138.3,0.1,672,533.7,expression,3 compose-governed-model-invocation-port,,cell:mechanic:request-capability-from-objective-v3.operation.3:expression.fields.payload.fields.attemptPlan.fields.payload.bindings.systemMessage,mechanic,completed,CONTINUE,sda-semantic-value-graph-provider.v1,2026-10-06T04:57:15.2921545Z,2026-10-06T04:57:15.2922955Z,2026-10-06T04:57:15.826Z
997,138.4,138.5,0,678,539.5,nested edge,3 compose-governed-model-invocation-port,,cell:mechanic:request-capability-from-objective-v3.operation.3:expression.fields.payload.fields.attemptPlan.fields.payload.bindings.systemMessage:recur,,admitted,,,2026-10-06T04:57:15.2924736Z,2026-10-06T04:57:15.2925221Z,2026-10-06T04:57:15.832Z
998,138.6,139.1,0.5,689,549.9,expression,3 compose-governed-model-invocation-port,,cell:mechanic:request-capability-from-objective-v3.operation.3:expression.fields.payload.fields.attemptPlan.fields.payload.bindings.systemMessage,mechanic,completed,STOP,sda-semantic-value-graph-provider.v1,2026-10-06T04:57:15.2926527Z,2026-10-06T04:57:15.2931396Z,2026-10-06T04:57:15.843Z
999,139.3,139.4,0.1,692,552.6,nested edge,3 compose-governed-model-invocation-port,,cell:mechanic:request-capability-from-objective-v3.operation.3:expression.fields.payload.fields.attemptPlan.fields.payload:dependency:1,,admitted,,,2026-10-06T04:57:15.2933542Z,2026-10-06T04:57:15.2934064Z,2026-10-06T04:57:15.846Z
1000,139.5,139.6,0.1,697,557.3,expression,3 compose-governed-model-invocation-port,,cell:mechanic:request-capability-from-objective-v3.operation.3:expression.fields.payload.fields.attemptPlan.fields.payload.value.fields.requestId,mechanic,completed,VALUE,sda-semantic-value-graph-provider.v1,2026-10-06T04:57:15.2935401Z,2026-10-06T04:57:15.2936537Z,2026-10-06T04:57:15.851Z
1001,139.8,139.8,0,703,563.2,nested edge,3 compose-governed-model-invocation-port,,cell:mechanic:request-capability-from-objective-v3.operation.3:expression.fields.payload.fields.attemptPlan.fields.payload.value:dependency:1,,admitted,,,2026-10-06T04:57:15.2938109Z,2026-10-06T04:57:15.2938300Z,2026-10-06T04:57:15.857Z
1002,139.9,140.1,0.1,706,565.9,expression,3 compose-governed-model-invocation-port,,cell:mechanic:request-capability-from-objective-v3.operation.3:expression.fields.payload.fields.attemptPlan.fields.payload.value.fields.invocationIdentity,mechanic,completed,VALUE,sda-semantic-value-graph-provider.v1,2026-10-06T04:57:15.2939391Z,2026-10-06T04:57:15.2940783Z,2026-10-06T04:57:15.860Z
1003,140.2,140.3,0,709,568.7,nested edge,3 compose-governed-model-invocation-port,,cell:mechanic:request-capability-from-objective-v3.operation.3:expression.fields.payload.fields.attemptPlan.fields.payload.value:dependency:2,,admitted,,,2026-10-06T04:57:15.2942546Z,2026-10-06T04:57:15.2942889Z,2026-10-06T04:57:15.863Z
1004,140.4,140.5,0.1,713,572.5,expression,3 compose-governed-model-invocation-port,,cell:mechanic:request-capability-from-objective-v3.operation.3:expression.fields.payload.fields.attemptPlan.fields.payload.value.fields.providerAuthorityId,mechanic,completed,VALUE,sda-semantic-value-graph-provider.v1,2026-10-06T04:57:15.2944257Z,2026-10-06T04:57:15.2945370Z,2026-10-06T04:57:15.867Z
1005,140.7,140.7,0,719,578.3,nested edge,3 compose-governed-model-invocation-port,,cell:mechanic:request-capability-from-objective-v3.operation.3:expression.fields.payload.fields.attemptPlan.fields.payload.value:dependency:3,,admitted,,,2026-10-06T04:57:15.2947151Z,2026-10-06T04:57:15.2947482Z,2026-10-06T04:57:15.873Z
1006,140.9,141,0.1,722,581,expression,3 compose-governed-model-invocation-port,,cell:mechanic:request-capability-from-objective-v3.operation.3:expression.fields.payload.fields.attemptPlan.fields.payload.value.fields.providerKind,mechanic,completed,VALUE,sda-semantic-value-graph-provider.v1,2026-10-06T04:57:15.2948835Z,2026-10-06T04:57:15.2949916Z,2026-10-06T04:57:15.876Z
1007,141.2,141.2,0,726,584.8,nested edge,3 compose-governed-model-invocation-port,,cell:mechanic:request-capability-from-objective-v3.operation.3:expression.fields.payload.fields.attemptPlan.fields.payload.value:dependency:4,,admitted,,,2026-10-06T04:57:15.2952028Z,2026-10-06T04:57:15.2952397Z,2026-10-06T04:57:15.880Z
1008,141.4,141.5,0.1,733,591.5,expression,3 compose-governed-model-invocation-port,,cell:mechanic:request-capability-from-objective-v3.operation.3:expression.fields.payload.fields.attemptPlan.fields.payload.value.fields.resolvedModel,mechanic,completed,VALUE,sda-semantic-value-graph-provider.v1,2026-10-06T04:57:15.2953775Z,2026-10-06T04:57:15.2954872Z,2026-10-06T04:57:15.887Z
1009,142,142.1,0,736,593.9,nested edge,3 compose-governed-model-invocation-port,,cell:mechanic:request-capability-from-objective-v3.operation.3:expression.fields.payload.fields.attemptPlan.fields.payload.value:dependency:5,,admitted,,,2026-10-06T04:57:15.2960646Z,2026-10-06T04:57:15.2961043Z,2026-10-06T04:57:15.890Z
1010,142.2,142.3,0.1,738,595.7,expression,3 compose-governed-model-invocation-port,,cell:mechanic:request-capability-from-objective-v3.operation.3:expression.fields.payload.fields.attemptPlan.fields.payload.value.fields.adapterIdentity,mechanic,completed,VALUE,sda-semantic-value-graph-provider.v1,2026-10-06T04:57:15.2962337Z,2026-10-06T04:57:15.2963310Z,2026-10-06T04:57:15.892Z
1011,142.5,142.5,0,747,604.5,nested edge,3 compose-governed-model-invocation-port,,cell:mechanic:request-capability-from-objective-v3.operation.3:expression.fields.payload.fields.attemptPlan.fields.payload.value:dependency:6,,admitted,,,2026-10-06T04:57:15.2964835Z,2026-10-06T04:57:15.2965043Z,2026-10-06T04:57:15.901Z
1012,142.6,142.7,0.1,750,607.3,expression,3 compose-governed-model-invocation-port,,cell:mechanic:request-capability-from-objective-v3.operation.3:expression.fields.payload.fields.attemptPlan.fields.payload.value.fields.protocolProjectionIdentity,mechanic,completed,VALUE,sda-semantic-value-graph-provider.v1,2026-10-06T04:57:15.2966155Z,2026-10-06T04:57:15.2967015Z,2026-10-06T04:57:15.904Z
1013,142.9,142.9,0,756,613.1,nested edge,3 compose-governed-model-invocation-port,,cell:mechanic:request-capability-from-objective-v3.operation.3:expression.fields.payload.fields.attemptPlan.fields.payload.value:dependency:7,,admitted,,,2026-10-06T04:57:15.2968954Z,2026-10-06T04:57:15.2969232Z,2026-10-06T04:57:15.910Z
1014,143,143.1,0.1,759,615.9,expression,3 compose-governed-model-invocation-port,,cell:mechanic:request-capability-from-objective-v3.operation.3:expression.fields.payload.fields.attemptPlan.fields.payload.value.fields.protocolProjectionRequest.fields.contractId,mechanic,completed,VALUE,sda-semantic-value-graph-provider.v1,2026-10-06T04:57:15.2970393Z,2026-10-06T04:57:15.2971351Z,2026-10-06T04:57:15.913Z
1015,143.3,143.3,0,763,619.7,nested edge,3 compose-governed-model-invocation-port,,cell:mechanic:request-capability-from-objective-v3.operation.3:expression.fields.payload.fields.attemptPlan.fields.payload.value.fields.protocolProjectionRequest:dependency:1,,admitted,,,2026-10-06T04:57:15.2972902Z,2026-10-06T04:57:15.2973106Z,2026-10-06T04:57:15.917Z
1016,143.4,143.5,0.1,769,625.5,expression,3 compose-governed-model-invocation-port,,cell:mechanic:request-capability-from-objective-v3.operation.3:expression.fields.payload.fields.attemptPlan.fields.payload.value.fields.protocolProjectionRequest.fields.payload.fields.adapterIdentity,mechanic,completed,VALUE,sda-semantic-value-graph-provider.v1,2026-10-06T04:57:15.2974178Z,2026-10-06T04:57:15.2974828Z,2026-10-06T04:57:15.923Z
1017,143.6,143.6,0,772,628.4,nested edge,3 compose-governed-model-invocation-port,,cell:mechanic:request-capability-from-objective-v3.operation.3:expression.fields.payload.fields.attemptPlan.fields.payload.value.fields.protocolProjectionRequest.fields.payload:dependency:1,,admitted,,,2026-10-06T04:57:15.2976101Z,2026-10-06T04:57:15.2976278Z,2026-10-06T04:57:15.926Z
1018,143.7,143.8,0.1,776,632.2,expression,3 compose-governed-model-invocation-port,,cell:mechanic:request-capability-from-objective-v3.operation.3:expression.fields.payload.fields.attemptPlan.fields.payload.value.fields.protocolProjectionRequest.fields.payload.fields.context.fields.maxTokens,mechanic,completed,VALUE,sda-semantic-value-graph-provider.v1,2026-10-06T04:57:15.2977315Z,2026-10-06T04:57:15.2977977Z,2026-10-06T04:57:15.930Z
1019,143.9,144.1,0.2,787,642.9,nested edge,3 compose-governed-model-invocation-port,,cell:mechanic:request-capability-from-objective-v3.operation.3:expression.fields.payload.fields.attemptPlan.fields.payload.value.fields.protocolProjectionRequest.fields.payload.fields.context:dependency:1,,admitted,,,2026-10-06T04:57:15.2979269Z,2026-10-06T04:57:15.2981012Z,2026-10-06T04:57:15.941Z
1020,144.2,144.4,0.1,796,651.6,expression,3 compose-governed-model-invocation-port,,cell:mechanic:request-capability-from-objective-v3.operation.3:expression.fields.payload.fields.attemptPlan.fields.payload.value.fields.protocolProjectionRequest.fields.payload.fields.context.fields.messages.from,mechanic,completed,VALUE,sda-semantic-value-graph-provider.v1,2026-10-06T04:57:15.2982507Z,2026-10-06T04:57:15.2983901Z,2026-10-06T04:57:15.950Z
1021,144.6,144.6,0.1,799,654.3,nested edge,3 compose-governed-model-invocation-port,,cell:mechanic:request-capability-from-objective-v3.operation.3:expression.fields.payload.fields.attemptPlan.fields.payload.value.fields.protocolProjectionRequest.fields.payload.fields.context.fields.messages:dependency:1,,admitted,,,2026-10-06T04:57:15.2985996Z,2026-10-06T04:57:15.2986651Z,2026-10-06T04:57:15.953Z
1022,144.8,144.9,0.1,802,657,expression,3 compose-governed-model-invocation-port,,cell:mechanic:request-capability-from-objective-v3.operation.3:expression.fields.payload.fields.attemptPlan.fields.payload.value.fields.protocolProjectionRequest.fields.payload.fields.context.fields.messages.value.when.left,mechanic,completed,VALUE,sda-semantic-value-graph-provider.v1,2026-10-06T04:57:15.2988189Z,2026-10-06T04:57:15.2989554Z,2026-10-06T04:57:15.956Z
1023,145.1,145.2,0,807,661.8,nested edge,3 compose-governed-model-invocation-port,,cell:mechanic:request-capability-from-objective-v3.operation.3:expression.fields.payload.fields.attemptPlan.fields.payload.value.fields.protocolProjectionRequest.fields.payload.fields.context.fields.messages.value.when:dependency:1,,admitted,,,2026-10-06T04:57:15.2991548Z,2026-10-06T04:57:15.2991810Z,2026-10-06T04:57:15.961Z
1024,145.3,145.4,0.1,813,667.6,expression,3 compose-governed-model-invocation-port,,cell:mechanic:request-capability-from-objective-v3.operation.3:expression.fields.payload.fields.attemptPlan.fields.payload.value.fields.protocolProjectionRequest.fields.payload.fields.context.fields.messages.value.when.right,mechanic,completed,VALUE,sda-semantic-value-graph-provider.v1,2026-10-06T04:57:15.2993358Z,2026-10-06T04:57:15.2994487Z,2026-10-06T04:57:15.967Z
1025,145.7,145.7,0,817,671.2,nested edge,3 compose-governed-model-invocation-port,,cell:mechanic:request-capability-from-objective-v3.operation.3:expression.fields.payload.fields.attemptPlan.fields.payload.value.fields.protocolProjectionRequest.fields.payload.fields.context.fields.messages.value.when:dependency:result,,admitted,,,2026-10-06T04:57:15.2997215Z,2026-10-06T04:57:15.2997505Z,2026-10-06T04:57:15.971Z
1026,145.9,146,0.1,822,676,expression,3 compose-governed-model-invocation-port,,cell:mechanic:request-capability-from-objective-v3.operation.3:expression.fields.payload.fields.attemptPlan.fields.payload.value.fields.protocolProjectionRequest.fields.payload.fields.context.fields.messages.value.when,mechanic,completed,FALSE,sda-semantic-value-graph-provider.v1,2026-10-06T04:57:15.2998764Z,2026-10-06T04:57:15.2999768Z,2026-10-06T04:57:15.976Z
1027,147.3,147.3,0,831,683.7,nested edge,3 compose-governed-model-invocation-port,,cell:mechanic:request-capability-from-objective-v3.operation.3:expression.fields.payload.fields.attemptPlan.fields.payload.value.fields.protocolProjectionRequest.fields.payload.fields.context.fields.messages.value:selection:predicate,,admitted,,,2026-10-06T04:57:15.3012989Z,2026-10-06T04:57:15.3013363Z,2026-10-06T04:57:15.985Z
1028,147.5,147.5,0.1,836,688.4,expression,3 compose-governed-model-invocation-port,,cell:mechanic:request-capability-from-objective-v3.operation.3:expression.fields.payload.fields.attemptPlan.fields.payload.value.fields.protocolProjectionRequest.fields.payload.fields.context.fields.messages.value:selection,mechanic,completed,FALSE,,2026-10-06T04:57:15.3014887Z,2026-10-06T04:57:15.3015601Z,2026-10-06T04:57:15.990Z
1029,147.7,147.7,0,839,691.2,nested edge,3 compose-governed-model-invocation-port,,cell:mechanic:request-capability-from-objective-v3.operation.3:expression.fields.payload.fields.attemptPlan.fields.payload.value.fields.protocolProjectionRequest.fields.payload.fields.context.fields.messages.value:selection:false,,admitted,,,2026-10-06T04:57:15.3017402Z,2026-10-06T04:57:15.3017717Z,2026-10-06T04:57:15.993Z
1030,147.9,148,0.1,846,698,expression,3 compose-governed-model-invocation-port,,cell:mechanic:request-capability-from-objective-v3.operation.3:expression.fields.payload.fields.attemptPlan.fields.payload.value.fields.protocolProjectionRequest.fields.payload.fields.context.fields.messages.value.else.items.0.fields.parts.items.0.fields.text,mechanic,completed,VALUE,sda-semantic-value-graph-provider.v1,2026-10-06T04:57:15.3019338Z,2026-10-06T04:57:15.3020389Z,2026-10-06T04:57:16.000Z
1031,148.2,148.2,0,849,700.8,nested edge,3 compose-governed-model-invocation-port,,cell:mechanic:request-capability-from-objective-v3.operation.3:expression.fields.payload.fields.attemptPlan.fields.payload.value.fields.protocolProjectionRequest.fields.payload.fields.context.fields.messages.value.else.items.0.fields.parts.items.0:dependency:result,,admitted,,,2026-10-06T04:57:15.3022251Z,2026-10-06T04:57:15.3022494Z,2026-10-06T04:57:16.003Z
1032,148.4,148.5,0.1,851,702.5,expression,3 compose-governed-model-invocation-port,,cell:mechanic:request-capability-from-objective-v3.operation.3:expression.fields.payload.fields.attemptPlan.fields.payload.value.fields.protocolProjectionRequest.fields.payload.fields.context.fields.messages.value.else.items.0.fields.parts.items.0,mechanic,completed,VALUE,sda-semantic-value-graph-provider.v1,2026-10-06T04:57:15.3024063Z,2026-10-06T04:57:15.3025430Z,2026-10-06T04:57:16.005Z
1033,148.7,148.7,0,855,706.2,nested edge,3 compose-governed-model-invocation-port,,cell:mechanic:request-capability-from-objective-v3.operation.3:expression.fields.payload.fields.attemptPlan.fields.payload.value.fields.protocolProjectionRequest.fields.payload.fields.context.fields.messages.value.else.items.0.fields.parts:dependency:result,,admitted,,,2026-10-06T04:57:15.3027330Z,2026-10-06T04:57:15.3027721Z,2026-10-06T04:57:16.009Z
1034,148.9,149,0.1,862,712.9,expression,3 compose-governed-model-invocation-port,,cell:mechanic:request-capability-from-objective-v3.operation.3:expression.fields.payload.fields.attemptPlan.fields.payload.value.fields.protocolProjectionRequest.fields.payload.fields.context.fields.messages.value.else.items.0.fields.parts,mechanic,completed,VALUE,sda-semantic-value-graph-provider.v1,2026-10-06T04:57:15.3029235Z,2026-10-06T04:57:15.3030568Z,2026-10-06T04:57:16.016Z
1035,149.2,149.3,0,867,717.7,nested edge,3 compose-governed-model-invocation-port,,cell:mechanic:request-capability-from-objective-v3.operation.3:expression.fields.payload.fields.attemptPlan.fields.payload.value.fields.protocolProjectionRequest.fields.payload.fields.context.fields.messages.value.else.items.0:dependency:1,,admitted,,,2026-10-06T04:57:15.3032535Z,2026-10-06T04:57:15.3033021Z,2026-10-06T04:57:16.021Z
1036,149.4,149.5,0.1,874,724.4,expression,3 compose-governed-model-invocation-port,,cell:mechanic:request-capability-from-objective-v3.operation.3:expression.fields.payload.fields.attemptPlan.fields.payload.value.fields.protocolProjectionRequest.fields.payload.fields.context.fields.messages.value.else.items.0.fields.role.when.left,mechanic,completed,VALUE,sda-semantic-value-graph-provider.v1,2026-10-06T04:57:15.3034614Z,2026-10-06T04:57:15.3035724Z,2026-10-06T04:57:16.028Z
1037,149.7,149.8,0,883,733.2,nested edge,3 compose-governed-model-invocation-port,,cell:mechanic:request-capability-from-objective-v3.operation.3:expression.fields.payload.fields.attemptPlan.fields.payload.value.fields.protocolProjectionRequest.fields.payload.fields.context.fields.messages.value.else.items.0.fields.role.when:dependency:1,,admitted,,,2026-10-06T04:57:15.3037616Z,2026-10-06T04:57:15.3037852Z,2026-10-06T04:57:16.037Z
1038,149.9,150,0.1,887,736.9,expression,3 compose-governed-model-invocation-port,,cell:mechanic:request-capability-from-objective-v3.operation.3:expression.fields.payload.fields.attemptPlan.fields.payload.value.fields.protocolProjectionRequest.fields.payload.fields.context.fields.messages.value.else.items.0.fields.role.when.right,mechanic,completed,VALUE,sda-semantic-value-graph-provider.v1,2026-10-06T04:57:15.3039381Z,2026-10-06T04:57:15.3040570Z,2026-10-06T04:57:16.041Z
1039,150.2,150.3,0,892,741.7,nested edge,3 compose-governed-model-invocation-port,,cell:mechanic:request-capability-from-objective-v3.operation.3:expression.fields.payload.fields.attemptPlan.fields.payload.value.fields.protocolProjectionRequest.fields.payload.fields.context.fields.messages.value.else.items.0.fields.role.when:dependency:result,,admitted,,,2026-10-06T04:57:15.3042617Z,2026-10-06T04:57:15.3042981Z,2026-10-06T04:57:16.046Z
1040,150.4,150.5,0.1,898,747.4,expression,3 compose-governed-model-invocation-port,,cell:mechanic:request-capability-from-objective-v3.operation.3:expression.fields.payload.fields.attemptPlan.fields.payload.value.fields.protocolProjectionRequest.fields.payload.fields.context.fields.messages.value.else.items.0.fields.role.when,mechanic,completed,FALSE,sda-semantic-value-graph-provider.v1,2026-10-06T04:57:15.3044530Z,2026-10-06T04:57:15.3045664Z,2026-10-06T04:57:16.052Z
1041,150.7,150.8,0,903,752.2,nested edge,3 compose-governed-model-invocation-port,,cell:mechanic:request-capability-from-objective-v3.operation.3:expression.fields.payload.fields.attemptPlan.fields.payload.value.fields.protocolProjectionRequest.fields.payload.fields.context.fields.messages.value.else.items.0.fields.role:selection:predicate,,admitted,,,2026-10-06T04:57:15.3047506Z,2026-10-06T04:57:15.3047835Z,2026-10-06T04:57:16.057Z
1042,151.7,151.7,0.1,908,756.3,expression,3 compose-governed-model-invocation-port,,cell:mechanic:request-capability-from-objective-v3.operation.3:expression.fields.payload.fields.attemptPlan.fields.payload.value.fields.protocolProjectionRequest.fields.payload.fields.context.fields.messages.value.else.items.0.fields.role:selection,mechanic,completed,FALSE,,2026-10-06T04:57:15.3056796Z,2026-10-06T04:57:15.3057476Z,2026-10-06T04:57:16.062Z
1043,151.9,151.9,0,915,763,nested edge,3 compose-governed-model-invocation-port,,cell:mechanic:request-capability-from-objective-v3.operation.3:expression.fields.payload.fields.attemptPlan.fields.payload.value.fields.protocolProjectionRequest.fields.payload.fields.context.fields.messages.value.else.items.0.fields.role:selection:false,,admitted,,,2026-10-06T04:57:15.3059474Z,2026-10-06T04:57:15.3059707Z,2026-10-06T04:57:16.069Z
1044,152.1,152.8,0.6,920,767.2,expression,3 compose-governed-model-invocation-port,,cell:mechanic:request-capability-from-objective-v3.operation.3:expression.fields.payload.fields.attemptPlan.fields.payload.value.fields.protocolProjectionRequest.fields.payload.fields.context.fields.messages.value.else.items.0.fields.role.else,mechanic,completed,VALUE,sda-semantic-value-graph-provider.v1,2026-10-06T04:57:15.3061274Z,2026-10-06T04:57:15.3067762Z,2026-10-06T04:57:16.074Z
1045,152.9,152.9,0,923,770,nested edge,3 compose-governed-model-invocation-port,,cell:mechanic:request-capability-from-objective-v3.operation.3:expression.fields.payload.fields.attemptPlan.fields.payload.value.fields.protocolProjectionRequest.fields.payload.fields.context.fields.messages.value.else.items.0.fields.role:else-result,,admitted,,,2026-10-06T04:57:15.3069464Z,2026-10-06T04:57:15.3069687Z,2026-10-06T04:57:16.077Z
1046,153.1,153.1,0.1,926,772.8,expression,3 compose-governed-model-invocation-port,,cell:mechanic:request-capability-from-objective-v3.operation.3:expression.fields.payload.fields.attemptPlan.fields.payload.value.fields.protocolProjectionRequest.fields.payload.fields.context.fields.messages.value.else.items.0.fields.role,mechanic,completed,VALUE,sda-semantic-value-graph-provider.v1,2026-10-06T04:57:15.3070978Z,2026-10-06T04:57:15.3071733Z,2026-10-06T04:57:16.080Z
1047,153.3,153.3,0,929,775.6,nested edge,3 compose-governed-model-invocation-port,,cell:mechanic:request-capability-from-objective-v3.operation.3:expression.fields.payload.fields.attemptPlan.fields.payload.value.fields.protocolProjectionRequest.fields.payload.fields.context.fields.messages.value.else.items.0:dependency:result,,admitted,,,2026-10-06T04:57:15.3073315Z,2026-10-06T04:57:15.3073513Z,2026-10-06T04:57:16.083Z
1048,153.5,153.7,0.3,933,779.3,expression,3 compose-governed-model-invocation-port,,cell:mechanic:request-capability-from-objective-v3.operation.3:expression.fields.payload.fields.attemptPlan.fields.payload.value.fields.protocolProjectionRequest.fields.payload.fields.context.fields.messages.value.else.items.0,mechanic,completed,VALUE,sda-semantic-value-graph-provider.v1,2026-10-06T04:57:15.3074801Z,2026-10-06T04:57:15.3077349Z,2026-10-06T04:57:16.087Z
1049,154.1,154.2,0.1,956,801.8,nested edge,3 compose-governed-model-invocation-port,,cell:mechanic:request-capability-from-objective-v3.operation.3:expression.fields.payload.fields.attemptPlan.fields.payload.value.fields.protocolProjectionRequest.fields.payload.fields.context.fields.messages.value.else:dependency:result,,admitted,,,2026-10-06T04:57:15.3081474Z,2026-10-06T04:57:15.3082409Z,2026-10-06T04:57:16.110Z
1050,154.5,154.7,0.2,959,804.3,expression,3 compose-governed-model-invocation-port,,cell:mechanic:request-capability-from-objective-v3.operation.3:expression.fields.payload.fields.attemptPlan.fields.payload.value.fields.protocolProjectionRequest.fields.payload.fields.context.fields.messages.value.else,mechanic,completed,VALUE,sda-semantic-value-graph-provider.v1,2026-10-06T04:57:15.3085551Z,2026-10-06T04:57:15.3087070Z,2026-10-06T04:57:16.113Z
1051,154.9,154.9,0,962,807,nested edge,3 compose-governed-model-invocation-port,,cell:mechanic:request-capability-from-objective-v3.operation.3:expression.fields.payload.fields.attemptPlan.fields.payload.value.fields.protocolProjectionRequest.fields.payload.fields.context.fields.messages.value:else-result,,admitted,,,2026-10-06T04:57:15.3089238Z,2026-10-06T04:57:15.3089679Z,2026-10-06T04:57:16.116Z
1052,155.1,155.2,0.1,969,813.8,expression,3 compose-governed-model-invocation-port,,cell:mechanic:request-capability-from-objective-v3.operation.3:expression.fields.payload.fields.attemptPlan.fields.payload.value.fields.protocolProjectionRequest.fields.payload.fields.context.fields.messages.value,mechanic,completed,VALUE,sda-semantic-value-graph-provider.v1,2026-10-06T04:57:15.3090981Z,2026-10-06T04:57:15.3092138Z,2026-10-06T04:57:16.123Z
1053,155.4,155.5,0.1,973,817.5,nested edge,3 compose-governed-model-invocation-port,,cell:mechanic:request-capability-from-objective-v3.operation.3:expression.fields.payload.fields.attemptPlan.fields.payload.value.fields.protocolProjectionRequest.fields.payload.fields.context.fields.messages:dependency:result,,admitted,,,2026-10-06T04:57:15.3094150Z,2026-10-06T04:57:15.3094759Z,2026-10-06T04:57:16.127Z
1054,156,156.8,0.9,980,823.1,expression,3 compose-governed-model-invocation-port,,cell:mechanic:request-capability-from-objective-v3.operation.3:expression.fields.payload.fields.attemptPlan.fields.payload.value.fields.protocolProjectionRequest.fields.payload.fields.context.fields.messages,mechanic,completed,CONTINUE,sda-semantic-value-graph-provider.v1,2026-10-06T04:57:15.3100023Z,2026-10-06T04:57:15.3108726Z,2026-10-06T04:57:16.134Z
1055,157.1,157.1,0.1,1003,845.9,nested edge,3 compose-governed-model-invocation-port,,cell:mechanic:request-capability-from-objective-v3.operation.3:expression.fields.payload.fields.attemptPlan.fields.payload.value.fields.protocolProjectionRequest.fields.payload.fields.context.fields.messages:recur,,admitted,,,2026-10-06T04:57:15.3110807Z,2026-10-06T04:57:15.3111432Z,2026-10-06T04:57:16.157Z
1056,157.7,157.8,0.2,1005,847.1,expression,3 compose-governed-model-invocation-port,,cell:mechanic:request-capability-from-objective-v3.operation.3:expression.fields.payload.fields.attemptPlan.fields.payload.value.fields.protocolProjectionRequest.fields.payload.fields.context.fields.messages,mechanic,completed,CONTINUE,sda-semantic-value-graph-provider.v1,2026-10-06T04:57:15.3116822Z,2026-10-06T04:57:15.3118625Z,2026-10-06T04:57:16.159Z
1057,158,158,0.1,1009,850.9,nested edge,3 compose-governed-model-invocation-port,,cell:mechanic:request-capability-from-objective-v3.operation.3:expression.fields.payload.fields.attemptPlan.fields.payload.value.fields.protocolProjectionRequest.fields.payload.fields.context.fields.messages:recur,,admitted,,,2026-10-06T04:57:15.3120059Z,2026-10-06T04:57:15.3120619Z,2026-10-06T04:57:16.163Z
1058,158.2,158.8,0.6,1013,854.1,expression,3 compose-governed-model-invocation-port,,cell:mechanic:request-capability-from-objective-v3.operation.3:expression.fields.payload.fields.attemptPlan.fields.payload.value.fields.protocolProjectionRequest.fields.payload.fields.context.fields.messages,mechanic,completed,STOP,sda-semantic-value-graph-provider.v1,2026-10-06T04:57:15.3122179Z,2026-10-06T04:57:15.3128548Z,2026-10-06T04:57:16.167Z
1059,159.8,159.9,0.1,1019,859.1,nested edge,3 compose-governed-model-invocation-port,,cell:mechanic:request-capability-from-objective-v3.operation.3:expression.fields.payload.fields.attemptPlan.fields.payload.value.fields.protocolProjectionRequest.fields.payload.fields.context:dependency:2,,admitted,,,2026-10-06T04:57:15.3138386Z,2026-10-06T04:57:15.3138984Z,2026-10-06T04:57:16.173Z
1060,160,160.2,0.2,1022,861.8,expression,3 compose-governed-model-invocation-port,,cell:mechanic:request-capability-from-objective-v3.operation.3:expression.fields.payload.fields.attemptPlan.fields.payload.value.fields.protocolProjectionRequest.fields.payload.fields.context.fields.responseSchema,mechanic,completed,VALUE,sda-semantic-value-graph-provider.v1,2026-10-06T04:57:15.3140583Z,2026-10-06T04:57:15.3142192Z,2026-10-06T04:57:16.176Z
1061,160.4,160.4,0,1025,864.5,nested edge,3 compose-governed-model-invocation-port,,cell:mechanic:request-capability-from-objective-v3.operation.3:expression.fields.payload.fields.attemptPlan.fields.payload.value.fields.protocolProjectionRequest.fields.payload.fields.context:dependency:3,,admitted,,,2026-10-06T04:57:15.3144195Z,2026-10-06T04:57:15.3144625Z,2026-10-06T04:57:16.179Z
1062,160.5,160.6,0.1,1028,867.4,expression,3 compose-governed-model-invocation-port,,cell:mechanic:request-capability-from-objective-v3.operation.3:expression.fields.payload.fields.attemptPlan.fields.payload.value.fields.protocolProjectionRequest.fields.payload.fields.context.fields.systemInstruction.when.left,mechanic,completed,VALUE,sda-semantic-value-graph-provider.v1,2026-10-06T04:57:15.3145586Z,2026-10-06T04:57:15.3146367Z,2026-10-06T04:57:16.182Z
1063,160.7,160.7,0,1030,869.2,nested edge,3 compose-governed-model-invocation-port,,cell:mechanic:request-capability-from-objective-v3.operation.3:expression.fields.payload.fields.attemptPlan.fields.payload.value.fields.protocolProjectionRequest.fields.payload.fields.context.fields.systemInstruction.when:dependency:1,,admitted,,,2026-10-06T04:57:15.3147553Z,2026-10-06T04:57:15.3147672Z,2026-10-06T04:57:16.184Z
1064,160.9,161,0.1,1033,872,expression,3 compose-governed-model-invocation-port,,cell:mechanic:request-capability-from-objective-v3.operation.3:expression.fields.payload.fields.attemptPlan.fields.payload.value.fields.protocolProjectionRequest.fields.payload.fields.context.fields.systemInstruction.when.right,mechanic,completed,VALUE,sda-semantic-value-graph-provider.v1,2026-10-06T04:57:15.3149042Z,2026-10-06T04:57:15.3149962Z,2026-10-06T04:57:16.187Z
1065,161.1,161.1,0,1035,873.8,nested edge,3 compose-governed-model-invocation-port,,cell:mechanic:request-capability-from-objective-v3.operation.3:expression.fields.payload.fields.attemptPlan.fields.payload.value.fields.protocolProjectionRequest.fields.payload.fields.context.fields.systemInstruction.when:dependency:result,,admitted,,,2026-10-06T04:57:15.3151505Z,2026-10-06T04:57:15.3151710Z,2026-10-06T04:57:16.189Z
1066,161.3,161.4,0.1,1038,876.6,expression,3 compose-governed-model-invocation-port,,cell:mechanic:request-capability-from-objective-v3.operation.3:expression.fields.payload.fields.attemptPlan.fields.payload.value.fields.protocolProjectionRequest.fields.payload.fields.context.fields.systemInstruction.when,mechanic,completed,FALSE,sda-semantic-value-graph-provider.v1,2026-10-06T04:57:15.3152917Z,2026-10-06T04:57:15.3153817Z,2026-10-06T04:57:16.192Z
1067,161.5,161.6,0,1043,881.4,nested edge,3 compose-governed-model-invocation-port,,cell:mechanic:request-capability-from-objective-v3.operation.3:expression.fields.payload.fields.attemptPlan.fields.payload.value.fields.protocolProjectionRequest.fields.payload.fields.context.fields.systemInstruction:selection:predicate,,admitted,,,2026-10-06T04:57:15.3155529Z,2026-10-06T04:57:15.3155827Z,2026-10-06T04:57:16.197Z
1068,162,162.1,0.1,1046,883.9,expression,3 compose-governed-model-invocation-port,,cell:mechanic:request-capability-from-objective-v3.operation.3:expression.fields.payload.fields.attemptPlan.fields.payload.value.fields.protocolProjectionRequest.fields.payload.fields.context.fields.systemInstruction:selection,mechanic,completed,FALSE,,2026-10-06T04:57:15.3160693Z,2026-10-06T04:57:15.3161481Z,2026-10-06T04:57:16.200Z
1069,162.3,163,0.6,1049,886,nested edge,3 compose-governed-model-invocation-port,,cell:mechanic:request-capability-from-objective-v3.operation.3:expression.fields.payload.fields.attemptPlan.fields.payload.value.fields.protocolProjectionRequest.fields.payload.fields.context.fields.systemInstruction:selection:false,,admitted,,,2026-10-06T04:57:15.3163280Z,2026-10-06T04:57:15.3169744Z,2026-10-06T04:57:16.203Z
1070,163.1,163.2,0.1,1055,891.8,expression,3 compose-governed-model-invocation-port,,cell:mechanic:request-capability-from-objective-v3.operation.3:expression.fields.payload.fields.attemptPlan.fields.payload.value.fields.protocolProjectionRequest.fields.payload.fields.context.fields.systemInstruction.else,mechanic,completed,VALUE,sda-semantic-value-graph-provider.v1,2026-10-06T04:57:15.3171415Z,2026-10-06T04:57:15.3172400Z,2026-10-06T04:57:16.209Z
1071,163.5,163.5,0,1057,893.5,nested edge,3 compose-governed-model-invocation-port,,cell:mechanic:request-capability-from-objective-v3.operation.3:expression.fields.payload.fields.attemptPlan.fields.payload.value.fields.protocolProjectionRequest.fields.payload.fields.context.fields.systemInstruction:else-result,,admitted,,,2026-10-06T04:57:15.3174952Z,2026-10-06T04:57:15.3175208Z,2026-10-06T04:57:16.211Z
1072,163.6,163.8,0.1,1060,896.2,expression,3 compose-governed-model-invocation-port,,cell:mechanic:request-capability-from-objective-v3.operation.3:expression.fields.payload.fields.attemptPlan.fields.payload.value.fields.protocolProjectionRequest.fields.payload.fields.context.fields.systemInstruction,mechanic,completed,VALUE,sda-semantic-value-graph-provider.v1,2026-10-06T04:57:15.3176596Z,2026-10-06T04:57:15.3177844Z,2026-10-06T04:57:16.214Z
1073,164.1,164.1,0,1063,898.9,nested edge,3 compose-governed-model-invocation-port,,cell:mechanic:request-capability-from-objective-v3.operation.3:expression.fields.payload.fields.attemptPlan.fields.payload.value.fields.protocolProjectionRequest.fields.payload.fields.context:dependency:4,,admitted,,,2026-10-06T04:57:15.3181198Z,2026-10-06T04:57:15.3181474Z,2026-10-06T04:57:16.217Z
1074,164.3,164.4,0.1,1072,907.6,expression,3 compose-governed-model-invocation-port,,cell:mechanic:request-capability-from-objective-v3.operation.3:expression.fields.payload.fields.attemptPlan.fields.payload.value.fields.protocolProjectionRequest.fields.payload.fields.context.fields.temperature,mechanic,completed,VALUE,sda-semantic-value-graph-provider.v1,2026-10-06T04:57:15.3182944Z,2026-10-06T04:57:15.3184063Z,2026-10-06T04:57:16.226Z
1075,164.6,164.6,0,1075,910.4,nested edge,3 compose-governed-model-invocation-port,,cell:mechanic:request-capability-from-objective-v3.operation.3:expression.fields.payload.fields.attemptPlan.fields.payload.value.fields.protocolProjectionRequest.fields.payload.fields.context:dependency:result,,admitted,,,2026-10-06T04:57:15.3185940Z,2026-10-06T04:57:15.3186295Z,2026-10-06T04:57:16.229Z
1076,164.8,165,0.2,1077,912,expression,3 compose-governed-model-invocation-port,,cell:mechanic:request-capability-from-objective-v3.operation.3:expression.fields.payload.fields.attemptPlan.fields.payload.value.fields.protocolProjectionRequest.fields.payload.fields.context,mechanic,completed,VALUE,sda-semantic-value-graph-provider.v1,2026-10-06T04:57:15.3187787Z,2026-10-06T04:57:15.3190247Z,2026-10-06T04:57:16.231Z
1077,165.2,165.3,0.1,1082,916.7,nested edge,3 compose-governed-model-invocation-port,,cell:mechanic:request-capability-from-objective-v3.operation.3:expression.fields.payload.fields.attemptPlan.fields.payload.value.fields.protocolProjectionRequest.fields.payload:dependency:2,,admitted,,,2026-10-06T04:57:15.3192367Z,2026-10-06T04:57:15.3193200Z,2026-10-06T04:57:16.236Z
1078,165.4,165.6,0.2,1086,920.4,expression,3 compose-governed-model-invocation-port,,cell:mechanic:request-capability-from-objective-v3.operation.3:expression.fields.payload.fields.attemptPlan.fields.payload.value.fields.protocolProjectionRequest.fields.payload.fields.providerKind,mechanic,completed,VALUE,sda-semantic-value-graph-provider.v1,2026-10-06T04:57:15.3194662Z,2026-10-06T04:57:15.3196413Z,2026-10-06T04:57:16.240Z
1079,165.8,165.8,0,1089,923.1,nested edge,3 compose-governed-model-invocation-port,,cell:mechanic:request-capability-from-objective-v3.operation.3:expression.fields.payload.fields.attemptPlan.fields.payload.value.fields.protocolProjectionRequest.fields.payload:dependency:3,,admitted,,,2026-10-06T04:57:15.3198262Z,2026-10-06T04:57:15.3198581Z,2026-10-06T04:57:16.243Z
1080,166,166.1,0.2,1093,926.8,expression,3 compose-governed-model-invocation-port,,cell:mechanic:request-capability-from-objective-v3.operation.3:expression.fields.payload.fields.attemptPlan.fields.payload.value.fields.protocolProjectionRequest.fields.payload.fields.requestType.when.left,mechanic,completed,VALUE,sda-semantic-value-graph-provider.v1,2026-10-06T04:57:15.3200041Z,2026-10-06T04:57:15.3201603Z,2026-10-06T04:57:16.247Z
1081,166.3,166.4,0,1095,928.6,nested edge,3 compose-governed-model-invocation-port,,cell:mechanic:request-capability-from-objective-v3.operation.3:expression.fields.payload.fields.attemptPlan.fields.payload.value.fields.protocolProjectionRequest.fields.payload.fields.requestType.when:dependency:1,,admitted,,,2026-10-06T04:57:15.3203518Z,2026-10-06T04:57:15.3203846Z,2026-10-06T04:57:16.249Z
1082,166.5,166.6,0.1,1098,931.3,expression,3 compose-governed-model-invocation-port,,cell:mechanic:request-capability-from-objective-v3.operation.3:expression.fields.payload.fields.attemptPlan.fields.payload.value.fields.protocolProjectionRequest.fields.payload.fields.requestType.when.right,mechanic,completed,VALUE,sda-semantic-value-graph-provider.v1,2026-10-06T04:57:15.3205418Z,2026-10-06T04:57:15.3206560Z,2026-10-06T04:57:16.252Z
1083,167.8,167.8,0,1107,939.2,nested edge,3 compose-governed-model-invocation-port,,cell:mechanic:request-capability-from-objective-v3.operation.3:expression.fields.payload.fields.attemptPlan.fields.payload.value.fields.protocolProjectionRequest.fields.payload.fields.requestType.when:dependency:result,,admitted,,,2026-10-06T04:57:15.3217938Z,2026-10-06T04:57:15.3218219Z,2026-10-06T04:57:16.261Z
1084,168.2,168.3,0.1,1109,940.7,expression,3 compose-governed-model-invocation-port,,cell:mechanic:request-capability-from-objective-v3.operation.3:expression.fields.payload.fields.attemptPlan.fields.payload.value.fields.protocolProjectionRequest.fields.payload.fields.requestType.when,mechanic,completed,TRUE,sda-semantic-value-graph-provider.v1,2026-10-06T04:57:15.3221783Z,2026-10-06T04:57:15.3222864Z,2026-10-06T04:57:16.263Z
1085,168.5,168.5,0,1112,943.5,nested edge,3 compose-governed-model-invocation-port,,cell:mechanic:request-capability-from-objective-v3.operation.3:expression.fields.payload.fields.attemptPlan.fields.payload.value.fields.protocolProjectionRequest.fields.payload.fields.requestType:selection:predicate,,admitted,,,2026-10-06T04:57:15.3224839Z,2026-10-06T04:57:15.3225103Z,2026-10-06T04:57:16.266Z
1086,168.6,168.7,0.1,1114,945.3,expression,3 compose-governed-model-invocation-port,,cell:mechanic:request-capability-from-objective-v3.operation.3:expression.fields.payload.fields.attemptPlan.fields.payload.value.fields.protocolProjectionRequest.fields.payload.fields.requestType:selection,mechanic,completed,TRUE,,2026-10-06T04:57:15.3226449Z,2026-10-06T04:57:15.3227065Z,2026-10-06T04:57:16.268Z
1087,168.8,168.8,0,1119,950.1,nested edge,3 compose-governed-model-invocation-port,,cell:mechanic:request-capability-from-objective-v3.operation.3:expression.fields.payload.fields.attemptPlan.fields.payload.value.fields.protocolProjectionRequest.fields.payload.fields.requestType:selection:true,,admitted,,,2026-10-06T04:57:15.3228525Z,2026-10-06T04:57:15.3228711Z,2026-10-06T04:57:16.273Z
1088,169,169.1,0.1,1122,952.9,expression,3 compose-governed-model-invocation-port,,cell:mechanic:request-capability-from-objective-v3.operation.3:expression.fields.payload.fields.attemptPlan.fields.payload.value.fields.protocolProjectionRequest.fields.payload.fields.requestType.then,mechanic,completed,VALUE,sda-semantic-value-graph-provider.v1,2026-10-06T04:57:15.3229892Z,2026-10-06T04:57:15.3230764Z,2026-10-06T04:57:16.276Z
1089,169.2,169.2,0,1129,959.8,nested edge,3 compose-governed-model-invocation-port,,cell:mechanic:request-capability-from-objective-v3.operation.3:expression.fields.payload.fields.attemptPlan.fields.payload.value.fields.protocolProjectionRequest.fields.payload.fields.requestType:then-result,,admitted,,,2026-10-06T04:57:15.3232284Z,2026-10-06T04:57:15.3232487Z,2026-10-06T04:57:16.283Z
1090,169.3,169.4,0.1,1131,961.6,expression,3 compose-governed-model-invocation-port,,cell:mechanic:request-capability-from-objective-v3.operation.3:expression.fields.payload.fields.attemptPlan.fields.payload.value.fields.protocolProjectionRequest.fields.payload.fields.requestType,mechanic,completed,VALUE,sda-semantic-value-graph-provider.v1,2026-10-06T04:57:15.3233662Z,2026-10-06T04:57:15.3234414Z,2026-10-06T04:57:16.285Z
1091,169.5,169.5,0,1134,964.4,nested edge,3 compose-governed-model-invocation-port,,cell:mechanic:request-capability-from-objective-v3.operation.3:expression.fields.payload.fields.attemptPlan.fields.payload.value.fields.protocolProjectionRequest.fields.payload:dependency:result,,admitted,,,2026-10-06T04:57:15.3235530Z,2026-10-06T04:57:15.3235668Z,2026-10-06T04:57:16.288Z
1092,169.6,169.8,0.2,1137,967.2,expression,3 compose-governed-model-invocation-port,,cell:mechanic:request-capability-from-objective-v3.operation.3:expression.fields.payload.fields.attemptPlan.fields.payload.value.fields.protocolProjectionRequest.fields.payload,mechanic,completed,VALUE,sda-semantic-value-graph-provider.v1,2026-10-06T04:57:15.3236723Z,2026-10-06T04:57:15.3238272Z,2026-10-06T04:57:16.291Z
1093,169.9,170,0.1,1140,970,nested edge,3 compose-governed-model-invocation-port,,cell:mechanic:request-capability-from-objective-v3.operation.3:expression.fields.payload.fields.attemptPlan.fields.payload.value.fields.protocolProjectionRequest:dependency:result,,admitted,,,2026-10-06T04:57:15.3239566Z,2026-10-06T04:57:15.3240115Z,2026-10-06T04:57:16.294Z
1094,170.1,170.2,0.2,1143,972.7,expression,3 compose-governed-model-invocation-port,,cell:mechanic:request-capability-from-objective-v3.operation.3:expression.fields.payload.fields.attemptPlan.fields.payload.value.fields.protocolProjectionRequest,mechanic,completed,VALUE,sda-semantic-value-graph-provider.v1,2026-10-06T04:57:15.3240977Z,2026-10-06T04:57:15.3242731Z,2026-10-06T04:57:16.297Z
1095,170.4,170.4,0.1,1145,974.5,nested edge,3 compose-governed-model-invocation-port,,cell:mechanic:request-capability-from-objective-v3.operation.3:expression.fields.payload.fields.attemptPlan.fields.payload.value:dependency:8,,admitted,,,2026-10-06T04:57:15.3244192Z,2026-10-06T04:57:15.3244696Z,2026-10-06T04:57:16.299Z
1096,170.5,170.6,0.1,1149,978.4,expression,3 compose-governed-model-invocation-port,,cell:mechanic:request-capability-from-objective-v3.operation.3:expression.fields.payload.fields.attemptPlan.fields.payload.value.fields.credentialReference,mechanic,completed,VALUE,sda-semantic-value-graph-provider.v1,2026-10-06T04:57:15.3245494Z,2026-10-06T04:57:15.3246434Z,2026-10-06T04:57:16.303Z
1097,170.9,171,0.1,1151,980,nested edge,3 compose-governed-model-invocation-port,,cell:mechanic:request-capability-from-objective-v3.operation.3:expression.fields.payload.fields.attemptPlan.fields.payload.value:dependency:9,,admitted,,,2026-10-06T04:57:15.3249695Z,2026-10-06T04:57:15.3250228Z,2026-10-06T04:57:16.305Z
1098,171.1,171.2,0.1,1154,982.7,expression,3 compose-governed-model-invocation-port,,cell:mechanic:request-capability-from-objective-v3.operation.3:expression.fields.payload.fields.attemptPlan.fields.payload.value.fields.endpointAuthorityDigest,mechanic,completed,VALUE,sda-semantic-value-graph-provider.v1,2026-10-06T04:57:15.3251612Z,2026-10-06T04:57:15.3252672Z,2026-10-06T04:57:16.308Z
1099,171.4,171.5,0,1158,986.5,nested edge,3 compose-governed-model-invocation-port,,cell:mechanic:request-capability-from-objective-v3.operation.3:expression.fields.payload.fields.attemptPlan.fields.payload.value:dependency:10,,admitted,,,2026-10-06T04:57:15.3254511Z,2026-10-06T04:57:15.3254851Z,2026-10-06T04:57:16.312Z
1100,171.6,171.7,0.1,1165,993.3,expression,3 compose-governed-model-invocation-port,,cell:mechanic:request-capability-from-objective-v3.operation.3:expression.fields.payload.fields.attemptPlan.fields.payload.value.fields.endpointUrl.values.model,mechanic,completed,VALUE,sda-semantic-value-graph-provider.v1,2026-10-06T04:57:15.3256341Z,2026-10-06T04:57:15.3257487Z,2026-10-06T04:57:16.319Z
1101,171.9,171.9,0,1169,997,nested edge,3 compose-governed-model-invocation-port,,cell:mechanic:request-capability-from-objective-v3.operation.3:expression.fields.payload.fields.attemptPlan.fields.payload.value.fields.endpointUrl:dependency:result,,admitted,,,2026-10-06T04:57:15.3259260Z,2026-10-06T04:57:15.3259583Z,2026-10-06T04:57:16.323Z
1102,172.1,172.2,0.1,1172,999.8,expression,3 compose-governed-model-invocation-port,,cell:mechanic:request-capability-from-objective-v3.operation.3:expression.fields.payload.fields.attemptPlan.fields.payload.value.fields.endpointUrl,mechanic,completed,VALUE,sda-semantic-value-graph-provider.v1,2026-10-06T04:57:15.3261025Z,2026-10-06T04:57:15.3262253Z,2026-10-06T04:57:16.326Z
1103,173.1,173.1,0,1179,1005.9,nested edge,3 compose-governed-model-invocation-port,,cell:mechanic:request-capability-from-objective-v3.operation.3:expression.fields.payload.fields.attemptPlan.fields.payload.value:dependency:11,,admitted,,,2026-10-06T04:57:15.3270907Z,2026-10-06T04:57:15.3271183Z,2026-10-06T04:57:16.333Z
1104,173.2,173.3,0.1,1181,1007.7,expression,3 compose-governed-model-invocation-port,,cell:mechanic:request-capability-from-objective-v3.operation.3:expression.fields.payload.fields.attemptPlan.fields.payload.value.fields.responseFormat,mechanic,completed,VALUE,sda-semantic-value-graph-provider.v1,2026-10-06T04:57:15.3272395Z,2026-10-06T04:57:15.3273370Z,2026-10-06T04:57:16.335Z
1105,173.5,173.5,0,1195,1021.5,nested edge,3 compose-governed-model-invocation-port,,cell:mechanic:request-capability-from-objective-v3.operation.3:expression.fields.payload.fields.attemptPlan.fields.payload.value:dependency:12,,admitted,,,2026-10-06T04:57:15.3274893Z,2026-10-06T04:57:15.3275146Z,2026-10-06T04:57:16.349Z
1106,173.6,173.7,0.1,1198,1024.3,expression,3 compose-governed-model-invocation-port,,cell:mechanic:request-capability-from-objective-v3.operation.3:expression.fields.payload.fields.attemptPlan.fields.payload.value.fields.timeoutMilliseconds,mechanic,completed,VALUE,sda-semantic-value-graph-provider.v1,2026-10-06T04:57:15.3276316Z,2026-10-06T04:57:15.3277304Z,2026-10-06T04:57:16.352Z
1107,173.9,173.9,0,1200,1026.1,nested edge,3 compose-governed-model-invocation-port,,cell:mechanic:request-capability-from-objective-v3.operation.3:expression.fields.payload.fields.attemptPlan.fields.payload.value:dependency:13,,admitted,,,2026-10-06T04:57:15.3278811Z,2026-10-06T04:57:15.3278984Z,2026-10-06T04:57:16.354Z
1108,174,174,0.1,1203,1028.9,expression,3 compose-governed-model-invocation-port,,cell:mechanic:request-capability-from-objective-v3.operation.3:expression.fields.payload.fields.attemptPlan.fields.payload.value.fields.cancellationScopeReference,mechanic,completed,VALUE,sda-semantic-value-graph-provider.v1,2026-10-06T04:57:15.3279908Z,2026-10-06T04:57:15.3280565Z,2026-10-06T04:57:16.357Z
1109,174.1,174.2,0,1205,1030.8,nested edge,3 compose-governed-model-invocation-port,,cell:mechanic:request-capability-from-objective-v3.operation.3:expression.fields.payload.fields.attemptPlan.fields.payload.value:dependency:14,,admitted,,,2026-10-06T04:57:15.3281652Z,2026-10-06T04:57:15.3281884Z,2026-10-06T04:57:16.359Z
1110,174.3,174.4,0.1,1207,1032.6,expression,3 compose-governed-model-invocation-port,,cell:mechanic:request-capability-from-objective-v3.operation.3:expression.fields.payload.fields.attemptPlan.fields.payload.value.fields.maxResponseBytes,mechanic,completed,VALUE,sda-semantic-value-graph-provider.v1,2026-10-06T04:57:15.3283122Z,2026-10-06T04:57:15.3284078Z,2026-10-06T04:57:16.361Z
1111,174.5,174.6,0,1211,1036.4,nested edge,3 compose-governed-model-invocation-port,,cell:mechanic:request-capability-from-objective-v3.operation.3:expression.fields.payload.fields.attemptPlan.fields.payload.value:dependency:15,,admitted,,,2026-10-06T04:57:15.3285556Z,2026-10-06T04:57:15.3285746Z,2026-10-06T04:57:16.365Z
1112,174.7,174.8,0.1,1213,1038.2,expression,3 compose-governed-model-invocation-port,,cell:mechanic:request-capability-from-objective-v3.operation.3:expression.fields.payload.fields.attemptPlan.fields.payload.value.fields.allowedResponseHeaders.items.0,mechanic,completed,VALUE,sda-semantic-value-graph-provider.v1,2026-10-06T04:57:15.3286837Z,2026-10-06T04:57:15.3287834Z,2026-10-06T04:57:16.367Z
1113,175,175,0,1217,1042,nested edge,3 compose-governed-model-invocation-port,,cell:mechanic:request-capability-from-objective-v3.operation.3:expression.fields.payload.fields.attemptPlan.fields.payload.value.fields.allowedResponseHeaders:dependency:1,,admitted,,,2026-10-06T04:57:15.3290088Z,2026-10-06T04:57:15.3290375Z,2026-10-06T04:57:16.371Z
1114,175.1,175.3,0.1,1219,1043.7,expression,3 compose-governed-model-invocation-port,,cell:mechanic:request-capability-from-objective-v3.operation.3:expression.fields.payload.fields.attemptPlan.fields.payload.value.fields.allowedResponseHeaders.items.1,mechanic,completed,VALUE,sda-semantic-value-graph-provider.v1,2026-10-06T04:57:15.3291727Z,2026-10-06T04:57:15.3292895Z,2026-10-06T04:57:16.373Z
1115,175.4,175.5,0,1223,1047.5,nested edge,3 compose-governed-model-invocation-port,,cell:mechanic:request-capability-from-objective-v3.operation.3:expression.fields.payload.fields.attemptPlan.fields.payload.value.fields.allowedResponseHeaders:dependency:result,,admitted,,,2026-10-06T04:57:15.3294691Z,2026-10-06T04:57:15.3295034Z,2026-10-06T04:57:16.377Z
1116,175.6,175.7,0.1,1225,1049.2,expression,3 compose-governed-model-invocation-port,,cell:mechanic:request-capability-from-objective-v3.operation.3:expression.fields.payload.fields.attemptPlan.fields.payload.value.fields.allowedResponseHeaders,mechanic,completed,VALUE,sda-semantic-value-graph-provider.v1,2026-10-06T04:57:15.3296470Z,2026-10-06T04:57:15.3297688Z,2026-10-06T04:57:16.379Z
1117,176.2,176.2,0,1230,1053.7,nested edge,3 compose-governed-model-invocation-port,,cell:mechanic:request-capability-from-objective-v3.operation.3:expression.fields.payload.fields.attemptPlan.fields.payload.value:dependency:16,,admitted,,,2026-10-06T04:57:15.3302229Z,2026-10-06T04:57:15.3302610Z,2026-10-06T04:57:16.384Z
1118,176.4,176.5,0.1,1232,1055.5,expression,3 compose-governed-model-invocation-port,,cell:mechanic:request-capability-from-objective-v3.operation.3:expression.fields.payload.fields.attemptPlan.fields.payload.value.fields.requestLineage,mechanic,completed,VALUE,sda-semantic-value-graph-provider.v1,2026-10-06T04:57:15.3303840Z,2026-10-06T04:57:15.3305028Z,2026-10-06T04:57:16.386Z
1119,176.9,177,0,1239,1062,nested edge,3 compose-governed-model-invocation-port,,cell:mechanic:request-capability-from-objective-v3.operation.3:expression.fields.payload.fields.attemptPlan.fields.payload.value:dependency:result,,admitted,,,2026-10-06T04:57:15.3309465Z,2026-10-06T04:57:15.3309818Z,2026-10-06T04:57:16.393Z
1120,177.1,177.4,0.3,1241,1063.6,expression,3 compose-governed-model-invocation-port,,cell:mechanic:request-capability-from-objective-v3.operation.3:expression.fields.payload.fields.attemptPlan.fields.payload.value,mechanic,completed,VALUE,sda-semantic-value-graph-provider.v1,2026-10-06T04:57:15.3310947Z,2026-10-06T04:57:15.3314410Z,2026-10-06T04:57:16.395Z
1121,177.7,177.8,0.1,1245,1067.1,nested edge,3 compose-governed-model-invocation-port,,cell:mechanic:request-capability-from-objective-v3.operation.3:expression.fields.payload.fields.attemptPlan.fields.payload:dependency:result,,admitted,,,2026-10-06T04:57:15.3317158Z,2026-10-06T04:57:15.3318644Z,2026-10-06T04:57:16.399Z
1122,178,178.7,0.7,1250,1071.3,expression,3 compose-governed-model-invocation-port,,cell:mechanic:request-capability-from-objective-v3.operation.3:expression.fields.payload.fields.attemptPlan.fields.payload,mechanic,completed,VALUE,sda-semantic-value-graph-provider.v1,2026-10-06T04:57:15.3320071Z,2026-10-06T04:57:15.3326804Z,2026-10-06T04:57:16.404Z
1123,179,179.2,0.2,1257,1077.8,nested edge,3 compose-governed-model-invocation-port,,cell:mechanic:request-capability-from-objective-v3.operation.3:expression.fields.payload.fields.attemptPlan:dependency:result,,admitted,,,2026-10-06T04:57:15.3329961Z,2026-10-06T04:57:15.3332013Z,2026-10-06T04:57:16.411Z
1124,179.3,180.6,1.3,1259,1078.4,expression,3 compose-governed-model-invocation-port,,cell:mechanic:request-capability-from-objective-v3.operation.3:expression.fields.payload.fields.attemptPlan,mechanic,completed,VALUE,sda-semantic-value-graph-provider.v1,2026-10-06T04:57:15.3333479Z,2026-10-06T04:57:15.3346385Z,2026-10-06T04:57:16.413Z
1125,181,181.1,0.2,1261,1079.8,nested edge,3 compose-governed-model-invocation-port,,cell:mechanic:request-capability-from-objective-v3.operation.3:expression.fields.payload:dependency:result,,admitted,,,2026-10-06T04:57:15.3350069Z,2026-10-06T04:57:15.3351741Z,2026-10-06T04:57:16.415Z
1126,181.3,181.8,0.5,1264,1082.2,expression,3 compose-governed-model-invocation-port,,cell:mechanic:request-capability-from-objective-v3.operation.3:expression.fields.payload,mechanic,completed,VALUE,sda-semantic-value-graph-provider.v1,2026-10-06T04:57:15.3353091Z,2026-10-06T04:57:15.3357909Z,2026-10-06T04:57:16.418Z
1127,182.1,182.3,0.2,1269,1086.7,nested edge,3 compose-governed-model-invocation-port,,cell:mechanic:request-capability-from-objective-v3.operation.3:expression:dependency:result,,admitted,,,2026-10-06T04:57:15.3361093Z,2026-10-06T04:57:15.3362773Z,2026-10-06T04:57:16.423Z
1128,182.4,183.7,1.3,1271,1087.3,expression,3 compose-governed-model-invocation-port,,cell:mechanic:request-capability-from-objective-v3.operation.3:expression,mechanic,completed,VALUE,sda-semantic-value-graph-provider.v1,2026-10-06T04:57:15.3364553Z,2026-10-06T04:57:15.3377475Z,2026-10-06T04:57:16.425Z
1129,184.1,184.2,0.2,1273,1088.7,nested edge,3 compose-governed-model-invocation-port,,edge:return:cell:mechanic:request-capability-from-objective-v3.operation.3:expression:cell:mechanic:request-capability-from-objective-v3.operation.3:0,,admitted,,,2026-10-06T04:57:15.3380949Z,2026-10-06T04:57:15.3382610Z,2026-10-06T04:57:16.427Z
1131,185.5,185.7,0.2,1283,1097.3,handoff edge,,,edge:sequence:request-capability-from-objective-v3:3,,admitted,,,2026-10-06T04:57:15.3394849Z,2026-10-06T04:57:15.3396754Z,2026-10-06T04:57:16.437Z
1767,185.8,6954.5,6768.7,8181,1226.5,operation,4 select-capability-model-port,,cell:mechanic:request-capability-from-objective-v3.operation.4,mechanic,completed,MODEL_RESPONSE_OBTAINED,node:provider:sda-projected-capability-invocation-port.v2,2026-10-06T04:57:15.3397871Z,2026-10-06T04:57:22.1085337Z,2026-10-06T04:57:23.335Z
1297,2334.4,3184.5,850.1,3592,407.5,nested step,4 select-capability-model-port,project-provider-protocol-port,cell:mechanic:execute-projected-model-provider-attempt.operation.1,mechanic,completed,SUCCESS,node:provider:sda-projected-capability-invocation-port.v2,2026-10-06T04:57:17.4884325Z,2026-10-06T04:57:18.3384991Z,2026-10-06T04:57:18.746Z
1140,3125.1,3134.4,9.2,3168,33.6,nested step,4 select-capability-model-port,,cell:mechanic:project-model-provider-protocol.operation.1,mechanic,completed,project-gemini-structured,sda-semantic-value-graph-provider.v1,2026-10-06T04:57:18.2791653Z,2026-10-06T04:57:18.2884040Z,2026-10-06T04:57:18.322Z
1132,3125.2,3128.4,3.2,3134,5.6,expression,4 select-capability-model-port,,cell:mechanic:project-model-provider-protocol.operation.1:expression.values.0,mechanic,completed,VALUE,sda-semantic-value-graph-provider.v1,2026-10-06T04:57:18.2792233Z,2026-10-06T04:57:18.2824474Z,2026-10-06T04:57:18.288Z
1133,3129,3129,0.1,3137,7.9,nested edge,4 select-capability-model-port,,cell:mechanic:project-model-provider-protocol.operation.1:expression:dependency:1,,admitted,,,2026-10-06T04:57:18.2830020Z,2026-10-06T04:57:18.2830528Z,2026-10-06T04:57:18.291Z
1134,3129.4,3132,2.6,3142,10,expression,4 select-capability-model-port,,cell:mechanic:project-model-provider-protocol.operation.1:expression.values.1.fields.route,mechanic,completed,VALUE,sda-semantic-value-graph-provider.v1,2026-10-06T04:57:18.2834707Z,2026-10-06T04:57:18.2860235Z,2026-10-06T04:57:18.296Z
1135,3132.1,3132.1,0,3148,15.9,nested edge,4 select-capability-model-port,,cell:mechanic:project-model-provider-protocol.operation.1:expression.values.1:dependency:result,,admitted,,,2026-10-06T04:57:18.2860998Z,2026-10-06T04:57:18.2861094Z,2026-10-06T04:57:18.302Z
1136,3132.1,3132.3,0.1,3151,18.7,expression,4 select-capability-model-port,,cell:mechanic:project-model-provider-protocol.operation.1:expression.values.1,mechanic,completed,project-gemini-structured,sda-semantic-value-graph-provider.v1,2026-10-06T04:57:18.2861522Z,2026-10-06T04:57:18.2863016Z,2026-10-06T04:57:18.305Z
1137,3132.3,3132.3,0,3156,23.6,nested edge,4 select-capability-model-port,,cell:mechanic:project-model-provider-protocol.operation.1:expression:dependency:result,,admitted,,,2026-10-06T04:57:18.2863605Z,2026-10-06T04:57:18.2863699Z,2026-10-06T04:57:18.310Z
1138,3132.4,3132.9,0.5,3159,26.1,expression,4 select-capability-model-port,,cell:mechanic:project-model-provider-protocol.operation.1:expression,mechanic,completed,project-gemini-structured,sda-semantic-value-graph-provider.v1,2026-10-06T04:57:18.2864105Z,2026-10-06T04:57:18.2868943Z,2026-10-06T04:57:18.313Z
1139,3133,3133.1,0.1,3163,29.9,nested edge,4 select-capability-model-port,,edge:return:cell:mechanic:project-model-provider-protocol.operation.1:expression:cell:mechanic:project-model-provider-protocol.operation.1:0,,admitted,,,2026-10-06T04:57:18.2869996Z,2026-10-06T04:57:18.2871477Z,2026-10-06T04:57:18.317Z
1141,3134.8,3134.9,0.1,3176,41.1,nested edge,4 select-capability-model-port,,edge:return:project-model-provider-protocol,,admitted,,,2026-10-06T04:57:18.2888297Z,2026-10-06T04:57:18.2888973Z,2026-10-06T04:57:18.330Z
1142,3135.3,3135.5,0.3,3185,49.4,nested scenario,4 select-capability-model-port,,cell:scenario:project-model-provider-protocol,scenario,completed,project-gemini-structured,,2026-10-06T04:57:18.2892902Z,2026-10-06T04:57:18.2895568Z,2026-10-06T04:57:18.339Z
1143,3135.7,3135.8,0,3207,71.2,nested edge,4 select-capability-model-port,,edge:route-project-gemini-structured,,admitted,,,2026-10-06T04:57:18.2897359Z,2026-10-06T04:57:18.2897828Z,2026-10-06T04:57:18.361Z
1294,3136,3181.6,45.6,3586,404.3,nested step,4 select-capability-model-port,,cell:mechanic:project-gemini-structured-request.operation.1,mechanic,completed,SUCCESS,sda-semantic-value-graph-provider.v1,2026-10-06T04:57:18.2900365Z,2026-10-06T04:57:18.3356683Z,2026-10-06T04:57:18.740Z
1144,3136.1,3136.6,0.5,3212,75.4,expression,4 select-capability-model-port,,cell:mechanic:project-gemini-structured-request.operation.1:expression.when.left,mechanic,completed,VALUE,sda-semantic-value-graph-provider.v1,2026-10-06T04:57:18.2901321Z,2026-10-06T04:57:18.2906101Z,2026-10-06T04:57:18.366Z
1145,3136.7,3136.7,0,3215,78.2,nested edge,4 select-capability-model-port,,cell:mechanic:project-gemini-structured-request.operation.1:expression.when:dependency:1,,admitted,,,2026-10-06T04:57:18.2907417Z,2026-10-06T04:57:18.2907712Z,2026-10-06T04:57:18.369Z
1146,3136.8,3137.1,0.3,3218,80.8,expression,4 select-capability-model-port,,cell:mechanic:project-gemini-structured-request.operation.1:expression.when.right,mechanic,completed,VALUE,sda-semantic-value-graph-provider.v1,2026-10-06T04:57:18.2908459Z,2026-10-06T04:57:18.2911643Z,2026-10-06T04:57:18.372Z
1147,3137.3,3137.3,0,3221,83.7,nested edge,4 select-capability-model-port,,cell:mechanic:project-gemini-structured-request.operation.1:expression.when:dependency:result,,admitted,,,2026-10-06T04:57:18.2912838Z,2026-10-06T04:57:18.2913128Z,2026-10-06T04:57:18.375Z
1148,3137.4,3138.3,0.9,3224,85.7,expression,4 select-capability-model-port,,cell:mechanic:project-gemini-structured-request.operation.1:expression.when,mechanic,completed,FALSE,sda-semantic-value-graph-provider.v1,2026-10-06T04:57:18.2913945Z,2026-10-06T04:57:18.2923259Z,2026-10-06T04:57:18.378Z
1149,3138.4,3138.4,0,3228,89.6,nested edge,4 select-capability-model-port,,cell:mechanic:project-gemini-structured-request.operation.1:expression:selection:predicate,,admitted,,,2026-10-06T04:57:18.2924206Z,2026-10-06T04:57:18.2924407Z,2026-10-06T04:57:18.382Z
1150,3138.5,3138.7,0.2,3232,93.2,expression,4 select-capability-model-port,,cell:mechanic:project-gemini-structured-request.operation.1:expression:selection,mechanic,completed,FALSE,,2026-10-06T04:57:18.2925027Z,2026-10-06T04:57:18.2927502Z,2026-10-06T04:57:18.386Z
1151,3138.9,3138.9,0,3234,95.1,nested edge,4 select-capability-model-port,,cell:mechanic:project-gemini-structured-request.operation.1:expression:selection:false,,admitted,,,2026-10-06T04:57:18.2929216Z,2026-10-06T04:57:18.2929466Z,2026-10-06T04:57:18.388Z
1152,3139,3139.3,0.3,3237,97.7,expression,4 select-capability-model-port,,cell:mechanic:project-gemini-structured-request.operation.1:expression.else.fields.contractId,mechanic,completed,VALUE,sda-semantic-value-graph-provider.v1,2026-10-06T04:57:18.2930218Z,2026-10-06T04:57:18.2932789Z,2026-10-06T04:57:18.391Z
1153,3139.3,3139.4,0,3241,101.6,nested edge,4 select-capability-model-port,,cell:mechanic:project-gemini-structured-request.operation.1:expression.else:dependency:1,,admitted,,,2026-10-06T04:57:18.2933736Z,2026-10-06T04:57:18.2933872Z,2026-10-06T04:57:18.395Z
1154,3139.4,3139.7,0.3,3244,104.3,expression,4 select-capability-model-port,,cell:mechanic:project-gemini-structured-request.operation.1:expression.else.fields.payload.fields.adapterIdentity,mechanic,completed,VALUE,sda-semantic-value-graph-provider.v1,2026-10-06T04:57:18.2934555Z,2026-10-06T04:57:18.2937270Z,2026-10-06T04:57:18.398Z
1155,3139.9,3140,0,3246,106,nested edge,4 select-capability-model-port,,cell:mechanic:project-gemini-structured-request.operation.1:expression.else.fields.payload:dependency:1,,admitted,,,2026-10-06T04:57:18.2939709Z,2026-10-06T04:57:18.2940050Z,2026-10-06T04:57:18.400Z
1156,3140.1,3140.3,0.3,3249,108.6,expression,4 select-capability-model-port,,cell:mechanic:project-gemini-structured-request.operation.1:expression.else.fields.payload.fields.disposition.when.left,mechanic,completed,VALUE,sda-semantic-value-graph-provider.v1,2026-10-06T04:57:18.2940814Z,2026-10-06T04:57:18.2943627Z,2026-10-06T04:57:18.403Z
1157,3140.4,3140.4,0,3250,109.5,nested edge,4 select-capability-model-port,,cell:mechanic:project-gemini-structured-request.operation.1:expression.else.fields.payload.fields.disposition.when:dependency:1,,admitted,,,2026-10-06T04:57:18.2944541Z,2026-10-06T04:57:18.2944657Z,2026-10-06T04:57:18.404Z
1158,3140.5,3140.8,0.3,3253,112.1,expression,4 select-capability-model-port,,cell:mechanic:project-gemini-structured-request.operation.1:expression.else.fields.payload.fields.disposition.when.right,mechanic,completed,VALUE,sda-semantic-value-graph-provider.v1,2026-10-06T04:57:18.2945362Z,2026-10-06T04:57:18.2948685Z,2026-10-06T04:57:18.407Z
1159,3140.9,3141,0,3257,116,nested edge,4 select-capability-model-port,,cell:mechanic:project-gemini-structured-request.operation.1:expression.else.fields.payload.fields.disposition.when:dependency:result,,admitted,,,2026-10-06T04:57:18.2949693Z,2026-10-06T04:57:18.2949974Z,2026-10-06T04:57:18.411Z
1160,3141.1,3141.3,0.2,3259,117.7,expression,4 select-capability-model-port,,cell:mechanic:project-gemini-structured-request.operation.1:expression.else.fields.payload.fields.disposition.when,mechanic,completed,FALSE,sda-semantic-value-graph-provider.v1,2026-10-06T04:57:18.2951022Z,2026-10-06T04:57:18.2953324Z,2026-10-06T04:57:18.413Z
1161,3141.4,3141.4,0,3261,119.6,nested edge,4 select-capability-model-port,,cell:mechanic:project-gemini-structured-request.operation.1:expression.else.fields.payload.fields.disposition:selection:predicate,,admitted,,,2026-10-06T04:57:18.2954201Z,2026-10-06T04:57:18.2954462Z,2026-10-06T04:57:18.415Z
1162,3141.6,3141.7,0.2,3263,121.2,expression,4 select-capability-model-port,,cell:mechanic:project-gemini-structured-request.operation.1:expression.else.fields.payload.fields.disposition:selection,mechanic,completed,FALSE,,2026-10-06T04:57:18.2955820Z,2026-10-06T04:57:18.2957654Z,2026-10-06T04:57:18.417Z
1163,3141.8,3141.8,0,3265,123.1,nested edge,4 select-capability-model-port,,cell:mechanic:project-gemini-structured-request.operation.1:expression.else.fields.payload.fields.disposition:selection:false,,admitted,,,2026-10-06T04:57:18.2958536Z,2026-10-06T04:57:18.2958694Z,2026-10-06T04:57:18.419Z
1164,3141.9,3142.3,0.3,3271,128.7,expression,4 select-capability-model-port,,cell:mechanic:project-gemini-structured-request.operation.1:expression.else.fields.payload.fields.disposition.else.when.left,mechanic,completed,VALUE,sda-semantic-value-graph-provider.v1,2026-10-06T04:57:18.2959714Z,2026-10-06T04:57:18.2962752Z,2026-10-06T04:57:18.425Z
1165,3142.4,3142.4,0,3274,131.6,nested edge,4 select-capability-model-port,,cell:mechanic:project-gemini-structured-request.operation.1:expression.else.fields.payload.fields.disposition.else.when:dependency:1,,admitted,,,2026-10-06T04:57:18.2963865Z,2026-10-06T04:57:18.2964113Z,2026-10-06T04:57:18.428Z
1166,3142.5,3142.8,0.4,3278,135.1,expression,4 select-capability-model-port,,cell:mechanic:project-gemini-structured-request.operation.1:expression.else.fields.payload.fields.disposition.else.when.right,mechanic,completed,VALUE,sda-semantic-value-graph-provider.v1,2026-10-06T04:57:18.2965160Z,2026-10-06T04:57:18.2968715Z,2026-10-06T04:57:18.432Z
1167,3142.9,3143,0,3280,137,nested edge,4 select-capability-model-port,,cell:mechanic:project-gemini-structured-request.operation.1:expression.else.fields.payload.fields.disposition.else.when:dependency:result,,admitted,,,2026-10-06T04:57:18.2969644Z,2026-10-06T04:57:18.2969988Z,2026-10-06T04:57:18.434Z
1168,3143,3143.3,0.3,3282,138.7,expression,4 select-capability-model-port,,cell:mechanic:project-gemini-structured-request.operation.1:expression.else.fields.payload.fields.disposition.else.when,mechanic,completed,FALSE,sda-semantic-value-graph-provider.v1,2026-10-06T04:57:18.2970692Z,2026-10-06T04:57:18.2973472Z,2026-10-06T04:57:18.436Z
1169,3143.4,3143.4,0,3285,141.5,nested edge,4 select-capability-model-port,,cell:mechanic:project-gemini-structured-request.operation.1:expression.else.fields.payload.fields.disposition.else:selection:predicate,,admitted,,,2026-10-06T04:57:18.2974497Z,2026-10-06T04:57:18.2974618Z,2026-10-06T04:57:18.439Z
1170,3143.5,3143.6,0.1,3288,144.3,expression,4 select-capability-model-port,,cell:mechanic:project-gemini-structured-request.operation.1:expression.else.fields.payload.fields.disposition.else:selection,mechanic,completed,FALSE,,2026-10-06T04:57:18.2975201Z,2026-10-06T04:57:18.2976619Z,2026-10-06T04:57:18.442Z
1171,3143.7,3143.7,0,3290,146.3,nested edge,4 select-capability-model-port,,cell:mechanic:project-gemini-structured-request.operation.1:expression.else.fields.payload.fields.disposition.else:selection:false,,admitted,,,2026-10-06T04:57:18.2977209Z,2026-10-06T04:57:18.2977445Z,2026-10-06T04:57:18.444Z
1172,3143.8,3143.9,0.2,3293,149,expression,4 select-capability-model-port,,cell:mechanic:project-gemini-structured-request.operation.1:expression.else.fields.payload.fields.disposition.else.else.when.left,mechanic,completed,VALUE,sda-semantic-value-graph-provider.v1,2026-10-06T04:57:18.2977947Z,2026-10-06T04:57:18.2979541Z,2026-10-06T04:57:18.447Z
1173,3144,3144,0,3307,163,nested edge,4 select-capability-model-port,,cell:mechanic:project-gemini-structured-request.operation.1:expression.else.fields.payload.fields.disposition.else.else.when:dependency:1,,admitted,,,2026-10-06T04:57:18.2980302Z,2026-10-06T04:57:18.2980404Z,2026-10-06T04:57:18.461Z
1174,3144.1,3144.2,0.2,3309,164.8,expression,4 select-capability-model-port,,cell:mechanic:project-gemini-structured-request.operation.1:expression.else.fields.payload.fields.disposition.else.else.when.right,mechanic,completed,VALUE,sda-semantic-value-graph-provider.v1,2026-10-06T04:57:18.2980949Z,2026-10-06T04:57:18.2982492Z,2026-10-06T04:57:18.463Z
1175,3144.3,3144.3,0,3315,170.7,nested edge,4 select-capability-model-port,,cell:mechanic:project-gemini-structured-request.operation.1:expression.else.fields.payload.fields.disposition.else.else.when:dependency:result,,admitted,,,2026-10-06T04:57:18.2983191Z,2026-10-06T04:57:18.2983361Z,2026-10-06T04:57:18.469Z
1176,3144.4,3144.5,0.2,3317,172.5,expression,4 select-capability-model-port,,cell:mechanic:project-gemini-structured-request.operation.1:expression.else.fields.payload.fields.disposition.else.else.when,mechanic,completed,FALSE,sda-semantic-value-graph-provider.v1,2026-10-06T04:57:18.2983877Z,2026-10-06T04:57:18.2985391Z,2026-10-06T04:57:18.471Z
1177,3144.6,3144.6,0,3319,174.4,nested edge,4 select-capability-model-port,,cell:mechanic:project-gemini-structured-request.operation.1:expression.else.fields.payload.fields.disposition.else.else:selection:predicate,,admitted,,,2026-10-06T04:57:18.2986145Z,2026-10-06T04:57:18.2986312Z,2026-10-06T04:57:18.473Z
1178,3144.7,3144.8,0.1,3321,176.2,expression,4 select-capability-model-port,,cell:mechanic:project-gemini-structured-request.operation.1:expression.else.fields.payload.fields.disposition.else.else:selection,mechanic,completed,FALSE,,2026-10-06T04:57:18.2986791Z,2026-10-06T04:57:18.2988138Z,2026-10-06T04:57:18.475Z
1179,3144.9,3144.9,0,3323,178.1,nested edge,4 select-capability-model-port,,cell:mechanic:project-gemini-structured-request.operation.1:expression.else.fields.payload.fields.disposition.else.else:selection:false,,admitted,,,2026-10-06T04:57:18.2988793Z,2026-10-06T04:57:18.2988963Z,2026-10-06T04:57:18.477Z
1180,3144.9,3145.1,0.1,3326,180.9,expression,4 select-capability-model-port,,cell:mechanic:project-gemini-structured-request.operation.1:expression.else.fields.payload.fields.disposition.else.else.else.when.left,mechanic,completed,VALUE,sda-semantic-value-graph-provider.v1,2026-10-06T04:57:18.2989482Z,2026-10-06T04:57:18.2990970Z,2026-10-06T04:57:18.480Z
1181,3145.2,3145.2,0,3328,182.8,nested edge,4 select-capability-model-port,,cell:mechanic:project-gemini-structured-request.operation.1:expression.else.fields.payload.fields.disposition.else.else.else.when:dependency:1,,admitted,,,2026-10-06T04:57:18.2991742Z,2026-10-06T04:57:18.2991882Z,2026-10-06T04:57:18.482Z
1182,3145.2,3145.4,0.1,3332,186.6,expression,4 select-capability-model-port,,cell:mechanic:project-gemini-structured-request.operation.1:expression.else.fields.payload.fields.disposition.else.else.else.when.right,mechanic,completed,VALUE,sda-semantic-value-graph-provider.v1,2026-10-06T04:57:18.2992406Z,2026-10-06T04:57:18.2993814Z,2026-10-06T04:57:18.486Z
1183,3145.4,3145.5,0,3337,191.5,nested edge,4 select-capability-model-port,,cell:mechanic:project-gemini-structured-request.operation.1:expression.else.fields.payload.fields.disposition.else.else.else.when:dependency:result,,admitted,,,2026-10-06T04:57:18.2994667Z,2026-10-06T04:57:18.2994810Z,2026-10-06T04:57:18.491Z
1184,3145.5,3146.3,0.8,3340,193.7,expression,4 select-capability-model-port,,cell:mechanic:project-gemini-structured-request.operation.1:expression.else.fields.payload.fields.disposition.else.else.else.when,mechanic,completed,FALSE,sda-semantic-value-graph-provider.v1,2026-10-06T04:57:18.2995277Z,2026-10-06T04:57:18.3002778Z,2026-10-06T04:57:18.494Z
1185,3146.4,3146.4,0,3342,195.6,nested edge,4 select-capability-model-port,,cell:mechanic:project-gemini-structured-request.operation.1:expression.else.fields.payload.fields.disposition.else.else.else:selection:predicate,,admitted,,,2026-10-06T04:57:18.3004022Z,2026-10-06T04:57:18.3004210Z,2026-10-06T04:57:18.496Z
1186,3146.5,3146.8,0.3,3344,197.2,expression,4 select-capability-model-port,,cell:mechanic:project-gemini-structured-request.operation.1:expression.else.fields.payload.fields.disposition.else.else.else:selection,mechanic,completed,FALSE,,2026-10-06T04:57:18.3005166Z,2026-10-06T04:57:18.3007947Z,2026-10-06T04:57:18.498Z
1187,3147.2,3147.2,0,3347,199.8,nested edge,4 select-capability-model-port,,cell:mechanic:project-gemini-structured-request.operation.1:expression.else.fields.payload.fields.disposition.else.else.else:selection:false,,admitted,,,2026-10-06T04:57:18.3011946Z,2026-10-06T04:57:18.3012192Z,2026-10-06T04:57:18.501Z
1188,3147.3,3147.5,0.3,3350,202.4,expression,4 select-capability-model-port,,cell:mechanic:project-gemini-structured-request.operation.1:expression.else.fields.payload.fields.disposition.else.else.else.else,mechanic,completed,VALUE,sda-semantic-value-graph-provider.v1,2026-10-06T04:57:18.3012876Z,2026-10-06T04:57:18.3015621Z,2026-10-06T04:57:18.504Z
1189,3147.7,3147.7,0,3352,204.3,nested edge,4 select-capability-model-port,,cell:mechanic:project-gemini-structured-request.operation.1:expression.else.fields.payload.fields.disposition.else.else.else:else-result,,admitted,,,2026-10-06T04:57:18.3016831Z,2026-10-06T04:57:18.3017015Z,2026-10-06T04:57:18.506Z
1190,3147.8,3148.1,0.3,3355,206.9,expression,4 select-capability-model-port,,cell:mechanic:project-gemini-structured-request.operation.1:expression.else.fields.payload.fields.disposition.else.else.else,mechanic,completed,VALUE,sda-semantic-value-graph-provider.v1,2026-10-06T04:57:18.3018049Z,2026-10-06T04:57:18.3021204Z,2026-10-06T04:57:18.509Z
1191,3148.2,3148.2,0,3367,218.7,nested edge,4 select-capability-model-port,,cell:mechanic:project-gemini-structured-request.operation.1:expression.else.fields.payload.fields.disposition.else.else:else-result,,admitted,,,2026-10-06T04:57:18.3022297Z,2026-10-06T04:57:18.3022598Z,2026-10-06T04:57:18.521Z
1192,3148.3,3148.6,0.3,3369,220.4,expression,4 select-capability-model-port,,cell:mechanic:project-gemini-structured-request.operation.1:expression.else.fields.payload.fields.disposition.else.else,mechanic,completed,VALUE,sda-semantic-value-graph-provider.v1,2026-10-06T04:57:18.3023405Z,2026-10-06T04:57:18.3026213Z,2026-10-06T04:57:18.523Z
1193,3148.7,3148.9,0.2,3371,222.1,nested edge,4 select-capability-model-port,,cell:mechanic:project-gemini-structured-request.operation.1:expression.else.fields.payload.fields.disposition.else:else-result,,admitted,,,2026-10-06T04:57:18.3027108Z,2026-10-06T04:57:18.3029292Z,2026-10-06T04:57:18.525Z
1194,3149.1,3149.5,0.3,3373,223.5,expression,4 select-capability-model-port,,cell:mechanic:project-gemini-structured-request.operation.1:expression.else.fields.payload.fields.disposition.else,mechanic,completed,VALUE,sda-semantic-value-graph-provider.v1,2026-10-06T04:57:18.3031729Z,2026-10-06T04:57:18.3034951Z,2026-10-06T04:57:18.527Z
1195,3149.7,3149.8,0,3375,225.2,nested edge,4 select-capability-model-port,,cell:mechanic:project-gemini-structured-request.operation.1:expression.else.fields.payload.fields.disposition:else-result,,admitted,,,2026-10-06T04:57:18.3037636Z,2026-10-06T04:57:18.3037928Z,2026-10-06T04:57:18.529Z
1196,3149.8,3150.1,0.3,3378,227.9,expression,4 select-capability-model-port,,cell:mechanic:project-gemini-structured-request.operation.1:expression.else.fields.payload.fields.disposition,mechanic,completed,VALUE,sda-semantic-value-graph-provider.v1,2026-10-06T04:57:18.3038653Z,2026-10-06T04:57:18.3041476Z,2026-10-06T04:57:18.532Z
1197,3150.2,3150.2,0,3380,229.7,nested edge,4 select-capability-model-port,,cell:mechanic:project-gemini-structured-request.operation.1:expression.else.fields.payload:dependency:2,,admitted,,,2026-10-06T04:57:18.3042333Z,2026-10-06T04:57:18.3042530Z,2026-10-06T04:57:18.534Z
1198,3150.3,3150.5,0.2,3382,231.5,expression,4 select-capability-model-port,,cell:mechanic:project-gemini-structured-request.operation.1:expression.else.fields.payload.fields.endpointFact.when.left,mechanic,completed,VALUE,sda-semantic-value-graph-provider.v1,2026-10-06T04:57:18.3043215Z,2026-10-06T04:57:18.3045047Z,2026-10-06T04:57:18.536Z
1199,3150.6,3150.6,0,3387,236.4,nested edge,4 select-capability-model-port,,cell:mechanic:project-gemini-structured-request.operation.1:expression.else.fields.payload.fields.endpointFact.when:dependency:1,,admitted,,,2026-10-06T04:57:18.3045807Z,2026-10-06T04:57:18.3045966Z,2026-10-06T04:57:18.541Z
1200,3150.6,3150.8,0.2,3390,239.2,expression,4 select-capability-model-port,,cell:mechanic:project-gemini-structured-request.operation.1:expression.else.fields.payload.fields.endpointFact.when.right,mechanic,completed,VALUE,sda-semantic-value-graph-provider.v1,2026-10-06T04:57:18.3046406Z,2026-10-06T04:57:18.3048462Z,2026-10-06T04:57:18.544Z
1201,3150.9,3150.9,0,3392,241,nested edge,4 select-capability-model-port,,cell:mechanic:project-gemini-structured-request.operation.1:expression.else.fields.payload.fields.endpointFact.when:dependency:result,,admitted,,,2026-10-06T04:57:18.3049474Z,2026-10-06T04:57:18.3049641Z,2026-10-06T04:57:18.546Z
1202,3151.1,3151.4,0.3,3394,242.6,expression,4 select-capability-model-port,,cell:mechanic:project-gemini-structured-request.operation.1:expression.else.fields.payload.fields.endpointFact.when,mechanic,completed,FALSE,sda-semantic-value-graph-provider.v1,2026-10-06T04:57:18.3050804Z,2026-10-06T04:57:18.3054093Z,2026-10-06T04:57:18.548Z
1203,3151.5,3151.5,0,3396,244.4,nested edge,4 select-capability-model-port,,cell:mechanic:project-gemini-structured-request.operation.1:expression.else.fields.payload.fields.endpointFact:selection:predicate,,admitted,,,2026-10-06T04:57:18.3055155Z,2026-10-06T04:57:18.3055562Z,2026-10-06T04:57:18.550Z
1204,3151.6,3151.9,0.3,3399,247.1,expression,4 select-capability-model-port,,cell:mechanic:project-gemini-structured-request.operation.1:expression.else.fields.payload.fields.endpointFact:selection,mechanic,completed,FALSE,,2026-10-06T04:57:18.3056430Z,2026-10-06T04:57:18.3058984Z,2026-10-06T04:57:18.553Z
1205,3152,3152,0,3406,254,nested edge,4 select-capability-model-port,,cell:mechanic:project-gemini-structured-request.operation.1:expression.else.fields.payload.fields.endpointFact:selection:false,,admitted,,,2026-10-06T04:57:18.3059846Z,2026-10-06T04:57:18.3060012Z,2026-10-06T04:57:18.560Z
1206,3152.1,3152.4,0.2,3408,255.6,expression,4 select-capability-model-port,,cell:mechanic:project-gemini-structured-request.operation.1:expression.else.fields.payload.fields.endpointFact.else,mechanic,completed,VALUE,sda-semantic-value-graph-provider.v1,2026-10-06T04:57:18.3061358Z,2026-10-06T04:57:18.3063774Z,2026-10-06T04:57:18.562Z
1207,3152.4,3152.5,0,3411,258.5,nested edge,4 select-capability-model-port,,cell:mechanic:project-gemini-structured-request.operation.1:expression.else.fields.payload.fields.endpointFact:else-result,,admitted,,,2026-10-06T04:57:18.3064649Z,2026-10-06T04:57:18.3064753Z,2026-10-06T04:57:18.565Z
1208,3152.5,3152.8,0.2,3413,260.2,expression,4 select-capability-model-port,,cell:mechanic:project-gemini-structured-request.operation.1:expression.else.fields.payload.fields.endpointFact,mechanic,completed,VALUE,sda-semantic-value-graph-provider.v1,2026-10-06T04:57:18.3065662Z,2026-10-06T04:57:18.3067808Z,2026-10-06T04:57:18.567Z
1209,3152.8,3152.8,0,3415,262.1,nested edge,4 select-capability-model-port,,cell:mechanic:project-gemini-structured-request.operation.1:expression.else.fields.payload:dependency:3,,admitted,,,2026-10-06T04:57:18.3068454Z,2026-10-06T04:57:18.3068708Z,2026-10-06T04:57:18.569Z
1210,3152.9,3153,0.2,3418,264.9,expression,4 select-capability-model-port,,cell:mechanic:project-gemini-structured-request.operation.1:expression.else.fields.payload.fields.networkExchangeCount,mechanic,completed,VALUE,sda-semantic-value-graph-provider.v1,2026-10-06T04:57:18.3069201Z,2026-10-06T04:57:18.3070706Z,2026-10-06T04:57:18.572Z
1211,3153.1,3153.1,0,3420,266.8,nested edge,4 select-capability-model-port,,cell:mechanic:project-gemini-structured-request.operation.1:expression.else.fields.payload:dependency:4,,admitted,,,2026-10-06T04:57:18.3071307Z,2026-10-06T04:57:18.3071546Z,2026-10-06T04:57:18.574Z
1212,3153.2,3153.6,0.4,3422,268.4,expression,4 select-capability-model-port,,cell:mechanic:project-gemini-structured-request.operation.1:expression.else.fields.payload.fields.normalizedTestimony.when.left,mechanic,completed,VALUE,sda-semantic-value-graph-provider.v1,2026-10-06T04:57:18.3072082Z,2026-10-06T04:57:18.3076351Z,2026-10-06T04:57:18.576Z
1213,3153.7,3153.7,0,3423,269.2,nested edge,4 select-capability-model-port,,cell:mechanic:project-gemini-structured-request.operation.1:expression.else.fields.payload.fields.normalizedTestimony.when:dependency:1,,admitted,,,2026-10-06T04:57:18.3077437Z,2026-10-06T04:57:18.3077670Z,2026-10-06T04:57:18.577Z
1214,3153.8,3154.1,0.3,3425,270.9,expression,4 select-capability-model-port,,cell:mechanic:project-gemini-structured-request.operation.1:expression.else.fields.payload.fields.normalizedTestimony.when.right,mechanic,completed,VALUE,sda-semantic-value-graph-provider.v1,2026-10-06T04:57:18.3078317Z,2026-10-06T04:57:18.3080970Z,2026-10-06T04:57:18.579Z
1215,3154.2,3154.2,0,3427,272.8,nested edge,4 select-capability-model-port,,cell:mechanic:project-gemini-structured-request.operation.1:expression.else.fields.payload.fields.normalizedTestimony.when:dependency:result,,admitted,,,2026-10-06T04:57:18.3082050Z,2026-10-06T04:57:18.3082177Z,2026-10-06T04:57:18.581Z
1216,3154.3,3154.5,0.2,3429,274.5,expression,4 select-capability-model-port,,cell:mechanic:project-gemini-structured-request.operation.1:expression.else.fields.payload.fields.normalizedTestimony.when,mechanic,completed,FALSE,sda-semantic-value-graph-provider.v1,2026-10-06T04:57:18.3082886Z,2026-10-06T04:57:18.3085366Z,2026-10-06T04:57:18.583Z
1217,3154.6,3154.7,0,3431,276.3,nested edge,4 select-capability-model-port,,cell:mechanic:project-gemini-structured-request.operation.1:expression.else.fields.payload.fields.normalizedTestimony:selection:predicate,,admitted,,,2026-10-06T04:57:18.3086537Z,2026-10-06T04:57:18.3086783Z,2026-10-06T04:57:18.585Z
1218,3154.7,3155,0.3,3433,277.9,expression,4 select-capability-model-port,,cell:mechanic:project-gemini-structured-request.operation.1:expression.else.fields.payload.fields.normalizedTestimony:selection,mechanic,completed,FALSE,,2026-10-06T04:57:18.3087527Z,2026-10-06T04:57:18.3090688Z,2026-10-06T04:57:18.587Z
1219,3155.2,3155.2,0,3435,279.8,nested edge,4 select-capability-model-port,,cell:mechanic:project-gemini-structured-request.operation.1:expression.else.fields.payload.fields.normalizedTestimony:selection:false,,admitted,,,2026-10-06T04:57:18.3091848Z,2026-10-06T04:57:18.3092029Z,2026-10-06T04:57:18.589Z
1220,3155.3,3155.5,0.2,3437,281.5,expression,4 select-capability-model-port,,cell:mechanic:project-gemini-structured-request.operation.1:expression.else.fields.payload.fields.normalizedTestimony.else.when.left,mechanic,completed,VALUE,sda-semantic-value-graph-provider.v1,2026-10-06T04:57:18.3092865Z,2026-10-06T04:57:18.3095158Z,2026-10-06T04:57:18.591Z
1221,3155.6,3155.6,0,3439,283.4,nested edge,4 select-capability-model-port,,cell:mechanic:project-gemini-structured-request.operation.1:expression.else.fields.payload.fields.normalizedTestimony.else.when:dependency:1,,admitted,,,2026-10-06T04:57:18.3096125Z,2026-10-06T04:57:18.3096382Z,2026-10-06T04:57:18.593Z
1222,3155.7,3156,0.3,3441,285,expression,4 select-capability-model-port,,cell:mechanic:project-gemini-structured-request.operation.1:expression.else.fields.payload.fields.normalizedTestimony.else.when.right,mechanic,completed,VALUE,sda-semantic-value-graph-provider.v1,2026-10-06T04:57:18.3097254Z,2026-10-06T04:57:18.3100331Z,2026-10-06T04:57:18.595Z
1223,3156.1,3156.2,0,3443,286.8,nested edge,4 select-capability-model-port,,cell:mechanic:project-gemini-structured-request.operation.1:expression.else.fields.payload.fields.normalizedTestimony.else.when:dependency:result,,admitted,,,2026-10-06T04:57:18.3101712Z,2026-10-06T04:57:18.3102032Z,2026-10-06T04:57:18.597Z
1224,3156.3,3156.6,0.3,3445,288.4,expression,4 select-capability-model-port,,cell:mechanic:project-gemini-structured-request.operation.1:expression.else.fields.payload.fields.normalizedTestimony.else.when,mechanic,completed,FALSE,sda-semantic-value-graph-provider.v1,2026-10-06T04:57:18.3102821Z,2026-10-06T04:57:18.3105778Z,2026-10-06T04:57:18.599Z
1225,3156.7,3156.7,0,3447,290.3,nested edge,4 select-capability-model-port,,cell:mechanic:project-gemini-structured-request.operation.1:expression.else.fields.payload.fields.normalizedTestimony.else:selection:predicate,,admitted,,,2026-10-06T04:57:18.3107168Z,2026-10-06T04:57:18.3107320Z,2026-10-06T04:57:18.601Z
1226,3156.8,3157,0.3,3449,291.9,expression,4 select-capability-model-port,,cell:mechanic:project-gemini-structured-request.operation.1:expression.else.fields.payload.fields.normalizedTestimony.else:selection,mechanic,completed,FALSE,,2026-10-06T04:57:18.3108039Z,2026-10-06T04:57:18.3110684Z,2026-10-06T04:57:18.603Z
1227,3157.1,3157.2,0,3451,293.8,nested edge,4 select-capability-model-port,,cell:mechanic:project-gemini-structured-request.operation.1:expression.else.fields.payload.fields.normalizedTestimony.else:selection:false,,admitted,,,2026-10-06T04:57:18.3111555Z,2026-10-06T04:57:18.3111753Z,2026-10-06T04:57:18.605Z
1228,3157.2,3158.3,1.1,3452,293.6,expression,4 select-capability-model-port,,cell:mechanic:project-gemini-structured-request.operation.1:expression.else.fields.payload.fields.normalizedTestimony.else.else,mechanic,completed,VALUE,sda-semantic-value-graph-provider.v1,2026-10-06T04:57:18.3112380Z,2026-10-06T04:57:18.3123604Z,2026-10-06T04:57:18.606Z
1229,3158.4,3158.4,0,3454,295.5,nested edge,4 select-capability-model-port,,cell:mechanic:project-gemini-structured-request.operation.1:expression.else.fields.payload.fields.normalizedTestimony.else:else-result,,admitted,,,2026-10-06T04:57:18.3124577Z,2026-10-06T04:57:18.3124713Z,2026-10-06T04:57:18.608Z
1230,3158.5,3158.7,0.2,3456,297.2,expression,4 select-capability-model-port,,cell:mechanic:project-gemini-structured-request.operation.1:expression.else.fields.payload.fields.normalizedTestimony.else,mechanic,completed,VALUE,sda-semantic-value-graph-provider.v1,2026-10-06T04:57:18.3125608Z,2026-10-06T04:57:18.3127533Z,2026-10-06T04:57:18.610Z
1231,3158.9,3158.9,0,3458,299.1,nested edge,4 select-capability-model-port,,cell:mechanic:project-gemini-structured-request.operation.1:expression.else.fields.payload.fields.normalizedTestimony:else-result,,admitted,,,2026-10-06T04:57:18.3128835Z,2026-10-06T04:57:18.3128989Z,2026-10-06T04:57:18.612Z
1232,3159,3159.3,0.3,3467,307.7,expression,4 select-capability-model-port,,cell:mechanic:project-gemini-structured-request.operation.1:expression.else.fields.payload.fields.normalizedTestimony,mechanic,completed,VALUE,sda-semantic-value-graph-provider.v1,2026-10-06T04:57:18.3129904Z,2026-10-06T04:57:18.3132889Z,2026-10-06T04:57:18.621Z
1233,3159.4,3159.4,0,3473,313.6,nested edge,4 select-capability-model-port,,cell:mechanic:project-gemini-structured-request.operation.1:expression.else.fields.payload:dependency:5,,admitted,,,2026-10-06T04:57:18.3133947Z,2026-10-06T04:57:18.3134212Z,2026-10-06T04:57:18.627Z
1234,3159.5,3159.8,0.3,3475,315.2,expression,4 select-capability-model-port,,cell:mechanic:project-gemini-structured-request.operation.1:expression.else.fields.payload.fields.providerKind,mechanic,completed,VALUE,sda-semantic-value-graph-provider.v1,2026-10-06T04:57:18.3135002Z,2026-10-06T04:57:18.3138329Z,2026-10-06T04:57:18.629Z
1235,3159.9,3159.9,0,3477,317.1,nested edge,4 select-capability-model-port,,cell:mechanic:project-gemini-structured-request.operation.1:expression.else.fields.payload:dependency:6,,admitted,,,2026-10-06T04:57:18.3139195Z,2026-10-06T04:57:18.3139394Z,2026-10-06T04:57:18.631Z
1236,3160,3160.3,0.3,3479,318.7,expression,4 select-capability-model-port,,cell:mechanic:project-gemini-structured-request.operation.1:expression.else.fields.payload.fields.rejectionReason.when.left,mechanic,completed,VALUE,sda-semantic-value-graph-provider.v1,2026-10-06T04:57:18.3140182Z,2026-10-06T04:57:18.3142911Z,2026-10-06T04:57:18.633Z
1237,3160.4,3160.4,0,3481,320.6,nested edge,4 select-capability-model-port,,cell:mechanic:project-gemini-structured-request.operation.1:expression.else.fields.payload.fields.rejectionReason.when:dependency:1,,admitted,,,2026-10-06T04:57:18.3143857Z,2026-10-06T04:57:18.3144047Z,2026-10-06T04:57:18.635Z
1238,3160.4,3160.7,0.3,3483,322.3,expression,4 select-capability-model-port,,cell:mechanic:project-gemini-structured-request.operation.1:expression.else.fields.payload.fields.rejectionReason.when.right,mechanic,completed,VALUE,sda-semantic-value-graph-provider.v1,2026-10-06T04:57:18.3144678Z,2026-10-06T04:57:18.3147230Z,2026-10-06T04:57:18.637Z
1239,3161.6,3161.6,0,3485,323.3,nested edge,4 select-capability-model-port,,cell:mechanic:project-gemini-structured-request.operation.1:expression.else.fields.payload.fields.rejectionReason.when:dependency:result,,admitted,,,2026-10-06T04:57:18.3156235Z,2026-10-06T04:57:18.3156519Z,2026-10-06T04:57:18.639Z
1240,3161.7,3162,0.3,3486,324,expression,4 select-capability-model-port,,cell:mechanic:project-gemini-structured-request.operation.1:expression.else.fields.payload.fields.rejectionReason.when,mechanic,completed,FALSE,sda-semantic-value-graph-provider.v1,2026-10-06T04:57:18.3157369Z,2026-10-06T04:57:18.3160178Z,2026-10-06T04:57:18.640Z
1241,3162.1,3162.1,0,3488,325.9,nested edge,4 select-capability-model-port,,cell:mechanic:project-gemini-structured-request.operation.1:expression.else.fields.payload.fields.rejectionReason:selection:predicate,,admitted,,,2026-10-06T04:57:18.3161044Z,2026-10-06T04:57:18.3161249Z,2026-10-06T04:57:18.642Z
1242,3162.2,3162.4,0.2,3490,327.6,expression,4 select-capability-model-port,,cell:mechanic:project-gemini-structured-request.operation.1:expression.else.fields.payload.fields.rejectionReason:selection,mechanic,completed,FALSE,,2026-10-06T04:57:18.3161886Z,2026-10-06T04:57:18.3164218Z,2026-10-06T04:57:18.644Z
1243,3162.5,3162.5,0,3492,329.5,nested edge,4 select-capability-model-port,,cell:mechanic:project-gemini-structured-request.operation.1:expression.else.fields.payload.fields.rejectionReason:selection:false,,admitted,,,2026-10-06T04:57:18.3165093Z,2026-10-06T04:57:18.3165199Z,2026-10-06T04:57:18.646Z
1244,3162.6,3162.7,0.2,3494,331.2,expression,4 select-capability-model-port,,cell:mechanic:project-gemini-structured-request.operation.1:expression.else.fields.payload.fields.rejectionReason.else,mechanic,completed,VALUE,sda-semantic-value-graph-provider.v1,2026-10-06T04:57:18.3165767Z,2026-10-06T04:57:18.3167571Z,2026-10-06T04:57:18.648Z
1245,3162.8,3162.9,0,3495,332.1,nested edge,4 select-capability-model-port,,cell:mechanic:project-gemini-structured-request.operation.1:expression.else.fields.payload.fields.rejectionReason:else-result,,admitted,,,2026-10-06T04:57:18.3168492Z,2026-10-06T04:57:18.3168745Z,2026-10-06T04:57:18.649Z
1246,3162.9,3163.2,0.3,3497,333.8,expression,4 select-capability-model-port,,cell:mechanic:project-gemini-structured-request.operation.1:expression.else.fields.payload.fields.rejectionReason,mechanic,completed,VALUE,sda-semantic-value-graph-provider.v1,2026-10-06T04:57:18.3169467Z,2026-10-06T04:57:18.3172391Z,2026-10-06T04:57:18.651Z
1247,3163.3,3163.3,0,3499,335.6,nested edge,4 select-capability-model-port,,cell:mechanic:project-gemini-structured-request.operation.1:expression.else.fields.payload:dependency:7,,admitted,,,2026-10-06T04:57:18.3173423Z,2026-10-06T04:57:18.3173688Z,2026-10-06T04:57:18.653Z
1248,3163.4,3163.7,0.3,3501,337.3,expression,4 select-capability-model-port,,cell:mechanic:project-gemini-structured-request.operation.1:expression.else.fields.payload.fields.repairCount,mechanic,completed,VALUE,sda-semantic-value-graph-provider.v1,2026-10-06T04:57:18.3174440Z,2026-10-06T04:57:18.3177435Z,2026-10-06T04:57:18.655Z
1249,3163.8,3163.8,0,3503,339.1,nested edge,4 select-capability-model-port,,cell:mechanic:project-gemini-structured-request.operation.1:expression.else.fields.payload:dependency:8,,admitted,,,2026-10-06T04:57:18.3178489Z,2026-10-06T04:57:18.3178714Z,2026-10-06T04:57:18.657Z
1250,3163.9,3164.2,0.3,3505,340.8,expression,4 select-capability-model-port,,cell:mechanic:project-gemini-structured-request.operation.1:expression.else.fields.payload.fields.retryCount,mechanic,completed,VALUE,sda-semantic-value-graph-provider.v1,2026-10-06T04:57:18.3179499Z,2026-10-06T04:57:18.3182265Z,2026-10-06T04:57:18.659Z
1251,3164.3,3164.3,0,3507,342.6,nested edge,4 select-capability-model-port,,cell:mechanic:project-gemini-structured-request.operation.1:expression.else.fields.payload:dependency:9,,admitted,,,2026-10-06T04:57:18.3183199Z,2026-10-06T04:57:18.3183556Z,2026-10-06T04:57:18.661Z
1252,3164.4,3164.7,0.3,3509,344.3,expression,4 select-capability-model-port,,cell:mechanic:project-gemini-structured-request.operation.1:expression.else.fields.payload.fields.wireRequest.when.left,mechanic,completed,VALUE,sda-semantic-value-graph-provider.v1,2026-10-06T04:57:18.3184375Z,2026-10-06T04:57:18.3187004Z,2026-10-06T04:57:18.663Z
1253,3164.9,3165,0,3511,346,nested edge,4 select-capability-model-port,,cell:mechanic:project-gemini-structured-request.operation.1:expression.else.fields.payload.fields.wireRequest.when:dependency:1,,admitted,,,2026-10-06T04:57:18.3189675Z,2026-10-06T04:57:18.3189965Z,2026-10-06T04:57:18.665Z
1254,3165.1,3165.3,0.3,3512,346.6,expression,4 select-capability-model-port,,cell:mechanic:project-gemini-structured-request.operation.1:expression.else.fields.payload.fields.wireRequest.when.right,mechanic,completed,VALUE,sda-semantic-value-graph-provider.v1,2026-10-06T04:57:18.3190907Z,2026-10-06T04:57:18.3193542Z,2026-10-06T04:57:18.666Z
1255,3165.4,3165.4,0,3514,348.5,nested edge,4 select-capability-model-port,,cell:mechanic:project-gemini-structured-request.operation.1:expression.else.fields.payload.fields.wireRequest.when:dependency:result,,admitted,,,2026-10-06T04:57:18.3194458Z,2026-10-06T04:57:18.3194582Z,2026-10-06T04:57:18.668Z
1256,3165.5,3165.8,0.3,3516,350.2,expression,4 select-capability-model-port,,cell:mechanic:project-gemini-structured-request.operation.1:expression.else.fields.payload.fields.wireRequest.when,mechanic,completed,FALSE,sda-semantic-value-graph-provider.v1,2026-10-06T04:57:18.3195479Z,2026-10-06T04:57:18.3198251Z,2026-10-06T04:57:18.670Z
1257,3165.9,3166,0,3517,351,nested edge,4 select-capability-model-port,,cell:mechanic:project-gemini-structured-request.operation.1:expression.else.fields.payload.fields.wireRequest:selection:predicate,,admitted,,,2026-10-06T04:57:18.3199625Z,2026-10-06T04:57:18.3200068Z,2026-10-06T04:57:18.671Z
1258,3166.1,3166.4,0.3,3519,352.6,expression,4 select-capability-model-port,,cell:mechanic:project-gemini-structured-request.operation.1:expression.else.fields.payload.fields.wireRequest:selection,mechanic,completed,FALSE,,2026-10-06T04:57:18.3201147Z,2026-10-06T04:57:18.3203793Z,2026-10-06T04:57:18.673Z
1259,3166.5,3166.5,0,3522,355.5,nested edge,4 select-capability-model-port,,cell:mechanic:project-gemini-structured-request.operation.1:expression.else.fields.payload.fields.wireRequest:selection:false,,admitted,,,2026-10-06T04:57:18.3204763Z,2026-10-06T04:57:18.3204925Z,2026-10-06T04:57:18.676Z
1260,3166.6,3166.9,0.4,3523,356,expression,4 select-capability-model-port,,cell:mechanic:project-gemini-structured-request.operation.1:expression.else.fields.payload.fields.wireRequest.else.when.left,mechanic,completed,VALUE,sda-semantic-value-graph-provider.v1,2026-10-06T04:57:18.3205943Z,2026-10-06T04:57:18.3209514Z,2026-10-06T04:57:18.677Z
1261,3167,3167.1,0,3525,357.9,nested edge,4 select-capability-model-port,,cell:mechanic:project-gemini-structured-request.operation.1:expression.else.fields.payload.fields.wireRequest.else.when:dependency:1,,admitted,,,2026-10-06T04:57:18.3210610Z,2026-10-06T04:57:18.3210772Z,2026-10-06T04:57:18.679Z
1262,3167.1,3167.4,0.3,3527,359.6,expression,4 select-capability-model-port,,cell:mechanic:project-gemini-structured-request.operation.1:expression.else.fields.payload.fields.wireRequest.else.when.right,mechanic,completed,VALUE,sda-semantic-value-graph-provider.v1,2026-10-06T04:57:18.3211655Z,2026-10-06T04:57:18.3214207Z,2026-10-06T04:57:18.681Z
1263,3167.5,3167.5,0,3529,361.4,nested edge,4 select-capability-model-port,,cell:mechanic:project-gemini-structured-request.operation.1:expression.else.fields.payload.fields.wireRequest.else.when:dependency:result,,admitted,,,2026-10-06T04:57:18.3215244Z,2026-10-06T04:57:18.3215559Z,2026-10-06T04:57:18.683Z
1264,3167.6,3167.9,0.3,3531,363.1,expression,4 select-capability-model-port,,cell:mechanic:project-gemini-structured-request.operation.1:expression.else.fields.payload.fields.wireRequest.else.when,mechanic,completed,TRUE,sda-semantic-value-graph-provider.v1,2026-10-06T04:57:18.3216320Z,2026-10-06T04:57:18.3219001Z,2026-10-06T04:57:18.685Z
1265,3168,3168,0,3533,365,nested edge,4 select-capability-model-port,,cell:mechanic:project-gemini-structured-request.operation.1:expression.else.fields.payload.fields.wireRequest.else:selection:predicate,,admitted,,,2026-10-06T04:57:18.3220152Z,2026-10-06T04:57:18.3220423Z,2026-10-06T04:57:18.687Z
1266,3168.1,3168.4,0.3,3535,366.6,expression,4 select-capability-model-port,,cell:mechanic:project-gemini-structured-request.operation.1:expression.else.fields.payload.fields.wireRequest.else:selection,mechanic,completed,TRUE,,2026-10-06T04:57:18.3221288Z,2026-10-06T04:57:18.3223953Z,2026-10-06T04:57:18.689Z
1267,3168.5,3168.5,0,3537,368.5,nested edge,4 select-capability-model-port,,cell:mechanic:project-gemini-structured-request.operation.1:expression.else.fields.payload.fields.wireRequest.else:selection:true,,admitted,,,2026-10-06T04:57:18.3225002Z,2026-10-06T04:57:18.3225295Z,2026-10-06T04:57:18.691Z
1268,3168.6,3169.8,1.2,3539,369.2,expression,4 select-capability-model-port,,cell:mechanic:project-gemini-structured-request.operation.1:expression.else.fields.payload.fields.wireRequest.else.then.fields.contents,mechanic,completed,VALUE,sda-semantic-value-graph-provider.v1,2026-10-06T04:57:18.3226198Z,2026-10-06T04:57:18.3238277Z,2026-10-06T04:57:18.693Z
1269,3170,3170,0,3541,371,nested edge,4 select-capability-model-port,,cell:mechanic:project-gemini-structured-request.operation.1:expression.else.fields.payload.fields.wireRequest.else.then:dependency:1,,admitted,,,2026-10-06T04:57:18.3239897Z,2026-10-06T04:57:18.3240226Z,2026-10-06T04:57:18.695Z
1270,3170.1,3170.4,0.3,3543,372.6,expression,4 select-capability-model-port,,cell:mechanic:project-gemini-structured-request.operation.1:expression.else.fields.payload.fields.wireRequest.else.then.fields.generationConfig.fields.maxOutputTokens,mechanic,completed,VALUE,sda-semantic-value-graph-provider.v1,2026-10-06T04:57:18.3241040Z,2026-10-06T04:57:18.3243829Z,2026-10-06T04:57:18.697Z
1271,3170.5,3170.5,0,3544,373.5,nested edge,4 select-capability-model-port,,cell:mechanic:project-gemini-structured-request.operation.1:expression.else.fields.payload.fields.wireRequest.else.then.fields.generationConfig:dependency:1,,admitted,,,2026-10-06T04:57:18.3244895Z,2026-10-06T04:57:18.3245153Z,2026-10-06T04:57:18.698Z
1272,3170.6,3171.5,1,3546,374.4,expression,4 select-capability-model-port,,cell:mechanic:project-gemini-structured-request.operation.1:expression.else.fields.payload.fields.wireRequest.else.then.fields.generationConfig.fields.responseMimeType,mechanic,completed,VALUE,sda-semantic-value-graph-provider.v1,2026-10-06T04:57:18.3245946Z,2026-10-06T04:57:18.3255526Z,2026-10-06T04:57:18.700Z
1273,3171.7,3171.7,0,3548,376.3,nested edge,4 select-capability-model-port,,cell:mechanic:project-gemini-structured-request.operation.1:expression.else.fields.payload.fields.wireRequest.else.then.fields.generationConfig:dependency:2,,admitted,,,2026-10-06T04:57:18.3256804Z,2026-10-06T04:57:18.3256982Z,2026-10-06T04:57:18.702Z
1274,3171.8,3172,0.3,3550,377.9,expression,4 select-capability-model-port,,cell:mechanic:project-gemini-structured-request.operation.1:expression.else.fields.payload.fields.wireRequest.else.then.fields.generationConfig.fields.responseSchema,mechanic,completed,VALUE,sda-semantic-value-graph-provider.v1,2026-10-06T04:57:18.3257800Z,2026-10-06T04:57:18.3260625Z,2026-10-06T04:57:18.704Z
1275,3172.2,3172.2,0,3552,379.8,nested edge,4 select-capability-model-port,,cell:mechanic:project-gemini-structured-request.operation.1:expression.else.fields.payload.fields.wireRequest.else.then.fields.generationConfig:dependency:3,,admitted,,,2026-10-06T04:57:18.3261836Z,2026-10-06T04:57:18.3262267Z,2026-10-06T04:57:18.706Z
1276,3172.3,3172.6,0.3,3553,380.4,expression,4 select-capability-model-port,,cell:mechanic:project-gemini-structured-request.operation.1:expression.else.fields.payload.fields.wireRequest.else.then.fields.generationConfig.fields.temperature,mechanic,completed,VALUE,sda-semantic-value-graph-provider.v1,2026-10-06T04:57:18.3263197Z,2026-10-06T04:57:18.3266114Z,2026-10-06T04:57:18.707Z
1277,3172.7,3172.8,0,3555,382.2,nested edge,4 select-capability-model-port,,cell:mechanic:project-gemini-structured-request.operation.1:expression.else.fields.payload.fields.wireRequest.else.then.fields.generationConfig:dependency:result,,admitted,,,2026-10-06T04:57:18.3267516Z,2026-10-06T04:57:18.3267793Z,2026-10-06T04:57:18.709Z
1278,3172.8,3173.2,0.4,3556,382.8,expression,4 select-capability-model-port,,cell:mechanic:project-gemini-structured-request.operation.1:expression.else.fields.payload.fields.wireRequest.else.then.fields.generationConfig,mechanic,completed,VALUE,sda-semantic-value-graph-provider.v1,2026-10-06T04:57:18.3268722Z,2026-10-06T04:57:18.3272275Z,2026-10-06T04:57:18.710Z
1279,3173.3,3173.3,0,3558,384.6,nested edge,4 select-capability-model-port,,cell:mechanic:project-gemini-structured-request.operation.1:expression.else.fields.payload.fields.wireRequest.else.then:dependency:2,,admitted,,,2026-10-06T04:57:18.3273398Z,2026-10-06T04:57:18.3273732Z,2026-10-06T04:57:18.712Z
1280,3173.4,3173.8,0.3,3560,386.2,expression,4 select-capability-model-port,,cell:mechanic:project-gemini-structured-request.operation.1:expression.else.fields.payload.fields.wireRequest.else.then.fields.systemInstruction,mechanic,completed,VALUE,sda-semantic-value-graph-provider.v1,2026-10-06T04:57:18.3274696Z,2026-10-06T04:57:18.3277958Z,2026-10-06T04:57:18.714Z
1281,3173.9,3174,0,3562,388,nested edge,4 select-capability-model-port,,cell:mechanic:project-gemini-structured-request.operation.1:expression.else.fields.payload.fields.wireRequest.else.then:dependency:result,,admitted,,,2026-10-06T04:57:18.3279402Z,2026-10-06T04:57:18.3279745Z,2026-10-06T04:57:18.716Z
1282,3174,3174.4,0.4,3564,389.6,expression,4 select-capability-model-port,,cell:mechanic:project-gemini-structured-request.operation.1:expression.else.fields.payload.fields.wireRequest.else.then,mechanic,completed,VALUE,sda-semantic-value-graph-provider.v1,2026-10-06T04:57:18.3280537Z,2026-10-06T04:57:18.3284350Z,2026-10-06T04:57:18.718Z
1283,3174.5,3174.6,0.1,3565,390.4,nested edge,4 select-capability-model-port,,cell:mechanic:project-gemini-structured-request.operation.1:expression.else.fields.payload.fields.wireRequest.else:then-result,,admitted,,,2026-10-06T04:57:18.3285634Z,2026-10-06T04:57:18.3286270Z,2026-10-06T04:57:18.719Z
1284,3174.7,3175.1,0.4,3567,391.9,expression,4 select-capability-model-port,,cell:mechanic:project-gemini-structured-request.operation.1:expression.else.fields.payload.fields.wireRequest.else,mechanic,completed,VALUE,sda-semantic-value-graph-provider.v1,2026-10-06T04:57:18.3287196Z,2026-10-06T04:57:18.3291254Z,2026-10-06T04:57:18.721Z
1285,3175.2,3175.3,0.1,3569,393.7,nested edge,4 select-capability-model-port,,cell:mechanic:project-gemini-structured-request.operation.1:expression.else.fields.payload.fields.wireRequest:else-result,,admitted,,,2026-10-06T04:57:18.3292600Z,2026-10-06T04:57:18.3293323Z,2026-10-06T04:57:18.723Z
1286,3175.4,3175.8,0.4,3571,395.2,expression,4 select-capability-model-port,,cell:mechanic:project-gemini-structured-request.operation.1:expression.else.fields.payload.fields.wireRequest,mechanic,completed,VALUE,sda-semantic-value-graph-provider.v1,2026-10-06T04:57:18.3294366Z,2026-10-06T04:57:18.3298231Z,2026-10-06T04:57:18.725Z
1287,3175.9,3176.1,0.1,3573,396.9,nested edge,4 select-capability-model-port,,cell:mechanic:project-gemini-structured-request.operation.1:expression.else.fields.payload:dependency:result,,admitted,,,2026-10-06T04:57:18.3299725Z,2026-10-06T04:57:18.3300783Z,2026-10-06T04:57:18.727Z
1288,3176.1,3176.6,0.5,3575,398.4,expression,4 select-capability-model-port,,cell:mechanic:project-gemini-structured-request.operation.1:expression.else.fields.payload,mechanic,completed,projected,sda-semantic-value-graph-provider.v1,2026-10-06T04:57:18.3301554Z,2026-10-06T04:57:18.3306494Z,2026-10-06T04:57:18.729Z
1289,3179,3179,0.1,3577,397.9,nested edge,4 select-capability-model-port,,cell:mechanic:project-gemini-structured-request.operation.1:expression.else:dependency:result,,admitted,,,2026-10-06T04:57:18.3329858Z,2026-10-06T04:57:18.3330558Z,2026-10-06T04:57:18.731Z
1290,3179.1,3179.6,0.5,3579,399.4,expression,4 select-capability-model-port,,cell:mechanic:project-gemini-structured-request.operation.1:expression.else,mechanic,completed,VALUE,sda-semantic-value-graph-provider.v1,2026-10-06T04:57:18.3331239Z,2026-10-06T04:57:18.3335981Z,2026-10-06T04:57:18.733Z
1291,3179.7,3179.8,0.1,3580,400.2,nested edge,4 select-capability-model-port,,cell:mechanic:project-gemini-structured-request.operation.1:expression:else-result,,admitted,,,2026-10-06T04:57:18.3337498Z,2026-10-06T04:57:18.3338020Z,2026-10-06T04:57:18.734Z
1292,3179.8,3180.2,0.3,3582,401.8,expression,4 select-capability-model-port,,cell:mechanic:project-gemini-structured-request.operation.1:expression,mechanic,completed,VALUE,sda-semantic-value-graph-provider.v1,2026-10-06T04:57:18.3338711Z,2026-10-06T04:57:18.3342136Z,2026-10-06T04:57:18.736Z
1293,3180.4,3180.4,0,3584,403.6,nested edge,4 select-capability-model-port,,edge:return:cell:mechanic:project-gemini-structured-request.operation.1:expression:cell:mechanic:project-gemini-structured-request.operation.1:0,,admitted,,,2026-10-06T04:57:18.3343763Z,2026-10-06T04:57:18.3344258Z,2026-10-06T04:57:18.738Z
1295,3181.8,3181.9,0.1,3588,406.1,nested edge,4 select-capability-model-port,,edge:return:project-gemini-structured-request,,admitted,,,2026-10-06T04:57:18.3358291Z,2026-10-06T04:57:18.3358846Z,2026-10-06T04:57:18.742Z
1296,3181.9,3182.2,0.2,3590,407.8,nested scenario,4 select-capability-model-port,,cell:scenario:project-gemini-structured-request,scenario,completed,TERMINAL,,2026-10-06T04:57:18.3359624Z,2026-10-06T04:57:18.3361925Z,2026-10-06T04:57:18.744Z
1298,3184.7,3184.8,0.1,3593,408.2,nested edge,4 select-capability-model-port,,edge:sequence:execute-projected-model-provider-attempt:1,,admitted,,,2026-10-06T04:57:18.3387161Z,2026-10-06T04:57:18.3388408Z,2026-10-06T04:57:18.747Z
1319,3184.9,3192.7,7.8,3636,443.3,nested step,4 select-capability-model-port,prepare-request-body-port,cell:mechanic:execute-projected-model-provider-attempt.operation.2,mechanic,completed,SUCCESS,sda-semantic-value-graph-provider.v1,2026-10-06T04:57:18.3389098Z,2026-10-06T04:57:18.3467477Z,2026-10-06T04:57:18.790Z
1299,3185.1,3185.6,0.5,3595,409.4,expression,4 select-capability-model-port,,cell:mechanic:execute-projected-model-provider-attempt.operation.2:expression.values.0,mechanic,completed,VALUE,sda-semantic-value-graph-provider.v1,2026-10-06T04:57:18.3391243Z,2026-10-06T04:57:18.3396481Z,2026-10-06T04:57:18.749Z
1300,3185.9,3186,0.1,3597,411,nested edge,4 select-capability-model-port,,cell:mechanic:execute-projected-model-provider-attempt.operation.2:expression:dependency:1,,admitted,,,2026-10-06T04:57:18.3398937Z,2026-10-06T04:57:18.3400388Z,2026-10-06T04:57:18.751Z
1301,3186.1,3186.7,0.6,3599,412.3,expression,4 select-capability-model-port,,cell:mechanic:execute-projected-model-provider-attempt.operation.2:expression.values.1.fields.requestBodyProjectionRequest.fields.contractId,mechanic,completed,VALUE,sda-semantic-value-graph-provider.v1,2026-10-06T04:57:18.3401697Z,2026-10-06T04:57:18.3407450Z,2026-10-06T04:57:18.753Z
1302,3186.9,3187,0,3601,414,nested edge,4 select-capability-model-port,,cell:mechanic:execute-projected-model-provider-attempt.operation.2:expression.values.1.fields.requestBodyProjectionRequest:dependency:1,,admitted,,,2026-10-06T04:57:18.3409528Z,2026-10-06T04:57:18.3409926Z,2026-10-06T04:57:18.755Z
1303,3187.1,3187.3,0.3,3603,415.7,expression,4 select-capability-model-port,,cell:mechanic:execute-projected-model-provider-attempt.operation.2:expression.values.1.fields.requestBodyProjectionRequest.fields.payload.fields.invocationIdentity,mechanic,completed,VALUE,sda-semantic-value-graph-provider.v1,2026-10-06T04:57:18.3410749Z,2026-10-06T04:57:18.3413397Z,2026-10-06T04:57:18.757Z
1304,3187.4,3187.4,0,3605,417.5,nested edge,4 select-capability-model-port,,cell:mechanic:execute-projected-model-provider-attempt.operation.2:expression.values.1.fields.requestBodyProjectionRequest.fields.payload:dependency:1,,admitted,,,2026-10-06T04:57:18.3414527Z,2026-10-06T04:57:18.3414732Z,2026-10-06T04:57:18.759Z
1305,3187.5,3187.8,0.3,3607,419.2,expression,4 select-capability-model-port,,cell:mechanic:execute-projected-model-provider-attempt.operation.2:expression.values.1.fields.requestBodyProjectionRequest.fields.payload.fields.projectionAuthorityIdentity,mechanic,completed,VALUE,sda-semantic-value-graph-provider.v1,2026-10-06T04:57:18.3415411Z,2026-10-06T04:57:18.3418177Z,2026-10-06T04:57:18.761Z
1306,3187.9,3187.9,0,3609,421,nested edge,4 select-capability-model-port,,cell:mechanic:execute-projected-model-provider-attempt.operation.2:expression.values.1.fields.requestBodyProjectionRequest.fields.payload:dependency:2,,admitted,,,2026-10-06T04:57:18.3419308Z,2026-10-06T04:57:18.3419589Z,2026-10-06T04:57:18.763Z
1307,3188,3188.3,0.3,3610,421.7,expression,4 select-capability-model-port,,cell:mechanic:execute-projected-model-provider-attempt.operation.2:expression.values.1.fields.requestBodyProjectionRequest.fields.payload.fields.providerAdapterIdentity,mechanic,completed,VALUE,sda-semantic-value-graph-provider.v1,2026-10-06T04:57:18.3420503Z,2026-10-06T04:57:18.3423357Z,2026-10-06T04:57:18.764Z
1308,3188.4,3188.4,0,3612,423.5,nested edge,4 select-capability-model-port,,cell:mechanic:execute-projected-model-provider-attempt.operation.2:expression.values.1.fields.requestBodyProjectionRequest.fields.payload:dependency:3,,admitted,,,2026-10-06T04:57:18.3424280Z,2026-10-06T04:57:18.3424516Z,2026-10-06T04:57:18.766Z
1309,3188.5,3188.8,0.3,3614,425.1,expression,4 select-capability-model-port,,cell:mechanic:execute-projected-model-provider-attempt.operation.2:expression.values.1.fields.requestBodyProjectionRequest.fields.payload.fields.wireRequestDocument,mechanic,completed,VALUE,sda-semantic-value-graph-provider.v1,2026-10-06T04:57:18.3425441Z,2026-10-06T04:57:18.3428601Z,2026-10-06T04:57:18.768Z
1310,3189,3189,0.1,3616,426.9,nested edge,4 select-capability-model-port,,cell:mechanic:execute-projected-model-provider-attempt.operation.2:expression.values.1.fields.requestBodyProjectionRequest.fields.payload:dependency:result,,admitted,,,2026-10-06T04:57:18.3430132Z,2026-10-06T04:57:18.3430686Z,2026-10-06T04:57:18.770Z
1311,3189.1,3189.6,0.4,3618,428.4,expression,4 select-capability-model-port,,cell:mechanic:execute-projected-model-provider-attempt.operation.2:expression.values.1.fields.requestBodyProjectionRequest.fields.payload,mechanic,completed,VALUE,sda-semantic-value-graph-provider.v1,2026-10-06T04:57:18.3431528Z,2026-10-06T04:57:18.3435787Z,2026-10-06T04:57:18.772Z
1312,3189.7,3189.8,0.1,3621,431.2,nested edge,4 select-capability-model-port,,cell:mechanic:execute-projected-model-provider-attempt.operation.2:expression.values.1.fields.requestBodyProjectionRequest:dependency:result,,admitted,,,2026-10-06T04:57:18.3437422Z,2026-10-06T04:57:18.3438172Z,2026-10-06T04:57:18.775Z
1313,3189.9,3190.3,0.4,3623,432.7,expression,4 select-capability-model-port,,cell:mechanic:execute-projected-model-provider-attempt.operation.2:expression.values.1.fields.requestBodyProjectionRequest,mechanic,completed,VALUE,sda-semantic-value-graph-provider.v1,2026-10-06T04:57:18.3439097Z,2026-10-06T04:57:18.3443429Z,2026-10-06T04:57:18.777Z
1314,3190.5,3190.5,0.1,3625,434.4,nested edge,4 select-capability-model-port,,cell:mechanic:execute-projected-model-provider-attempt.operation.2:expression.values.1:dependency:result,,admitted,,,2026-10-06T04:57:18.3445102Z,2026-10-06T04:57:18.3445728Z,2026-10-06T04:57:18.779Z
1315,3190.6,3191.1,0.5,3628,436.9,expression,4 select-capability-model-port,,cell:mechanic:execute-projected-model-provider-attempt.operation.2:expression.values.1,mechanic,completed,VALUE,sda-semantic-value-graph-provider.v1,2026-10-06T04:57:18.3446574Z,2026-10-06T04:57:18.3451487Z,2026-10-06T04:57:18.782Z
1316,3191.3,3191.3,0.1,3630,438.6,nested edge,4 select-capability-model-port,,cell:mechanic:execute-projected-model-provider-attempt.operation.2:expression:dependency:result,,admitted,,,2026-10-06T04:57:18.3453017Z,2026-10-06T04:57:18.3453552Z,2026-10-06T04:57:18.784Z
1317,3191.4,3191.9,0.5,3632,440,expression,4 select-capability-model-port,,cell:mechanic:execute-projected-model-provider-attempt.operation.2:expression,mechanic,completed,VALUE,sda-semantic-value-graph-provider.v1,2026-10-06T04:57:18.3454502Z,2026-10-06T04:57:18.3459633Z,2026-10-06T04:57:18.786Z
1318,3192.1,3192.3,0.1,3634,441.7,nested edge,4 select-capability-model-port,,edge:return:cell:mechanic:execute-projected-model-provider-attempt.operation.2:expression:cell:mechanic:execute-projected-model-provider-attempt.operation.2:0,,admitted,,,2026-10-06T04:57:18.3461672Z,2026-10-06T04:57:18.3462782Z,2026-10-06T04:57:18.788Z
1320,3193,3193.1,0.1,3638,444.9,nested edge,4 select-capability-model-port,,edge:sequence:execute-projected-model-provider-attempt:2,,admitted,,,2026-10-06T04:57:18.3470304Z,2026-10-06T04:57:18.3471374Z,2026-10-06T04:57:18.792Z
1321,3193.2,3216.1,23,3641,424.9,nested step,4 select-capability-model-port,project-request-body-port,cell:mechanic:execute-projected-model-provider-attempt.operation.3,mechanic,completed,SUCCESS,node:provider:sda-projected-capability-invocation-port.v2,2026-10-06T04:57:18.3471843Z,2026-10-06T04:57:18.3701422Z,2026-10-06T04:57:18.795Z
1322,3216.6,3216.8,0.2,3643,426.2,nested edge,4 select-capability-model-port,,edge:sequence:execute-projected-model-provider-attempt:3,,admitted,,,2026-10-06T04:57:18.3706036Z,2026-10-06T04:57:18.3708059Z,2026-10-06T04:57:18.797Z
1347,3216.9,3248.3,31.5,3719,470.6,nested step,4 select-capability-model-port,prepare-credential-binding-port,cell:mechanic:execute-projected-model-provider-attempt.operation.4,mechanic,completed,SUCCESS,sda-semantic-value-graph-provider.v1,2026-10-06T04:57:18.3709041Z,2026-10-06T04:57:18.4023589Z,2026-10-06T04:57:18.873Z
1323,3217.2,3239.1,21.9,3645,405.9,expression,4 select-capability-model-port,,cell:mechanic:execute-projected-model-provider-attempt.operation.4:expression.values.0,mechanic,completed,VALUE,sda-semantic-value-graph-provider.v1,2026-10-06T04:57:18.3711897Z,2026-10-06T04:57:18.3930816Z,2026-10-06T04:57:18.799Z
1324,3239.5,3239.6,0.1,3648,408.4,nested edge,4 select-capability-model-port,,cell:mechanic:execute-projected-model-provider-attempt.operation.4:expression:dependency:1,,admitted,,,2026-10-06T04:57:18.3934947Z,2026-10-06T04:57:18.3936080Z,2026-10-06T04:57:18.802Z
1325,3239.7,3240.1,0.5,3650,409.8,expression,4 select-capability-model-port,,cell:mechanic:execute-projected-model-provider-attempt.operation.4:expression.values.1.fields.credentialBindingRequest.fields.contractId,mechanic,completed,VALUE,sda-semantic-value-graph-provider.v1,2026-10-06T04:57:18.3936830Z,2026-10-06T04:57:18.3941571Z,2026-10-06T04:57:18.804Z
1326,3240.3,3240.3,0,3653,412.7,nested edge,4 select-capability-model-port,,cell:mechanic:execute-projected-model-provider-attempt.operation.4:expression.values.1.fields.credentialBindingRequest:dependency:1,,admitted,,,2026-10-06T04:57:18.3943348Z,2026-10-06T04:57:18.3943477Z,2026-10-06T04:57:18.807Z
1327,3240.4,3240.5,0.2,3656,415.4,expression,4 select-capability-model-port,,cell:mechanic:execute-projected-model-provider-attempt.operation.4:expression.values.1.fields.credentialBindingRequest.fields.payload.fields.credentialReference,mechanic,completed,VALUE,sda-semantic-value-graph-provider.v1,2026-10-06T04:57:18.3944028Z,2026-10-06T04:57:18.3945652Z,2026-10-06T04:57:18.810Z
1328,3240.6,3240.6,0,3659,418.4,nested edge,4 select-capability-model-port,,cell:mechanic:execute-projected-model-provider-attempt.operation.4:expression.values.1.fields.credentialBindingRequest.fields.payload:dependency:1,,admitted,,,2026-10-06T04:57:18.3946259Z,2026-10-06T04:57:18.3946344Z,2026-10-06T04:57:18.813Z
1329,3240.7,3240.8,0.2,3661,420.2,expression,4 select-capability-model-port,,cell:mechanic:execute-projected-model-provider-attempt.operation.4:expression.values.1.fields.credentialBindingRequest.fields.payload.fields.effectLineage,mechanic,completed,VALUE,sda-semantic-value-graph-provider.v1,2026-10-06T04:57:18.3946756Z,2026-10-06T04:57:18.3948349Z,2026-10-06T04:57:18.815Z
1330,3240.9,3240.9,0,3663,422.1,nested edge,4 select-capability-model-port,,cell:mechanic:execute-projected-model-provider-attempt.operation.4:expression.values.1.fields.credentialBindingRequest.fields.payload:dependency:2,,admitted,,,2026-10-06T04:57:18.3948941Z,2026-10-06T04:57:18.3949096Z,2026-10-06T04:57:18.817Z
1331,3241,3241.2,0.2,3666,424.8,expression,4 select-capability-model-port,,cell:mechanic:execute-projected-model-provider-attempt.operation.4:expression.values.1.fields.credentialBindingRequest.fields.payload.fields.effectScope,mechanic,completed,VALUE,sda-semantic-value-graph-provider.v1,2026-10-06T04:57:18.3949782Z,2026-10-06T04:57:18.3952266Z,2026-10-06T04:57:18.820Z
1332,3241.3,3241.3,0,3668,426.7,nested edge,4 select-capability-model-port,,cell:mechanic:execute-projected-model-provider-attempt.operation.4:expression.values.1.fields.credentialBindingRequest.fields.payload:dependency:3,,admitted,,,2026-10-06T04:57:18.3953187Z,2026-10-06T04:57:18.3953387Z,2026-10-06T04:57:18.822Z
1333,3241.4,3241.7,0.3,3671,429.3,expression,4 select-capability-model-port,,cell:mechanic:execute-projected-model-provider-attempt.operation.4:expression.values.1.fields.credentialBindingRequest.fields.payload.fields.endpointAuthorityDigest,mechanic,completed,VALUE,sda-semantic-value-graph-provider.v1,2026-10-06T04:57:18.3954120Z,2026-10-06T04:57:18.3956797Z,2026-10-06T04:57:18.825Z
1334,3241.7,3241.8,0,3674,432.2,nested edge,4 select-capability-model-port,,cell:mechanic:execute-projected-model-provider-attempt.operation.4:expression.values.1.fields.credentialBindingRequest.fields.payload:dependency:4,,admitted,,,2026-10-06T04:57:18.3957704Z,2026-10-06T04:57:18.3957877Z,2026-10-06T04:57:18.828Z
1335,3241.8,3242.1,0.2,3676,433.9,expression,4 select-capability-model-port,,cell:mechanic:execute-projected-model-provider-attempt.operation.4:expression.values.1.fields.credentialBindingRequest.fields.payload.fields.invocationIdentity,mechanic,completed,VALUE,sda-semantic-value-graph-provider.v1,2026-10-06T04:57:18.3958609Z,2026-10-06T04:57:18.3961008Z,2026-10-06T04:57:18.830Z
1336,3242.2,3242.2,0,3679,436.8,nested edge,4 select-capability-model-port,,cell:mechanic:execute-projected-model-provider-attempt.operation.4:expression.values.1.fields.credentialBindingRequest.fields.payload:dependency:5,,admitted,,,2026-10-06T04:57:18.3962288Z,2026-10-06T04:57:18.3962453Z,2026-10-06T04:57:18.833Z
1337,3242.3,3242.5,0.2,3681,438.4,expression,4 select-capability-model-port,,cell:mechanic:execute-projected-model-provider-attempt.operation.4:expression.values.1.fields.credentialBindingRequest.fields.payload.fields.requestingCapabilityId,mechanic,completed,VALUE,sda-semantic-value-graph-provider.v1,2026-10-06T04:57:18.3963097Z,2026-10-06T04:57:18.3965593Z,2026-10-06T04:57:18.835Z
1338,3242.6,3242.6,0,3685,442.3,nested edge,4 select-capability-model-port,,cell:mechanic:execute-projected-model-provider-attempt.operation.4:expression.values.1.fields.credentialBindingRequest.fields.payload:dependency:result,,admitted,,,2026-10-06T04:57:18.3966377Z,2026-10-06T04:57:18.3966501Z,2026-10-06T04:57:18.839Z
1339,3242.7,3243.6,0.9,3687,443.4,expression,4 select-capability-model-port,,cell:mechanic:execute-projected-model-provider-attempt.operation.4:expression.values.1.fields.credentialBindingRequest.fields.payload,mechanic,completed,VALUE,sda-semantic-value-graph-provider.v1,2026-10-06T04:57:18.3967079Z,2026-10-06T04:57:18.3976341Z,2026-10-06T04:57:18.841Z
1340,3244.7,3244.7,0,3691,446.3,nested edge,4 select-capability-model-port,,cell:mechanic:execute-projected-model-provider-attempt.operation.4:expression.values.1.fields.credentialBindingRequest:dependency:result,,admitted,,,2026-10-06T04:57:18.3986800Z,2026-10-06T04:57:18.3987172Z,2026-10-06T04:57:18.845Z
1341,3244.8,3245.1,0.3,3694,448.8,expression,4 select-capability-model-port,,cell:mechanic:execute-projected-model-provider-attempt.operation.4:expression.values.1.fields.credentialBindingRequest,mechanic,completed,VALUE,sda-semantic-value-graph-provider.v1,2026-10-06T04:57:18.3988259Z,2026-10-06T04:57:18.3991608Z,2026-10-06T04:57:18.848Z
1342,3245.2,3245.2,0,3706,460.7,nested edge,4 select-capability-model-port,,cell:mechanic:execute-projected-model-provider-attempt.operation.4:expression.values.1:dependency:result,,admitted,,,2026-10-06T04:57:18.3992503Z,2026-10-06T04:57:18.3992733Z,2026-10-06T04:57:18.860Z
1343,3245.3,3245.6,0.3,3709,463.4,expression,4 select-capability-model-port,,cell:mechanic:execute-projected-model-provider-attempt.operation.4:expression.values.1,mechanic,completed,VALUE,sda-semantic-value-graph-provider.v1,2026-10-06T04:57:18.3993298Z,2026-10-06T04:57:18.3996174Z,2026-10-06T04:57:18.863Z
1344,3246.7,3246.8,0.1,3711,464.2,nested edge,4 select-capability-model-port,,cell:mechanic:execute-projected-model-provider-attempt.operation.4:expression:dependency:result,,admitted,,,2026-10-06T04:57:18.4007655Z,2026-10-06T04:57:18.4008245Z,2026-10-06T04:57:18.865Z
1345,3246.9,3247.4,0.5,3714,466.6,expression,4 select-capability-model-port,,cell:mechanic:execute-projected-model-provider-attempt.operation.4:expression,mechanic,completed,VALUE,sda-semantic-value-graph-provider.v1,2026-10-06T04:57:18.4008984Z,2026-10-06T04:57:18.4014217Z,2026-10-06T04:57:18.868Z
1346,3247.6,3247.7,0.1,3717,469.2,nested edge,4 select-capability-model-port,,edge:return:cell:mechanic:execute-projected-model-provider-attempt.operation.4:expression:cell:mechanic:execute-projected-model-provider-attempt.operation.4:0,,admitted,,,2026-10-06T04:57:18.4016523Z,2026-10-06T04:57:18.4017555Z,2026-10-06T04:57:18.871Z
1348,3248.6,3250.3,1.7,3721,470.7,nested edge,4 select-capability-model-port,,edge:sequence:execute-projected-model-provider-attempt:4,,admitted,,,2026-10-06T04:57:18.4026350Z,2026-10-06T04:57:18.4043225Z,2026-10-06T04:57:18.875Z
1349,3251.5,3283,31.5,3723,440,nested step,4 select-capability-model-port,bind-credential-port,cell:mechanic:execute-projected-model-provider-attempt.operation.5,mechanic,completed,SUCCESS,node:provider:sda-projected-capability-invocation-port.v2,2026-10-06T04:57:18.4055516Z,2026-10-06T04:57:18.4370083Z,2026-10-06T04:57:18.877Z
1350,3283.4,3283.5,0.1,3726,442.4,nested edge,4 select-capability-model-port,,edge:sequence:execute-projected-model-provider-attempt:5,,admitted,,,2026-10-06T04:57:18.4374220Z,2026-10-06T04:57:18.4375578Z,2026-10-06T04:57:18.880Z
1401,3283.6,3311.9,28.2,3918,606.1,nested step,4 select-capability-model-port,prepare-http-exchange-port,cell:mechanic:execute-projected-model-provider-attempt.operation.6,mechanic,completed,SUCCESS,sda-semantic-value-graph-provider.v1,2026-10-06T04:57:18.4376511Z,2026-10-06T04:57:18.4658882Z,2026-10-06T04:57:19.072Z
1351,3283.9,3284.9,1,3729,444,expression,4 select-capability-model-port,,cell:mechanic:execute-projected-model-provider-attempt.operation.6:expression.values.0,mechanic,completed,VALUE,sda-semantic-value-graph-provider.v1,2026-10-06T04:57:18.4379492Z,2026-10-06T04:57:18.4389549Z,2026-10-06T04:57:18.883Z
1352,3286.2,3286.4,0.1,3731,444.6,nested edge,4 select-capability-model-port,,cell:mechanic:execute-projected-model-provider-attempt.operation.6:expression:dependency:1,,admitted,,,2026-10-06T04:57:18.4402719Z,2026-10-06T04:57:18.4404170Z,2026-10-06T04:57:18.885Z
1353,3286.5,3287.4,0.9,3733,445.6,expression,4 select-capability-model-port,,cell:mechanic:execute-projected-model-provider-attempt.operation.6:expression.values.1.fields.httpExchangeRequest.fields.contractId,mechanic,completed,VALUE,sda-semantic-value-graph-provider.v1,2026-10-06T04:57:18.4404984Z,2026-10-06T04:57:18.4414068Z,2026-10-06T04:57:18.887Z
1354,3287.6,3287.6,0,3735,447.4,nested edge,4 select-capability-model-port,,cell:mechanic:execute-projected-model-provider-attempt.operation.6:expression.values.1.fields.httpExchangeRequest:dependency:1,,admitted,,,2026-10-06T04:57:18.4416200Z,2026-10-06T04:57:18.4416330Z,2026-10-06T04:57:18.889Z
1355,3287.7,3287.9,0.3,3738,450,expression,4 select-capability-model-port,,cell:mechanic:execute-projected-model-provider-attempt.operation.6:expression.values.1.fields.httpExchangeRequest.fields.payload.fields.allowedResponseHeaders,mechanic,completed,VALUE,sda-semantic-value-graph-provider.v1,2026-10-06T04:57:18.4416942Z,2026-10-06T04:57:18.4419659Z,2026-10-06T04:57:18.892Z
1356,3288,3288.1,0,3740,451.9,nested edge,4 select-capability-model-port,,cell:mechanic:execute-projected-model-provider-attempt.operation.6:expression.values.1.fields.httpExchangeRequest.fields.payload:dependency:1,,admitted,,,2026-10-06T04:57:18.4420574Z,2026-10-06T04:57:18.4420802Z,2026-10-06T04:57:18.894Z
1357,3288.1,3288.6,0.5,3742,453.3,expression,4 select-capability-model-port,,cell:mechanic:execute-projected-model-provider-attempt.operation.6:expression.values.1.fields.httpExchangeRequest.fields.payload.fields.cancellationScopeReference,mechanic,completed,VALUE,sda-semantic-value-graph-provider.v1,2026-10-06T04:57:18.4421584Z,2026-10-06T04:57:18.4426686Z,2026-10-06T04:57:18.896Z
1358,3288.7,3288.8,0,3745,456.2,nested edge,4 select-capability-model-port,,cell:mechanic:execute-projected-model-provider-attempt.operation.6:expression.values.1.fields.httpExchangeRequest.fields.payload:dependency:2,,admitted,,,2026-10-06T04:57:18.4427607Z,2026-10-06T04:57:18.4427814Z,2026-10-06T04:57:18.899Z
1359,3288.8,3289.9,1.1,3754,464,expression,4 select-capability-model-port,,cell:mechanic:execute-projected-model-provider-attempt.operation.6:expression.values.1.fields.httpExchangeRequest.fields.payload.fields.credentialInjectionRuleId,mechanic,completed,VALUE,sda-semantic-value-graph-provider.v1,2026-10-06T04:57:18.4428585Z,2026-10-06T04:57:18.4439563Z,2026-10-06T04:57:18.908Z
1360,3290,3290,0,3759,468.9,nested edge,4 select-capability-model-port,,cell:mechanic:execute-projected-model-provider-attempt.operation.6:expression.values.1.fields.httpExchangeRequest.fields.payload:dependency:3,,admitted,,,2026-10-06T04:57:18.4440457Z,2026-10-06T04:57:18.4440619Z,2026-10-06T04:57:18.913Z
1361,3290.1,3290.4,0.3,3765,474.6,expression,4 select-capability-model-port,,cell:mechanic:execute-projected-model-provider-attempt.operation.6:expression.values.1.fields.httpExchangeRequest.fields.payload.fields.effectLineage,mechanic,completed,VALUE,sda-semantic-value-graph-provider.v1,2026-10-06T04:57:18.4441331Z,2026-10-06T04:57:18.4444281Z,2026-10-06T04:57:18.919Z
1362,3290.5,3290.5,0,3768,477.4,nested edge,4 select-capability-model-port,,cell:mechanic:execute-projected-model-provider-attempt.operation.6:expression.values.1.fields.httpExchangeRequest.fields.payload:dependency:4,,admitted,,,2026-10-06T04:57:18.4445287Z,2026-10-06T04:57:18.4445542Z,2026-10-06T04:57:18.922Z
1363,3290.6,3291.2,0.6,3772,480.7,expression,4 select-capability-model-port,,cell:mechanic:execute-projected-model-provider-attempt.operation.6:expression.values.1.fields.httpExchangeRequest.fields.payload.fields.endpointAuthorityDigest,mechanic,completed,VALUE,sda-semantic-value-graph-provider.v1,2026-10-06T04:57:18.4446313Z,2026-10-06T04:57:18.4452650Z,2026-10-06T04:57:18.926Z
1364,3291.3,3291.3,0,3775,483.6,nested edge,4 select-capability-model-port,,cell:mechanic:execute-projected-model-provider-attempt.operation.6:expression.values.1.fields.httpExchangeRequest.fields.payload:dependency:5,,admitted,,,2026-10-06T04:57:18.4453582Z,2026-10-06T04:57:18.4453734Z,2026-10-06T04:57:18.929Z
1365,3291.4,3292.8,1.4,3777,484.2,expression,4 select-capability-model-port,,cell:mechanic:execute-projected-model-provider-attempt.operation.6:expression.values.1.fields.httpExchangeRequest.fields.payload.fields.exchangeKind,mechanic,completed,VALUE,sda-semantic-value-graph-provider.v1,2026-10-06T04:57:18.4454330Z,2026-10-06T04:57:18.4468044Z,2026-10-06T04:57:18.931Z
1366,3292.9,3292.9,0,3782,489.1,nested edge,4 select-capability-model-port,,cell:mechanic:execute-projected-model-provider-attempt.operation.6:expression.values.1.fields.httpExchangeRequest.fields.payload:dependency:6,,admitted,,,2026-10-06T04:57:18.4468856Z,2026-10-06T04:57:18.4469033Z,2026-10-06T04:57:18.936Z
1367,3293,3293.3,0.3,3784,490.7,expression,4 select-capability-model-port,,cell:mechanic:execute-projected-model-provider-attempt.operation.6:expression.values.1.fields.httpExchangeRequest.fields.payload.fields.invocationIdentity,mechanic,completed,VALUE,sda-semantic-value-graph-provider.v1,2026-10-06T04:57:18.4470104Z,2026-10-06T04:57:18.4472768Z,2026-10-06T04:57:18.938Z
1368,3294.7,3294.7,0,3787,492.3,nested edge,4 select-capability-model-port,,cell:mechanic:execute-projected-model-provider-attempt.operation.6:expression.values.1.fields.httpExchangeRequest.fields.payload:dependency:7,,admitted,,,2026-10-06T04:57:18.4487039Z,2026-10-06T04:57:18.4487252Z,2026-10-06T04:57:18.941Z
1369,3294.8,3295,0.2,3791,496,expression,4 select-capability-model-port,,cell:mechanic:execute-projected-model-provider-attempt.operation.6:expression.values.1.fields.httpExchangeRequest.fields.payload.fields.lineageId,mechanic,completed,VALUE,sda-semantic-value-graph-provider.v1,2026-10-06T04:57:18.4487790Z,2026-10-06T04:57:18.4489779Z,2026-10-06T04:57:18.945Z
1370,3295,3295,0,3806,510.9,nested edge,4 select-capability-model-port,,cell:mechanic:execute-projected-model-provider-attempt.operation.6:expression.values.1.fields.httpExchangeRequest.fields.payload:dependency:8,,admitted,,,2026-10-06T04:57:18.4490414Z,2026-10-06T04:57:18.4490507Z,2026-10-06T04:57:18.960Z
1371,3295.1,3295.2,0.1,3810,514.8,expression,4 select-capability-model-port,,cell:mechanic:execute-projected-model-provider-attempt.operation.6:expression.values.1.fields.httpExchangeRequest.fields.payload.fields.maxResponseBytes,mechanic,completed,VALUE,sda-semantic-value-graph-provider.v1,2026-10-06T04:57:18.4490937Z,2026-10-06T04:57:18.4492327Z,2026-10-06T04:57:18.964Z
1372,3295.3,3295.3,0,3812,516.7,nested edge,4 select-capability-model-port,,cell:mechanic:execute-projected-model-provider-attempt.operation.6:expression.values.1.fields.httpExchangeRequest.fields.payload:dependency:9,,admitted,,,2026-10-06T04:57:18.4492889Z,2026-10-06T04:57:18.4492973Z,2026-10-06T04:57:18.966Z
1373,3295.3,3295.4,0.1,3818,522.5,expression,4 select-capability-model-port,,cell:mechanic:execute-projected-model-provider-attempt.operation.6:expression.values.1.fields.httpExchangeRequest.fields.payload.fields.method,mechanic,completed,VALUE,sda-semantic-value-graph-provider.v1,2026-10-06T04:57:18.4493396Z,2026-10-06T04:57:18.4494735Z,2026-10-06T04:57:18.972Z
1374,3295.5,3295.5,0,3820,524.5,nested edge,4 select-capability-model-port,,cell:mechanic:execute-projected-model-provider-attempt.operation.6:expression.values.1.fields.httpExchangeRequest.fields.payload:dependency:10,,admitted,,,2026-10-06T04:57:18.4495286Z,2026-10-06T04:57:18.4495371Z,2026-10-06T04:57:18.974Z
1375,3295.6,3295.7,0.2,3825,529.2,expression,4 select-capability-model-port,,cell:mechanic:execute-projected-model-provider-attempt.operation.6:expression.values.1.fields.httpExchangeRequest.fields.payload.fields.opaqueCredentialBinding.fields.bindingId,mechanic,completed,VALUE,sda-semantic-value-graph-provider.v1,2026-10-06T04:57:18.4495783Z,2026-10-06T04:57:18.4497537Z,2026-10-06T04:57:18.979Z
1376,3295.8,3295.8,0,3830,534.2,nested edge,4 select-capability-model-port,,cell:mechanic:execute-projected-model-provider-attempt.operation.6:expression.values.1.fields.httpExchangeRequest.fields.payload.fields.opaqueCredentialBinding:dependency:1,,admitted,,,2026-10-06T04:57:18.4498145Z,2026-10-06T04:57:18.4498240Z,2026-10-06T04:57:18.984Z
1377,3295.8,3296,0.1,3832,536,expression,4 select-capability-model-port,,cell:mechanic:execute-projected-model-provider-attempt.operation.6:expression.values.1.fields.httpExchangeRequest.fields.payload.fields.opaqueCredentialBinding.fields.credentialInjectionRuleId,mechanic,completed,VALUE,sda-semantic-value-graph-provider.v1,2026-10-06T04:57:18.4498679Z,2026-10-06T04:57:18.4500047Z,2026-10-06T04:57:18.986Z
1378,3296,3296,0,3834,537.9,nested edge,4 select-capability-model-port,,cell:mechanic:execute-projected-model-provider-attempt.operation.6:expression.values.1.fields.httpExchangeRequest.fields.payload.fields.opaqueCredentialBinding:dependency:result,,admitted,,,2026-10-06T04:57:18.4500607Z,2026-10-06T04:57:18.4500687Z,2026-10-06T04:57:18.988Z
1379,3296.1,3296.3,0.2,3837,540.7,expression,4 select-capability-model-port,,cell:mechanic:execute-projected-model-provider-attempt.operation.6:expression.values.1.fields.httpExchangeRequest.fields.payload.fields.opaqueCredentialBinding,mechanic,completed,VALUE,sda-semantic-value-graph-provider.v1,2026-10-06T04:57:18.4501247Z,2026-10-06T04:57:18.4503123Z,2026-10-06T04:57:18.991Z
1380,3296.3,3296.4,0,3841,544.6,nested edge,4 select-capability-model-port,,cell:mechanic:execute-projected-model-provider-attempt.operation.6:expression.values.1.fields.httpExchangeRequest.fields.payload:dependency:11,,admitted,,,2026-10-06T04:57:18.4503716Z,2026-10-06T04:57:18.4503821Z,2026-10-06T04:57:18.995Z
1381,3296.4,3296.5,0.1,3844,547.4,expression,4 select-capability-model-port,,cell:mechanic:execute-projected-model-provider-attempt.operation.6:expression.values.1.fields.httpExchangeRequest.fields.payload.fields.redirectPolicy,mechanic,completed,VALUE,sda-semantic-value-graph-provider.v1,2026-10-06T04:57:18.4504231Z,2026-10-06T04:57:18.4505574Z,2026-10-06T04:57:18.998Z
1382,3296.6,3296.6,0,3848,551.4,nested edge,4 select-capability-model-port,,cell:mechanic:execute-projected-model-provider-attempt.operation.6:expression.values.1.fields.httpExchangeRequest.fields.payload:dependency:12,,admitted,,,2026-10-06T04:57:18.4506158Z,2026-10-06T04:57:18.4506236Z,2026-10-06T04:57:19.002Z
1383,3296.6,3296.8,0.2,3851,554.2,expression,4 select-capability-model-port,,cell:mechanic:execute-projected-model-provider-attempt.operation.6:expression.values.1.fields.httpExchangeRequest.fields.payload.fields.requestBodyText,mechanic,completed,VALUE,sda-semantic-value-graph-provider.v1,2026-10-06T04:57:18.4506643Z,2026-10-06T04:57:18.4508311Z,2026-10-06T04:57:19.005Z
1384,3296.9,3296.9,0,3854,557.1,nested edge,4 select-capability-model-port,,cell:mechanic:execute-projected-model-provider-attempt.operation.6:expression.values.1.fields.httpExchangeRequest.fields.payload:dependency:13,,admitted,,,2026-10-06T04:57:18.4508899Z,2026-10-06T04:57:18.4509009Z,2026-10-06T04:57:19.008Z
1385,3296.9,3297.1,0.2,3858,560.9,expression,4 select-capability-model-port,,cell:mechanic:execute-projected-model-provider-attempt.operation.6:expression.values.1.fields.httpExchangeRequest.fields.payload.fields.requestUrl,mechanic,completed,VALUE,sda-semantic-value-graph-provider.v1,2026-10-06T04:57:18.4509436Z,2026-10-06T04:57:18.4511076Z,2026-10-06T04:57:19.012Z
1386,3297.1,3297.1,0,3861,563.8,nested edge,4 select-capability-model-port,,cell:mechanic:execute-projected-model-provider-attempt.operation.6:expression.values.1.fields.httpExchangeRequest.fields.payload:dependency:14,,admitted,,,2026-10-06T04:57:18.4511654Z,2026-10-06T04:57:18.4511734Z,2026-10-06T04:57:19.015Z
1387,3305.5,3305.8,0.3,3863,557.2,expression,4 select-capability-model-port,,cell:mechanic:execute-projected-model-provider-attempt.operation.6:expression.values.1.fields.httpExchangeRequest.fields.payload.fields.safeHeaders.fields.content-type,mechanic,completed,VALUE,sda-semantic-value-graph-provider.v1,2026-10-06T04:57:18.4595343Z,2026-10-06T04:57:18.4598200Z,2026-10-06T04:57:19.017Z
1388,3305.9,3305.9,0,3866,560.1,nested edge,4 select-capability-model-port,,cell:mechanic:execute-projected-model-provider-attempt.operation.6:expression.values.1.fields.httpExchangeRequest.fields.payload.fields.safeHeaders:dependency:result,,admitted,,,2026-10-06T04:57:18.4599240Z,2026-10-06T04:57:18.4599404Z,2026-10-06T04:57:19.020Z
1389,3306,3306.4,0.4,3870,563.6,expression,4 select-capability-model-port,,cell:mechanic:execute-projected-model-provider-attempt.operation.6:expression.values.1.fields.httpExchangeRequest.fields.payload.fields.safeHeaders,mechanic,completed,VALUE,sda-semantic-value-graph-provider.v1,2026-10-06T04:57:18.4600239Z,2026-10-06T04:57:18.4603923Z,2026-10-06T04:57:19.024Z
1390,3306.5,3306.5,0,3872,565.5,nested edge,4 select-capability-model-port,,cell:mechanic:execute-projected-model-provider-attempt.operation.6:expression.values.1.fields.httpExchangeRequest.fields.payload:dependency:15,,admitted,,,2026-10-06T04:57:18.4604843Z,2026-10-06T04:57:18.4604997Z,2026-10-06T04:57:19.026Z
1391,3306.5,3306.7,0.2,3875,568.2,expression,4 select-capability-model-port,,cell:mechanic:execute-projected-model-provider-attempt.operation.6:expression.values.1.fields.httpExchangeRequest.fields.payload.fields.timeoutMilliseconds,mechanic,completed,VALUE,sda-semantic-value-graph-provider.v1,2026-10-06T04:57:18.4605603Z,2026-10-06T04:57:18.4607727Z,2026-10-06T04:57:19.029Z
1392,3306.9,3306.9,0,3877,570.1,nested edge,4 select-capability-model-port,,cell:mechanic:execute-projected-model-provider-attempt.operation.6:expression.values.1.fields.httpExchangeRequest.fields.payload:dependency:result,,admitted,,,2026-10-06T04:57:18.4608776Z,2026-10-06T04:57:18.4608914Z,2026-10-06T04:57:19.031Z
1393,3306.9,3307.2,0.3,3881,573.7,expression,4 select-capability-model-port,,cell:mechanic:execute-projected-model-provider-attempt.operation.6:expression.values.1.fields.httpExchangeRequest.fields.payload,mechanic,completed,VALUE,sda-semantic-value-graph-provider.v1,2026-10-06T04:57:18.4609500Z,2026-10-06T04:57:18.4612716Z,2026-10-06T04:57:19.035Z
1394,3307.3,3307.4,0,3883,575.6,nested edge,4 select-capability-model-port,,cell:mechanic:execute-projected-model-provider-attempt.operation.6:expression.values.1.fields.httpExchangeRequest:dependency:result,,admitted,,,2026-10-06T04:57:18.4613601Z,2026-10-06T04:57:18.4613926Z,2026-10-06T04:57:19.037Z
1395,3307.4,3308.7,1.3,3886,577.3,expression,4 select-capability-model-port,,cell:mechanic:execute-projected-model-provider-attempt.operation.6:expression.values.1.fields.httpExchangeRequest,mechanic,completed,VALUE,sda-semantic-value-graph-provider.v1,2026-10-06T04:57:18.4614525Z,2026-10-06T04:57:18.4627268Z,2026-10-06T04:57:19.040Z
1396,3308.8,3308.9,0,3888,579.1,nested edge,4 select-capability-model-port,,cell:mechanic:execute-projected-model-provider-attempt.operation.6:expression.values.1:dependency:result,,admitted,,,2026-10-06T04:57:18.4628573Z,2026-10-06T04:57:18.4629025Z,2026-10-06T04:57:19.042Z
1397,3309,3309.4,0.5,3891,581.6,expression,4 select-capability-model-port,,cell:mechanic:execute-projected-model-provider-attempt.operation.6:expression.values.1,mechanic,completed,VALUE,sda-semantic-value-graph-provider.v1,2026-10-06T04:57:18.4629774Z,2026-10-06T04:57:18.4634364Z,2026-10-06T04:57:19.045Z
1398,3309.5,3309.6,0,3908,598.4,nested edge,4 select-capability-model-port,,cell:mechanic:execute-projected-model-provider-attempt.operation.6:expression:dependency:result,,admitted,,,2026-10-06T04:57:18.4635514Z,2026-10-06T04:57:18.4635902Z,2026-10-06T04:57:19.062Z
1399,3309.6,3310.4,0.8,3911,600.6,expression,4 select-capability-model-port,,cell:mechanic:execute-projected-model-provider-attempt.operation.6:expression,mechanic,completed,VALUE,sda-semantic-value-graph-provider.v1,2026-10-06T04:57:18.4636515Z,2026-10-06T04:57:18.4644241Z,2026-10-06T04:57:19.065Z
1400,3310.7,3311.1,0.4,3915,603.9,nested edge,4 select-capability-model-port,,edge:return:cell:mechanic:execute-projected-model-provider-attempt.operation.6:expression:cell:mechanic:execute-projected-model-provider-attempt.operation.6:0,,admitted,,,2026-10-06T04:57:18.4647103Z,2026-10-06T04:57:18.4651194Z,2026-10-06T04:57:19.069Z
1402,3312.1,3312.2,0.1,3921,608.7,nested edge,4 select-capability-model-port,,edge:sequence:execute-projected-model-provider-attempt:6,,admitted,,,2026-10-06T04:57:18.4661622Z,2026-10-06T04:57:18.4662520Z,2026-10-06T04:57:19.075Z
1405,3312.3,6378,3065.7,6379,1,nested step,4 select-capability-model-port,observe-http-port,cell:mechanic:execute-projected-model-provider-attempt.operation.7,mechanic,completed,SUCCESS,node:provider:sda-projected-capability-invocation-port.v2,2026-10-06T04:57:18.4662952Z,2026-10-06T04:57:21.5320352Z,2026-10-06T04:57:21.533Z
1403,,,,6371,,evidence record,4 select-capability-model-port,,projected-capability-invocation,,completed,,,,,2026-10-06T04:57:21.525Z
1404,,,,6374,,evidence record,4 select-capability-model-port,,projected-capability-invocation,,,,,,,2026-10-06T04:57:21.528Z
1406,6378.3,6378.4,0.2,6382,3.5,nested edge,4 select-capability-model-port,,edge:sequence:execute-projected-model-provider-attempt:7,,admitted,,,2026-10-06T04:57:21.5323071Z,2026-10-06T04:57:21.5324615Z,2026-10-06T04:57:21.536Z
1487,6378.5,6408.5,30,6659,250.5,nested step,4 select-capability-model-port,prepare-provider-normalization-port,cell:mechanic:execute-projected-model-provider-attempt.operation.8,mechanic,completed,SUCCESS,sda-semantic-value-graph-provider.v1,2026-10-06T04:57:21.5325264Z,2026-10-06T04:57:21.5624914Z,2026-10-06T04:57:21.813Z
1407,6378.7,6379,0.3,6385,5.9,expression,4 select-capability-model-port,,cell:mechanic:execute-projected-model-provider-attempt.operation.8:expression.bindings.parsedResponse.when.left,mechanic,completed,VALUE,sda-semantic-value-graph-provider.v1,2026-10-06T04:57:21.5327464Z,2026-10-06T04:57:21.5330568Z,2026-10-06T04:57:21.539Z
1408,6379.2,6379.2,0,6389,9.8,nested edge,4 select-capability-model-port,,cell:mechanic:execute-projected-model-provider-attempt.operation.8:expression.bindings.parsedResponse.when:dependency:1,,admitted,,,2026-10-06T04:57:21.5332211Z,2026-10-06T04:57:21.5332341Z,2026-10-06T04:57:21.543Z
1409,6379.3,6379.5,0.2,6393,13.5,expression,4 select-capability-model-port,,cell:mechanic:execute-projected-model-provider-attempt.operation.8:expression.bindings.parsedResponse.when.right,mechanic,completed,VALUE,sda-semantic-value-graph-provider.v1,2026-10-06T04:57:21.5332811Z,2026-10-06T04:57:21.5335067Z,2026-10-06T04:57:21.547Z
1410,6379.6,6379.6,0,6396,16.4,nested edge,4 select-capability-model-port,,cell:mechanic:execute-projected-model-provider-attempt.operation.8:expression.bindings.parsedResponse.when:dependency:result,,admitted,,,2026-10-06T04:57:21.5335764Z,2026-10-06T04:57:21.5335897Z,2026-10-06T04:57:21.550Z
1411,6379.6,6380,0.4,6398,18,expression,4 select-capability-model-port,,cell:mechanic:execute-projected-model-provider-attempt.operation.8:expression.bindings.parsedResponse.when,mechanic,completed,TRUE,sda-semantic-value-graph-provider.v1,2026-10-06T04:57:21.5336442Z,2026-10-06T04:57:21.5340060Z,2026-10-06T04:57:21.552Z
1412,6380.1,6380.1,0,6402,21.9,nested edge,4 select-capability-model-port,,cell:mechanic:execute-projected-model-provider-attempt.operation.8:expression.bindings.parsedResponse:selection:predicate,,admitted,,,2026-10-06T04:57:21.5340750Z,2026-10-06T04:57:21.5340884Z,2026-10-06T04:57:21.556Z
1413,6380.1,6380.3,0.2,6404,23.7,expression,4 select-capability-model-port,,cell:mechanic:execute-projected-model-provider-attempt.operation.8:expression.bindings.parsedResponse:selection,mechanic,completed,TRUE,,2026-10-06T04:57:21.5341438Z,2026-10-06T04:57:21.5343300Z,2026-10-06T04:57:21.558Z
1414,6380.4,6380.4,0,6408,27.6,nested edge,4 select-capability-model-port,,cell:mechanic:execute-projected-model-provider-attempt.operation.8:expression.bindings.parsedResponse:selection:true,,admitted,,,2026-10-06T04:57:21.5343951Z,2026-10-06T04:57:21.5344099Z,2026-10-06T04:57:21.562Z
1415,6380.4,6380.7,0.2,6411,30.3,expression,4 select-capability-model-port,,cell:mechanic:execute-projected-model-provider-attempt.operation.8:expression.bindings.parsedResponse.then.value.value,mechanic,completed,VALUE,sda-semantic-value-graph-provider.v1,2026-10-06T04:57:21.5344615Z,2026-10-06T04:57:21.5346770Z,2026-10-06T04:57:21.565Z
1416,6380.7,6380.7,0,6414,33.2,nested edge,4 select-capability-model-port,,cell:mechanic:execute-projected-model-provider-attempt.operation.8:expression.bindings.parsedResponse.then.value:dependency:result,,admitted,,,2026-10-06T04:57:21.5347482Z,2026-10-06T04:57:21.5347672Z,2026-10-06T04:57:21.568Z
1417,6380.8,6381.1,0.3,6416,34.9,expression,4 select-capability-model-port,,cell:mechanic:execute-projected-model-provider-attempt.operation.8:expression.bindings.parsedResponse.then.value,mechanic,completed,VALUE,sda-semantic-value-graph-provider.v1,2026-10-06T04:57:21.5348144Z,2026-10-06T04:57:21.5350749Z,2026-10-06T04:57:21.570Z
1418,6381.1,6381.1,0,6419,37.8,nested edge,4 select-capability-model-port,,cell:mechanic:execute-projected-model-provider-attempt.operation.8:expression.bindings.parsedResponse.then:dependency:result,,admitted,,,2026-10-06T04:57:21.5351508Z,2026-10-06T04:57:21.5351728Z,2026-10-06T04:57:21.573Z
1419,6381.2,6381.6,0.5,6420,38.3,expression,4 select-capability-model-port,,cell:mechanic:execute-projected-model-provider-attempt.operation.8:expression.bindings.parsedResponse.then,mechanic,completed,VALUE,sda-semantic-value-graph-provider.v1,2026-10-06T04:57:21.5352156Z,2026-10-06T04:57:21.5356680Z,2026-10-06T04:57:21.574Z
1420,6381.7,6381.8,0,6424,42.2,nested edge,4 select-capability-model-port,,cell:mechanic:execute-projected-model-provider-attempt.operation.8:expression.bindings.parsedResponse:then-result,,admitted,,,2026-10-06T04:57:21.5357544Z,2026-10-06T04:57:21.5357846Z,2026-10-06T04:57:21.578Z
1421,6381.8,6382.1,0.3,6427,44.9,expression,4 select-capability-model-port,,cell:mechanic:execute-projected-model-provider-attempt.operation.8:expression.bindings.parsedResponse,mechanic,completed,VALUE,sda-semantic-value-graph-provider.v1,2026-10-06T04:57:21.5358283Z,2026-10-06T04:57:21.5360940Z,2026-10-06T04:57:21.581Z
1422,6382.1,6382.2,0,6429,46.8,nested edge,4 select-capability-model-port,,cell:mechanic:execute-projected-model-provider-attempt.operation.8:expression:dependency:1,,admitted,,,2026-10-06T04:57:21.5361680Z,2026-10-06T04:57:21.5361895Z,2026-10-06T04:57:21.583Z
1423,6382.2,6382.8,0.6,6431,48.2,expression,4 select-capability-model-port,,cell:mechanic:execute-projected-model-provider-attempt.operation.8:expression.value.values.0,mechanic,completed,VALUE,sda-semantic-value-graph-provider.v1,2026-10-06T04:57:21.5362299Z,2026-10-06T04:57:21.5368492Z,2026-10-06T04:57:21.585Z
1424,6383.1,6383.2,0.1,6434,50.7,nested edge,4 select-capability-model-port,,cell:mechanic:execute-projected-model-provider-attempt.operation.8:expression.value:dependency:1,,admitted,,,2026-10-06T04:57:21.5371296Z,2026-10-06T04:57:21.5372664Z,2026-10-06T04:57:21.588Z
1425,6383.3,6383.8,0.5,6436,52.2,expression,4 select-capability-model-port,,cell:mechanic:execute-projected-model-provider-attempt.operation.8:expression.value.values.1.fields.parsedProviderResponse,mechanic,completed,VALUE,sda-semantic-value-graph-provider.v1,2026-10-06T04:57:21.5373137Z,2026-10-06T04:57:21.5377775Z,2026-10-06T04:57:21.590Z
1426,6384.1,6384.1,0,6439,54.9,nested edge,4 select-capability-model-port,,cell:mechanic:execute-projected-model-provider-attempt.operation.8:expression.value.values.1:dependency:1,,admitted,,,2026-10-06T04:57:21.5380978Z,2026-10-06T04:57:21.5381082Z,2026-10-06T04:57:21.593Z
1427,6384.1,6384.3,0.2,6443,58.7,expression,4 select-capability-model-port,,cell:mechanic:execute-projected-model-provider-attempt.operation.8:expression.value.values.1.fields.protocolNormalizationRequest.fields.contractId,mechanic,completed,VALUE,sda-semantic-value-graph-provider.v1,2026-10-06T04:57:21.5381551Z,2026-10-06T04:57:21.5383355Z,2026-10-06T04:57:21.597Z
1428,6384.4,6384.4,0,6445,60.6,nested edge,4 select-capability-model-port,,cell:mechanic:execute-projected-model-provider-attempt.operation.8:expression.value.values.1.fields.protocolNormalizationRequest:dependency:1,,admitted,,,2026-10-06T04:57:21.5383950Z,2026-10-06T04:57:21.5384052Z,2026-10-06T04:57:21.599Z
1429,6384.4,6384.6,0.2,6447,62.4,expression,4 select-capability-model-port,,cell:mechanic:execute-projected-model-provider-attempt.operation.8:expression.value.values.1.fields.protocolNormalizationRequest.fields.payload.fields.adapterIdentity,mechanic,completed,VALUE,sda-semantic-value-graph-provider.v1,2026-10-06T04:57:21.5384481Z,2026-10-06T04:57:21.5386171Z,2026-10-06T04:57:21.601Z
1430,6384.6,6384.7,0,6450,65.3,nested edge,4 select-capability-model-port,,cell:mechanic:execute-projected-model-provider-attempt.operation.8:expression.value.values.1.fields.protocolNormalizationRequest.fields.payload:dependency:1,,admitted,,,2026-10-06T04:57:21.5386737Z,2026-10-06T04:57:21.5386835Z,2026-10-06T04:57:21.604Z
1431,6384.7,6384.9,0.2,6453,68.1,expression,4 select-capability-model-port,,cell:mechanic:execute-projected-model-provider-attempt.operation.8:expression.value.values.1.fields.protocolNormalizationRequest.fields.payload.fields.observation.fields.finishReason.when.left,mechanic,completed,VALUE,sda-semantic-value-graph-provider.v1,2026-10-06T04:57:21.5387303Z,2026-10-06T04:57:21.5388939Z,2026-10-06T04:57:21.607Z
1432,6384.9,6384.9,0,6457,72,nested edge,4 select-capability-model-port,,cell:mechanic:execute-projected-model-provider-attempt.operation.8:expression.value.values.1.fields.protocolNormalizationRequest.fields.payload.fields.observation.fields.finishReason.when:dependency:1,,admitted,,,2026-10-06T04:57:21.5389545Z,2026-10-06T04:57:21.5389641Z,2026-10-06T04:57:21.611Z
1433,6385,6385.2,0.2,6459,73.8,expression,4 select-capability-model-port,,cell:mechanic:execute-projected-model-provider-attempt.operation.8:expression.value.values.1.fields.protocolNormalizationRequest.fields.payload.fields.observation.fields.finishReason.when.right,mechanic,completed,VALUE,sda-semantic-value-graph-provider.v1,2026-10-06T04:57:21.5390104Z,2026-10-06T04:57:21.5391781Z,2026-10-06T04:57:21.613Z
1434,6385.2,6385.2,0,6463,77.7,nested edge,4 select-capability-model-port,,cell:mechanic:execute-projected-model-provider-attempt.operation.8:expression.value.values.1.fields.protocolNormalizationRequest.fields.payload.fields.observation.fields.finishReason.when:dependency:result,,admitted,,,2026-10-06T04:57:21.5392405Z,2026-10-06T04:57:21.5392517Z,2026-10-06T04:57:21.617Z
1435,6385.3,6385.5,0.2,6466,80.5,expression,4 select-capability-model-port,,cell:mechanic:execute-projected-model-provider-attempt.operation.8:expression.value.values.1.fields.protocolNormalizationRequest.fields.payload.fields.observation.fields.finishReason.when,mechanic,completed,TRUE,sda-semantic-value-graph-provider.v1,2026-10-06T04:57:21.5393071Z,2026-10-06T04:57:21.5395147Z,2026-10-06T04:57:21.620Z
1436,6385.6,6385.6,0,6469,83.4,nested edge,4 select-capability-model-port,,cell:mechanic:execute-projected-model-provider-attempt.operation.8:expression.value.values.1.fields.protocolNormalizationRequest.fields.payload.fields.observation.fields.finishReason:selection:predicate,,admitted,,,2026-10-06T04:57:21.5395836Z,2026-10-06T04:57:21.5395996Z,2026-10-06T04:57:21.623Z
1437,6385.6,6386,0.3,6472,86,expression,4 select-capability-model-port,,cell:mechanic:execute-projected-model-provider-attempt.operation.8:expression.value.values.1.fields.protocolNormalizationRequest.fields.payload.fields.observation.fields.finishReason:selection,mechanic,completed,TRUE,,2026-10-06T04:57:21.5396588Z,2026-10-06T04:57:21.5399776Z,2026-10-06T04:57:21.626Z
1438,6386.1,6386.1,0,6475,88.9,nested edge,4 select-capability-model-port,,cell:mechanic:execute-projected-model-provider-attempt.operation.8:expression.value.values.1.fields.protocolNormalizationRequest.fields.payload.fields.observation.fields.finishReason:selection:true,,admitted,,,2026-10-06T04:57:21.5400787Z,2026-10-06T04:57:21.5400954Z,2026-10-06T04:57:21.629Z
1439,6386.1,6386.3,0.2,6478,91.7,expression,4 select-capability-model-port,,cell:mechanic:execute-projected-model-provider-attempt.operation.8:expression.value.values.1.fields.protocolNormalizationRequest.fields.payload.fields.observation.fields.finishReason.then,mechanic,completed,VALUE,sda-semantic-value-graph-provider.v1,2026-10-06T04:57:21.5401544Z,2026-10-06T04:57:21.5403439Z,2026-10-06T04:57:21.632Z
1440,6386.4,6386.4,0,6481,94.6,nested edge,4 select-capability-model-port,,cell:mechanic:execute-projected-model-provider-attempt.operation.8:expression.value.values.1.fields.protocolNormalizationRequest.fields.payload.fields.observation.fields.finishReason:then-result,,admitted,,,2026-10-06T04:57:21.5404055Z,2026-10-06T04:57:21.5404147Z,2026-10-06T04:57:21.635Z
1441,6386.4,6386.6,0.2,6484,97.4,expression,4 select-capability-model-port,,cell:mechanic:execute-projected-model-provider-attempt.operation.8:expression.value.values.1.fields.protocolNormalizationRequest.fields.payload.fields.observation.fields.finishReason,mechanic,completed,VALUE,sda-semantic-value-graph-provider.v1,2026-10-06T04:57:21.5404629Z,2026-10-06T04:57:21.5406416Z,2026-10-06T04:57:21.638Z
1442,6386.7,6386.7,0,6487,100.3,nested edge,4 select-capability-model-port,,cell:mechanic:execute-projected-model-provider-attempt.operation.8:expression.value.values.1.fields.protocolNormalizationRequest.fields.payload.fields.observation:dependency:1,,admitted,,,2026-10-06T04:57:21.5407052Z,2026-10-06T04:57:21.5407159Z,2026-10-06T04:57:21.641Z
1443,6386.7,6387,0.2,6491,104,expression,4 select-capability-model-port,,cell:mechanic:execute-projected-model-provider-attempt.operation.8:expression.value.values.1.fields.protocolNormalizationRequest.fields.payload.fields.observation.fields.text.when.left,mechanic,completed,VALUE,sda-semantic-value-graph-provider.v1,2026-10-06T04:57:21.5407643Z,2026-10-06T04:57:21.5409804Z,2026-10-06T04:57:21.645Z
1444,6387,6387,0,6509,121.9,nested edge,4 select-capability-model-port,,cell:mechanic:execute-projected-model-provider-attempt.operation.8:expression.value.values.1.fields.protocolNormalizationRequest.fields.payload.fields.observation.fields.text.when:dependency:1,,admitted,,,2026-10-06T04:57:21.5410446Z,2026-10-06T04:57:21.5410564Z,2026-10-06T04:57:21.663Z
1445,6387.3,6387.5,0.2,6511,123.5,expression,4 select-capability-model-port,,cell:mechanic:execute-projected-model-provider-attempt.operation.8:expression.value.values.1.fields.protocolNormalizationRequest.fields.payload.fields.observation.fields.text.when.right,mechanic,completed,VALUE,sda-semantic-value-graph-provider.v1,2026-10-06T04:57:21.5412848Z,2026-10-06T04:57:21.5415005Z,2026-10-06T04:57:21.665Z
1446,6387.5,6387.6,0,6514,126.4,nested edge,4 select-capability-model-port,,cell:mechanic:execute-projected-model-provider-attempt.operation.8:expression.value.values.1.fields.protocolNormalizationRequest.fields.payload.fields.observation.fields.text.when:dependency:result,,admitted,,,2026-10-06T04:57:21.5415699Z,2026-10-06T04:57:21.5415827Z,2026-10-06T04:57:21.668Z
1447,6387.6,6387.8,0.2,6517,129.2,expression,4 select-capability-model-port,,cell:mechanic:execute-projected-model-provider-attempt.operation.8:expression.value.values.1.fields.protocolNormalizationRequest.fields.payload.fields.observation.fields.text.when,mechanic,completed,TRUE,sda-semantic-value-graph-provider.v1,2026-10-06T04:57:21.5416383Z,2026-10-06T04:57:21.5418392Z,2026-10-06T04:57:21.671Z
1448,6387.9,6387.9,0,6520,132.1,nested edge,4 select-capability-model-port,,cell:mechanic:execute-projected-model-provider-attempt.operation.8:expression.value.values.1.fields.protocolNormalizationRequest.fields.payload.fields.observation.fields.text:selection:predicate,,admitted,,,2026-10-06T04:57:21.5419076Z,2026-10-06T04:57:21.5419168Z,2026-10-06T04:57:21.674Z
1449,6387.9,6388.1,0.1,6523,134.9,expression,4 select-capability-model-port,,cell:mechanic:execute-projected-model-provider-attempt.operation.8:expression.value.values.1.fields.protocolNormalizationRequest.fields.payload.fields.observation.fields.text:selection,mechanic,completed,TRUE,,2026-10-06T04:57:21.5419636Z,2026-10-06T04:57:21.5421096Z,2026-10-06T04:57:21.677Z
1450,6388.1,6388.2,0,6526,137.8,nested edge,4 select-capability-model-port,,cell:mechanic:execute-projected-model-provider-attempt.operation.8:expression.value.values.1.fields.protocolNormalizationRequest.fields.payload.fields.observation.fields.text:selection:true,,admitted,,,2026-10-06T04:57:21.5421662Z,2026-10-06T04:57:21.5421765Z,2026-10-06T04:57:21.680Z
1451,6388.2,6388.4,0.2,6529,140.6,expression,4 select-capability-model-port,,cell:mechanic:execute-projected-model-provider-attempt.operation.8:expression.value.values.1.fields.protocolNormalizationRequest.fields.payload.fields.observation.fields.text.then.when.in,mechanic,completed,VALUE,sda-semantic-value-graph-provider.v1,2026-10-06T04:57:21.5422241Z,2026-10-06T04:57:21.5424318Z,2026-10-06T04:57:21.683Z
1452,6388.5,6388.5,0,6532,143.5,nested edge,4 select-capability-model-port,,cell:mechanic:execute-projected-model-provider-attempt.operation.8:expression.value.values.1.fields.protocolNormalizationRequest.fields.payload.fields.observation.fields.text.then.when:dependency:1,,admitted,,,2026-10-06T04:57:21.5424925Z,2026-10-06T04:57:21.5425043Z,2026-10-06T04:57:21.686Z
1453,6388.5,6388.7,0.2,6535,146.3,expression,4 select-capability-model-port,,cell:mechanic:execute-projected-model-provider-attempt.operation.8:expression.value.values.1.fields.protocolNormalizationRequest.fields.payload.fields.observation.fields.text.then.when.value,mechanic,completed,VALUE,sda-semantic-value-graph-provider.v1,2026-10-06T04:57:21.5425535Z,2026-10-06T04:57:21.5427247Z,2026-10-06T04:57:21.689Z
1454,6388.8,6388.8,0,6538,149.2,nested edge,4 select-capability-model-port,,cell:mechanic:execute-projected-model-provider-attempt.operation.8:expression.value.values.1.fields.protocolNormalizationRequest.fields.payload.fields.observation.fields.text.then.when:dependency:result,,admitted,,,2026-10-06T04:57:21.5427847Z,2026-10-06T04:57:21.5427933Z,2026-10-06T04:57:21.692Z
1455,6388.8,6389.3,0.5,6546,156.7,expression,4 select-capability-model-port,,cell:mechanic:execute-projected-model-provider-attempt.operation.8:expression.value.values.1.fields.protocolNormalizationRequest.fields.payload.fields.observation.fields.text.then.when,mechanic,completed,FALSE,sda-semantic-value-graph-provider.v1,2026-10-06T04:57:21.5428406Z,2026-10-06T04:57:21.5433344Z,2026-10-06T04:57:21.700Z
1456,6389.4,6389.4,0,6549,159.6,nested edge,4 select-capability-model-port,,cell:mechanic:execute-projected-model-provider-attempt.operation.8:expression.value.values.1.fields.protocolNormalizationRequest.fields.payload.fields.observation.fields.text.then:selection:predicate,,admitted,,,2026-10-06T04:57:21.5434057Z,2026-10-06T04:57:21.5434204Z,2026-10-06T04:57:21.703Z
1457,6389.5,6389.6,0.2,6551,161.4,expression,4 select-capability-model-port,,cell:mechanic:execute-projected-model-provider-attempt.operation.8:expression.value.values.1.fields.protocolNormalizationRequest.fields.payload.fields.observation.fields.text.then:selection,mechanic,completed,FALSE,,2026-10-06T04:57:21.5434806Z,2026-10-06T04:57:21.5436500Z,2026-10-06T04:57:21.705Z
1458,6389.7,6389.7,0,6553,163.3,nested edge,4 select-capability-model-port,,cell:mechanic:execute-projected-model-provider-attempt.operation.8:expression.value.values.1.fields.protocolNormalizationRequest.fields.payload.fields.observation.fields.text.then:selection:false,,admitted,,,2026-10-06T04:57:21.5437296Z,2026-10-06T04:57:21.5437456Z,2026-10-06T04:57:21.707Z
1459,6389.8,6390,0.2,6557,167,expression,4 select-capability-model-port,,cell:mechanic:execute-projected-model-provider-attempt.operation.8:expression.value.values.1.fields.protocolNormalizationRequest.fields.payload.fields.observation.fields.text.then.else.value.from,mechanic,completed,VALUE,sda-semantic-value-graph-provider.v1,2026-10-06T04:57:21.5438052Z,2026-10-06T04:57:21.5440127Z,2026-10-06T04:57:21.711Z
1460,6390.1,6390.1,0,6561,170.9,nested edge,4 select-capability-model-port,,cell:mechanic:execute-projected-model-provider-attempt.operation.8:expression.value.values.1.fields.protocolNormalizationRequest.fields.payload.fields.observation.fields.text.then.else.value:dependency:1,,admitted,,,2026-10-06T04:57:21.5440920Z,2026-10-06T04:57:21.5441064Z,2026-10-06T04:57:21.715Z
1461,6390.1,6390.3,0.2,6564,173.6,expression,4 select-capability-model-port,,cell:mechanic:execute-projected-model-provider-attempt.operation.8:expression.value.values.1.fields.protocolNormalizationRequest.fields.payload.fields.observation.fields.text.then.else.value.value,mechanic,completed,VALUE,sda-semantic-value-graph-provider.v1,2026-10-06T04:57:21.5441650Z,2026-10-06T04:57:21.5443566Z,2026-10-06T04:57:21.718Z
1462,6390.4,6390.4,0,6567,176.6,nested edge,4 select-capability-model-port,,cell:mechanic:execute-projected-model-provider-attempt.operation.8:expression.value.values.1.fields.protocolNormalizationRequest.fields.payload.fields.observation.fields.text.then.else.value:dependency:result,,admitted,,,2026-10-06T04:57:21.5444228Z,2026-10-06T04:57:21.5444312Z,2026-10-06T04:57:21.721Z
1463,6390.5,6391.1,0.7,6569,177.8,expression,4 select-capability-model-port,,cell:mechanic:execute-projected-model-provider-attempt.operation.8:expression.value.values.1.fields.protocolNormalizationRequest.fields.payload.fields.observation.fields.text.then.else.value,mechanic,completed,VALUE,sda-semantic-value-graph-provider.v1,2026-10-06T04:57:21.5444767Z,2026-10-06T04:57:21.5451731Z,2026-10-06T04:57:21.723Z
1464,6391.4,6391.5,0.1,6581,189.5,nested edge,4 select-capability-model-port,,cell:mechanic:execute-projected-model-provider-attempt.operation.8:expression.value.values.1.fields.protocolNormalizationRequest.fields.payload.fields.observation.fields.text.then.else:dependency:result,,admitted,,,2026-10-06T04:57:21.5454080Z,2026-10-06T04:57:21.5455484Z,2026-10-06T04:57:21.735Z
1465,6391.6,6392.2,0.6,6583,190.8,expression,4 select-capability-model-port,,cell:mechanic:execute-projected-model-provider-attempt.operation.8:expression.value.values.1.fields.protocolNormalizationRequest.fields.payload.fields.observation.fields.text.then.else,mechanic,completed,VALUE,sda-semantic-value-graph-provider.v1,2026-10-06T04:57:21.5456015Z,2026-10-06T04:57:21.5462084Z,2026-10-06T04:57:21.737Z
1466,6392.6,6392.7,0.2,6589,196.2,nested edge,4 select-capability-model-port,,cell:mechanic:execute-projected-model-provider-attempt.operation.8:expression.value.values.1.fields.protocolNormalizationRequest.fields.payload.fields.observation.fields.text.then:else-result,,admitted,,,2026-10-06T04:57:21.5466090Z,2026-10-06T04:57:21.5467602Z,2026-10-06T04:57:21.743Z
1467,6392.8,6393.5,0.7,6592,198.4,expression,4 select-capability-model-port,,cell:mechanic:execute-projected-model-provider-attempt.operation.8:expression.value.values.1.fields.protocolNormalizationRequest.fields.payload.fields.observation.fields.text.then,mechanic,completed,VALUE,sda-semantic-value-graph-provider.v1,2026-10-06T04:57:21.5468260Z,2026-10-06T04:57:21.5475663Z,2026-10-06T04:57:21.746Z
1468,6393.9,6394.1,0.1,6606,211.9,nested edge,4 select-capability-model-port,,cell:mechanic:execute-projected-model-provider-attempt.operation.8:expression.value.values.1.fields.protocolNormalizationRequest.fields.payload.fields.observation.fields.text:then-result,,admitted,,,2026-10-06T04:57:21.5479406Z,2026-10-06T04:57:21.5480810Z,2026-10-06T04:57:21.760Z
1469,6394.1,6394.8,0.6,6611,216.2,expression,4 select-capability-model-port,,cell:mechanic:execute-projected-model-provider-attempt.operation.8:expression.value.values.1.fields.protocolNormalizationRequest.fields.payload.fields.observation.fields.text,mechanic,completed,VALUE,sda-semantic-value-graph-provider.v1,2026-10-06T04:57:21.5481342Z,2026-10-06T04:57:21.5487783Z,2026-10-06T04:57:21.765Z
1470,6395.2,6395.3,0.1,6614,218.7,nested edge,4 select-capability-model-port,,cell:mechanic:execute-projected-model-provider-attempt.operation.8:expression.value.values.1.fields.protocolNormalizationRequest.fields.payload.fields.observation:dependency:result,,admitted,,,2026-10-06T04:57:21.5491885Z,2026-10-06T04:57:21.5493238Z,2026-10-06T04:57:21.768Z
1471,6395.4,6399.3,4,6617,217.6,expression,4 select-capability-model-port,,cell:mechanic:execute-projected-model-provider-attempt.operation.8:expression.value.values.1.fields.protocolNormalizationRequest.fields.payload.fields.observation,mechanic,completed,VALUE,sda-semantic-value-graph-provider.v1,2026-10-06T04:57:21.5493830Z,2026-10-06T04:57:21.5533566Z,2026-10-06T04:57:21.771Z
1472,6399.8,6399.9,0.1,6622,222.1,nested edge,4 select-capability-model-port,,cell:mechanic:execute-projected-model-provider-attempt.operation.8:expression.value.values.1.fields.protocolNormalizationRequest.fields.payload:dependency:2,,admitted,,,2026-10-06T04:57:21.5537768Z,2026-10-06T04:57:21.5539178Z,2026-10-06T04:57:21.776Z
1473,6399.9,6400.3,0.4,6631,230.6,expression,4 select-capability-model-port,,cell:mechanic:execute-projected-model-provider-attempt.operation.8:expression.value.values.1.fields.protocolNormalizationRequest.fields.payload.fields.providerKind,mechanic,completed,VALUE,sda-semantic-value-graph-provider.v1,2026-10-06T04:57:21.5539716Z,2026-10-06T04:57:21.5543647Z,2026-10-06T04:57:21.785Z
1474,6400.6,6400.7,0,6632,231.3,nested edge,4 select-capability-model-port,,cell:mechanic:execute-projected-model-provider-attempt.operation.8:expression.value.values.1.fields.protocolNormalizationRequest.fields.payload:dependency:3,,admitted,,,2026-10-06T04:57:21.5546645Z,2026-10-06T04:57:21.5546794Z,2026-10-06T04:57:21.786Z
1475,6400.7,6400.9,0.2,6635,234.1,expression,4 select-capability-model-port,,cell:mechanic:execute-projected-model-provider-attempt.operation.8:expression.value.values.1.fields.protocolNormalizationRequest.fields.payload.fields.requestType,mechanic,completed,VALUE,sda-semantic-value-graph-provider.v1,2026-10-06T04:57:21.5547377Z,2026-10-06T04:57:21.5549398Z,2026-10-06T04:57:21.789Z
1476,6401,6401,0,6637,236,nested edge,4 select-capability-model-port,,cell:mechanic:execute-projected-model-provider-attempt.operation.8:expression.value.values.1.fields.protocolNormalizationRequest.fields.payload:dependency:result,,admitted,,,2026-10-06T04:57:21.5550022Z,2026-10-06T04:57:21.5550118Z,2026-10-06T04:57:21.791Z
1477,6401,6401.5,0.4,6639,237.5,expression,4 select-capability-model-port,,cell:mechanic:execute-projected-model-provider-attempt.operation.8:expression.value.values.1.fields.protocolNormalizationRequest.fields.payload,mechanic,completed,VALUE,sda-semantic-value-graph-provider.v1,2026-10-06T04:57:21.5550556Z,2026-10-06T04:57:21.5554958Z,2026-10-06T04:57:21.793Z
1478,6401.7,6401.8,0.1,6640,238.1,nested edge,4 select-capability-model-port,,cell:mechanic:execute-projected-model-provider-attempt.operation.8:expression.value.values.1.fields.protocolNormalizationRequest:dependency:result,,admitted,,,2026-10-06T04:57:21.5557338Z,2026-10-06T04:57:21.5558722Z,2026-10-06T04:57:21.794Z
1479,6401.9,6402.8,0.8,6642,239.2,expression,4 select-capability-model-port,,cell:mechanic:execute-projected-model-provider-attempt.operation.8:expression.value.values.1.fields.protocolNormalizationRequest,mechanic,completed,VALUE,sda-semantic-value-graph-provider.v1,2026-10-06T04:57:21.5559505Z,2026-10-06T04:57:21.5567996Z,2026-10-06T04:57:21.796Z
1480,6403.2,6403.3,0.1,6645,241.7,nested edge,4 select-capability-model-port,,cell:mechanic:execute-projected-model-provider-attempt.operation.8:expression.value.values.1:dependency:result,,admitted,,,2026-10-06T04:57:21.5571802Z,2026-10-06T04:57:21.5573100Z,2026-10-06T04:57:21.799Z
1481,6403.3,6404,0.7,6647,243,expression,4 select-capability-model-port,,cell:mechanic:execute-projected-model-provider-attempt.operation.8:expression.value.values.1,mechanic,completed,VALUE,sda-semantic-value-graph-provider.v1,2026-10-06T04:57:21.5573615Z,2026-10-06T04:57:21.5580386Z,2026-10-06T04:57:21.801Z
1482,6404.4,6404.5,0.1,6649,244.5,nested edge,4 select-capability-model-port,,cell:mechanic:execute-projected-model-provider-attempt.operation.8:expression.value:dependency:result,,admitted,,,2026-10-06T04:57:21.5583765Z,2026-10-06T04:57:21.5585076Z,2026-10-06T04:57:21.803Z
1483,6404.5,6405.7,1.1,6651,245.3,expression,4 select-capability-model-port,,cell:mechanic:execute-projected-model-provider-attempt.operation.8:expression.value,mechanic,completed,VALUE,sda-semantic-value-graph-provider.v1,2026-10-06T04:57:21.5585574Z,2026-10-06T04:57:21.5597031Z,2026-10-06T04:57:21.805Z
1484,6406.1,6406.2,0.1,6652,245.7,nested edge,4 select-capability-model-port,,cell:mechanic:execute-projected-model-provider-attempt.operation.8:expression:dependency:result,,admitted,,,2026-10-06T04:57:21.5601197Z,2026-10-06T04:57:21.5602520Z,2026-10-06T04:57:21.806Z
1485,6406.3,6407,0.8,6655,248,expression,4 select-capability-model-port,,cell:mechanic:execute-projected-model-provider-attempt.operation.8:expression,mechanic,completed,VALUE,sda-semantic-value-graph-provider.v1,2026-10-06T04:57:21.5602948Z,2026-10-06T04:57:21.5610468Z,2026-10-06T04:57:21.809Z
1486,6407.4,6407.6,0.2,6657,249.4,nested edge,4 select-capability-model-port,,edge:return:cell:mechanic:execute-projected-model-provider-attempt.operation.8:expression:cell:mechanic:execute-projected-model-provider-attempt.operation.8:0,,admitted,,,2026-10-06T04:57:21.5614376Z,2026-10-06T04:57:21.5615934Z,2026-10-06T04:57:21.811Z
1488,6408.9,6409.1,0.2,6662,252.9,nested edge,4 select-capability-model-port,,edge:sequence:execute-projected-model-provider-attempt:8,,admitted,,,2026-10-06T04:57:21.5629333Z,2026-10-06T04:57:21.5630864Z,2026-10-06T04:57:21.816Z
1646,6409.1,6867.5,458.4,7616,748.4,nested step,4 select-capability-model-port,normalize-provider-protocol-port,cell:mechanic:execute-projected-model-provider-attempt.operation.9,mechanic,completed,SUCCESS,node:provider:sda-projected-capability-invocation-port.v2,2026-10-06T04:57:21.5631322Z,2026-10-06T04:57:22.0215552Z,2026-10-06T04:57:22.770Z
1497,6762.6,6764,1.5,6808,43.9,nested step,4 select-capability-model-port,,cell:mechanic:project-model-provider-protocol.operation.1,mechanic,completed,normalize-observation,sda-semantic-value-graph-provider.v1,2026-10-06T04:57:21.9165958Z,2026-10-06T04:57:21.9180691Z,2026-10-06T04:57:21.962Z
1489,6762.6,6762.9,0.3,6769,6.1,expression,4 select-capability-model-port,,cell:mechanic:project-model-provider-protocol.operation.1:expression.values.0,mechanic,completed,VALUE,sda-semantic-value-graph-provider.v1,2026-10-06T04:57:21.9166344Z,2026-10-06T04:57:21.9169027Z,2026-10-06T04:57:21.923Z
1490,6763,6763,0,6771,8,nested edge,4 select-capability-model-port,,cell:mechanic:project-model-provider-protocol.operation.1:expression:dependency:1,,admitted,,,2026-10-06T04:57:21.9170191Z,2026-10-06T04:57:21.9170420Z,2026-10-06T04:57:21.925Z
1491,6763.1,6763.3,0.2,6776,12.7,expression,4 select-capability-model-port,,cell:mechanic:project-model-provider-protocol.operation.1:expression.values.1.fields.route,mechanic,completed,VALUE,sda-semantic-value-graph-provider.v1,2026-10-06T04:57:21.9170968Z,2026-10-06T04:57:21.9172764Z,2026-10-06T04:57:21.930Z
1492,6763.3,6763.3,0,6778,14.6,nested edge,4 select-capability-model-port,,cell:mechanic:project-model-provider-protocol.operation.1:expression.values.1:dependency:result,,admitted,,,2026-10-06T04:57:21.9173460Z,2026-10-06T04:57:21.9173586Z,2026-10-06T04:57:21.932Z
1493,6763.4,6763.5,0.2,6780,16.4,expression,4 select-capability-model-port,,cell:mechanic:project-model-provider-protocol.operation.1:expression.values.1,mechanic,completed,normalize-observation,sda-semantic-value-graph-provider.v1,2026-10-06T04:57:21.9174091Z,2026-10-06T04:57:21.9175710Z,2026-10-06T04:57:21.934Z
1494,6763.6,6763.6,0,6782,18.3,nested edge,4 select-capability-model-port,,cell:mechanic:project-model-provider-protocol.operation.1:expression:dependency:result,,admitted,,,2026-10-06T04:57:21.9176380Z,2026-10-06T04:57:21.9176527Z,2026-10-06T04:57:21.936Z
1495,6763.7,6763.8,0.2,6784,20.2,expression,4 select-capability-model-port,,cell:mechanic:project-model-provider-protocol.operation.1:expression,mechanic,completed,normalize-observation,sda-semantic-value-graph-provider.v1,2026-10-06T04:57:21.9176940Z,2026-10-06T04:57:21.9178487Z,2026-10-06T04:57:21.938Z
1496,6763.9,6763.9,0,6786,22.1,nested edge,4 select-capability-model-port,,edge:return:cell:mechanic:project-model-provider-protocol.operation.1:expression:cell:mechanic:project-model-provider-protocol.operation.1:0,,admitted,,,2026-10-06T04:57:21.9179141Z,2026-10-06T04:57:21.9179311Z,2026-10-06T04:57:21.940Z
1498,6764.1,6764.1,0,6816,51.8,nested edge,4 select-capability-model-port,,edge:return:project-model-provider-protocol,,admitted,,,2026-10-06T04:57:21.9181559Z,2026-10-06T04:57:21.9181707Z,2026-10-06T04:57:21.970Z
1499,6764.2,6764.3,0.1,6822,57.7,nested scenario,4 select-capability-model-port,,cell:scenario:project-model-provider-protocol,scenario,completed,normalize-observation,,2026-10-06T04:57:21.9182110Z,2026-10-06T04:57:21.9182959Z,2026-10-06T04:57:21.976Z
1500,6764.3,6764.4,0,6824,59.6,nested edge,4 select-capability-model-port,,edge:route-normalize-observation,,admitted,,,2026-10-06T04:57:21.9183605Z,2026-10-06T04:57:21.9183787Z,2026-10-06T04:57:21.978Z
1643,6764.4,6865.3,100.8,7608,742.7,nested step,4 select-capability-model-port,,cell:mechanic:normalize-gemini-success-testimony.operation.1,mechanic,completed,SUCCESS,sda-semantic-value-graph-provider.v1,2026-10-06T04:57:21.9184652Z,2026-10-06T04:57:22.0192886Z,2026-10-06T04:57:22.762Z
1501,6764.5,6764.6,0.1,6827,62.4,expression,4 select-capability-model-port,,cell:mechanic:normalize-gemini-success-testimony.operation.1:expression.when.left,mechanic,completed,VALUE,sda-semantic-value-graph-provider.v1,2026-10-06T04:57:21.9184937Z,2026-10-06T04:57:21.9186407Z,2026-10-06T04:57:21.981Z
1502,6764.7,6764.7,0,6835,70.3,nested edge,4 select-capability-model-port,,cell:mechanic:normalize-gemini-success-testimony.operation.1:expression.when:dependency:1,,admitted,,,2026-10-06T04:57:21.9187029Z,2026-10-06T04:57:21.9187139Z,2026-10-06T04:57:21.989Z
1503,6764.7,6764.9,0.1,6846,81.1,expression,4 select-capability-model-port,,cell:mechanic:normalize-gemini-success-testimony.operation.1:expression.when.right,mechanic,completed,VALUE,sda-semantic-value-graph-provider.v1,2026-10-06T04:57:21.9187522Z,2026-10-06T04:57:21.9188886Z,2026-10-06T04:57:22.000Z
1504,6764.9,6764.9,0,6851,86,nested edge,4 select-capability-model-port,,cell:mechanic:normalize-gemini-success-testimony.operation.1:expression.when:dependency:result,,admitted,,,2026-10-06T04:57:21.9189444Z,2026-10-06T04:57:21.9189543Z,2026-10-06T04:57:22.005Z
1505,6765,6765.1,0.1,6857,91.9,expression,4 select-capability-model-port,,cell:mechanic:normalize-gemini-success-testimony.operation.1:expression.when,mechanic,completed,FALSE,sda-semantic-value-graph-provider.v1,2026-10-06T04:57:21.9189959Z,2026-10-06T04:57:21.9191378Z,2026-10-06T04:57:22.011Z
1506,6765.2,6765.2,0,6868,102.8,nested edge,4 select-capability-model-port,,cell:mechanic:normalize-gemini-success-testimony.operation.1:expression:selection:predicate,,admitted,,,2026-10-06T04:57:21.9191907Z,2026-10-06T04:57:21.9191994Z,2026-10-06T04:57:22.022Z
1507,6765.2,6765.4,0.1,6897,131.6,expression,4 select-capability-model-port,,cell:mechanic:normalize-gemini-success-testimony.operation.1:expression:selection,mechanic,completed,FALSE,,2026-10-06T04:57:21.9192410Z,2026-10-06T04:57:21.9193792Z,2026-10-06T04:57:22.051Z
1508,6765.4,6765.4,0,6907,141.5,nested edge,4 select-capability-model-port,,cell:mechanic:normalize-gemini-success-testimony.operation.1:expression:selection:false,,admitted,,,2026-10-06T04:57:21.9194393Z,2026-10-06T04:57:21.9194510Z,2026-10-06T04:57:22.061Z
1509,6765.5,6765.6,0.1,6915,149.4,expression,4 select-capability-model-port,,cell:mechanic:normalize-gemini-success-testimony.operation.1:expression.else.fields.contractId,mechanic,completed,VALUE,sda-semantic-value-graph-provider.v1,2026-10-06T04:57:21.9194954Z,2026-10-06T04:57:21.9196327Z,2026-10-06T04:57:22.069Z
1510,6765.7,6765.7,0,6918,152.3,nested edge,4 select-capability-model-port,,cell:mechanic:normalize-gemini-success-testimony.operation.1:expression.else:dependency:1,,admitted,,,2026-10-06T04:57:21.9196969Z,2026-10-06T04:57:21.9197103Z,2026-10-06T04:57:22.072Z
1511,6765.7,6765.9,0.2,6929,163.1,expression,4 select-capability-model-port,,cell:mechanic:normalize-gemini-success-testimony.operation.1:expression.else.fields.payload.fields.adapterIdentity,mechanic,completed,VALUE,sda-semantic-value-graph-provider.v1,2026-10-06T04:57:21.9197581Z,2026-10-06T04:57:21.9199187Z,2026-10-06T04:57:22.083Z
1512,6766,6766,0,6934,168,nested edge,4 select-capability-model-port,,cell:mechanic:normalize-gemini-success-testimony.operation.1:expression.else.fields.payload:dependency:1,,admitted,,,2026-10-06T04:57:21.9199793Z,2026-10-06T04:57:21.9199916Z,2026-10-06T04:57:22.088Z
1513,6766,6766.2,0.2,6936,169.8,expression,4 select-capability-model-port,,cell:mechanic:normalize-gemini-success-testimony.operation.1:expression.else.fields.payload.fields.disposition.when.left,mechanic,completed,VALUE,sda-semantic-value-graph-provider.v1,2026-10-06T04:57:21.9200439Z,2026-10-06T04:57:21.9202029Z,2026-10-06T04:57:22.090Z
1514,6768.7,6768.7,0,6939,170.3,nested edge,4 select-capability-model-port,,cell:mechanic:normalize-gemini-success-testimony.operation.1:expression.else.fields.payload.fields.disposition.when:dependency:1,,admitted,,,2026-10-06T04:57:21.9227270Z,2026-10-06T04:57:21.9227442Z,2026-10-06T04:57:22.093Z
1515,6772.2,6772.4,0.2,6947,174.6,expression,4 select-capability-model-port,,cell:mechanic:normalize-gemini-success-testimony.operation.1:expression.else.fields.payload.fields.disposition.when.right,mechanic,completed,VALUE,sda-semantic-value-graph-provider.v1,2026-10-06T04:57:21.9262199Z,2026-10-06T04:57:21.9263947Z,2026-10-06T04:57:22.101Z
1516,6772.4,6772.4,0,6952,179.5,nested edge,4 select-capability-model-port,,cell:mechanic:normalize-gemini-success-testimony.operation.1:expression.else.fields.payload.fields.disposition.when:dependency:result,,admitted,,,2026-10-06T04:57:21.9264610Z,2026-10-06T04:57:21.9264710Z,2026-10-06T04:57:22.106Z
1517,6772.5,6772.6,0.2,6959,186.3,expression,4 select-capability-model-port,,cell:mechanic:normalize-gemini-success-testimony.operation.1:expression.else.fields.payload.fields.disposition.when,mechanic,completed,FALSE,sda-semantic-value-graph-provider.v1,2026-10-06T04:57:21.9265108Z,2026-10-06T04:57:21.9266631Z,2026-10-06T04:57:22.113Z
1518,6772.7,6810.5,37.8,6961,150.5,nested edge,4 select-capability-model-port,,cell:mechanic:normalize-gemini-success-testimony.operation.1:expression.else.fields.payload.fields.disposition:selection:predicate,,admitted,,,2026-10-06T04:57:21.9267157Z,2026-10-06T04:57:21.9644897Z,2026-10-06T04:57:22.115Z
1519,6810.6,6811.8,1.2,6963,151.2,expression,4 select-capability-model-port,,cell:mechanic:normalize-gemini-success-testimony.operation.1:expression.else.fields.payload.fields.disposition:selection,mechanic,completed,FALSE,,2026-10-06T04:57:21.9646339Z,2026-10-06T04:57:21.9657844Z,2026-10-06T04:57:22.117Z
1520,6811.8,6811.9,0,6965,153.1,nested edge,4 select-capability-model-port,,cell:mechanic:normalize-gemini-success-testimony.operation.1:expression.else.fields.payload.fields.disposition:selection:false,,admitted,,,2026-10-06T04:57:21.9658722Z,2026-10-06T04:57:21.9658885Z,2026-10-06T04:57:22.119Z
1521,6811.9,6812.1,0.2,6971,158.8,expression,4 select-capability-model-port,,cell:mechanic:normalize-gemini-success-testimony.operation.1:expression.else.fields.payload.fields.disposition.else.when.left,mechanic,completed,VALUE,sda-semantic-value-graph-provider.v1,2026-10-06T04:57:21.9659736Z,2026-10-06T04:57:21.9661728Z,2026-10-06T04:57:22.125Z
1522,6812.2,6812.2,0,6975,162.7,nested edge,4 select-capability-model-port,,cell:mechanic:normalize-gemini-success-testimony.operation.1:expression.else.fields.payload.fields.disposition.else.when:dependency:1,,admitted,,,2026-10-06T04:57:21.9662486Z,2026-10-06T04:57:21.9662682Z,2026-10-06T04:57:22.129Z
1523,6812.3,6812.5,0.2,6990,177.5,expression,4 select-capability-model-port,,cell:mechanic:normalize-gemini-success-testimony.operation.1:expression.else.fields.payload.fields.disposition.else.when.right,mechanic,completed,VALUE,sda-semantic-value-graph-provider.v1,2026-10-06T04:57:21.9663359Z,2026-10-06T04:57:21.9664881Z,2026-10-06T04:57:22.144Z
1524,6812.5,6812.6,0,6996,183.4,nested edge,4 select-capability-model-port,,cell:mechanic:normalize-gemini-success-testimony.operation.1:expression.else.fields.payload.fields.disposition.else.when:dependency:result,,admitted,,,2026-10-06T04:57:21.9665699Z,2026-10-06T04:57:21.9665850Z,2026-10-06T04:57:22.150Z
1525,6812.6,6812.8,0.2,7009,196.2,expression,4 select-capability-model-port,,cell:mechanic:normalize-gemini-success-testimony.operation.1:expression.else.fields.payload.fields.disposition.else.when,mechanic,completed,FALSE,sda-semantic-value-graph-provider.v1,2026-10-06T04:57:21.9666544Z,2026-10-06T04:57:21.9668283Z,2026-10-06T04:57:22.163Z
1526,6812.9,6812.9,0,7016,203.1,nested edge,4 select-capability-model-port,,cell:mechanic:normalize-gemini-success-testimony.operation.1:expression.else.fields.payload.fields.disposition.else:selection:predicate,,admitted,,,2026-10-06T04:57:21.9669120Z,2026-10-06T04:57:21.9669259Z,2026-10-06T04:57:22.170Z
1527,6813,6813.2,0.2,7022,208.8,expression,4 select-capability-model-port,,cell:mechanic:normalize-gemini-success-testimony.operation.1:expression.else.fields.payload.fields.disposition.else:selection,mechanic,completed,FALSE,,2026-10-06T04:57:21.9670032Z,2026-10-06T04:57:21.9671745Z,2026-10-06T04:57:22.176Z
1528,6813.2,6813.3,0,7028,214.7,nested edge,4 select-capability-model-port,,cell:mechanic:normalize-gemini-success-testimony.operation.1:expression.else.fields.payload.fields.disposition.else:selection:false,,admitted,,,2026-10-06T04:57:21.9672591Z,2026-10-06T04:57:21.9672816Z,2026-10-06T04:57:22.182Z
1529,6813.3,6813.5,0.2,7034,220.5,expression,4 select-capability-model-port,,cell:mechanic:normalize-gemini-success-testimony.operation.1:expression.else.fields.payload.fields.disposition.else.else.when.left,mechanic,completed,VALUE,sda-semantic-value-graph-provider.v1,2026-10-06T04:57:21.9673309Z,2026-10-06T04:57:21.9675090Z,2026-10-06T04:57:22.188Z
1530,6813.6,6813.6,0,7041,227.4,nested edge,4 select-capability-model-port,,cell:mechanic:normalize-gemini-success-testimony.operation.1:expression.else.fields.payload.fields.disposition.else.else.when:dependency:1,,admitted,,,2026-10-06T04:57:21.9675916Z,2026-10-06T04:57:21.9676024Z,2026-10-06T04:57:22.195Z
1531,6813.6,6813.8,0.2,7044,230.1,expression,4 select-capability-model-port,,cell:mechanic:normalize-gemini-success-testimony.operation.1:expression.else.fields.payload.fields.disposition.else.else.when.right,mechanic,completed,VALUE,sda-semantic-value-graph-provider.v1,2026-10-06T04:57:21.9676650Z,2026-10-06T04:57:21.9678694Z,2026-10-06T04:57:22.198Z
1532,6813.9,6813.9,0,7048,234,nested edge,4 select-capability-model-port,,cell:mechanic:normalize-gemini-success-testimony.operation.1:expression.else.fields.payload.fields.disposition.else.else.when:dependency:result,,admitted,,,2026-10-06T04:57:21.9679527Z,2026-10-06T04:57:21.9679650Z,2026-10-06T04:57:22.202Z
1533,6814,6814.2,0.2,7052,237.8,expression,4 select-capability-model-port,,cell:mechanic:normalize-gemini-success-testimony.operation.1:expression.else.fields.payload.fields.disposition.else.else.when,mechanic,completed,TRUE,sda-semantic-value-graph-provider.v1,2026-10-06T04:57:21.9680222Z,2026-10-06T04:57:21.9682059Z,2026-10-06T04:57:22.206Z
1534,6814.3,6814.3,0,7055,240.7,nested edge,4 select-capability-model-port,,cell:mechanic:normalize-gemini-success-testimony.operation.1:expression.else.fields.payload.fields.disposition.else.else:selection:predicate,,admitted,,,2026-10-06T04:57:21.9682849Z,2026-10-06T04:57:21.9683062Z,2026-10-06T04:57:22.209Z
1535,6814.3,6814.5,0.2,7061,246.5,expression,4 select-capability-model-port,,cell:mechanic:normalize-gemini-success-testimony.operation.1:expression.else.fields.payload.fields.disposition.else.else:selection,mechanic,completed,TRUE,,2026-10-06T04:57:21.9683599Z,2026-10-06T04:57:21.9685268Z,2026-10-06T04:57:22.215Z
1536,6814.6,6814.6,0,7065,250.4,nested edge,4 select-capability-model-port,,cell:mechanic:normalize-gemini-success-testimony.operation.1:expression.else.fields.payload.fields.disposition.else.else:selection:true,,admitted,,,2026-10-06T04:57:21.9686034Z,2026-10-06T04:57:21.9686133Z,2026-10-06T04:57:22.219Z
1537,6814.6,6817,2.3,7068,251,expression,4 select-capability-model-port,,cell:mechanic:normalize-gemini-success-testimony.operation.1:expression.else.fields.payload.fields.disposition.else.else.then,mechanic,completed,VALUE,sda-semantic-value-graph-provider.v1,2026-10-06T04:57:21.9686728Z,2026-10-06T04:57:21.9709909Z,2026-10-06T04:57:22.222Z
1538,6817.1,6817.1,0,7071,253.9,nested edge,4 select-capability-model-port,,cell:mechanic:normalize-gemini-success-testimony.operation.1:expression.else.fields.payload.fields.disposition.else.else:then-result,,admitted,,,2026-10-06T04:57:21.9710900Z,2026-10-06T04:57:21.9711029Z,2026-10-06T04:57:22.225Z
1539,6817.1,6817.3,0.2,7074,256.7,expression,4 select-capability-model-port,,cell:mechanic:normalize-gemini-success-testimony.operation.1:expression.else.fields.payload.fields.disposition.else.else,mechanic,completed,VALUE,sda-semantic-value-graph-provider.v1,2026-10-06T04:57:21.9711692Z,2026-10-06T04:57:21.9713469Z,2026-10-06T04:57:22.228Z
1540,6817.4,6817.4,0,7079,261.6,nested edge,4 select-capability-model-port,,cell:mechanic:normalize-gemini-success-testimony.operation.1:expression.else.fields.payload.fields.disposition.else:else-result,,admitted,,,2026-10-06T04:57:21.9714171Z,2026-10-06T04:57:21.9714344Z,2026-10-06T04:57:22.233Z
1541,6817.5,6817.7,0.2,7083,265.3,expression,4 select-capability-model-port,,cell:mechanic:normalize-gemini-success-testimony.operation.1:expression.else.fields.payload.fields.disposition.else,mechanic,completed,VALUE,sda-semantic-value-graph-provider.v1,2026-10-06T04:57:21.9714851Z,2026-10-06T04:57:21.9716842Z,2026-10-06T04:57:22.237Z
1542,6817.7,6817.8,0,7091,273.2,nested edge,4 select-capability-model-port,,cell:mechanic:normalize-gemini-success-testimony.operation.1:expression.else.fields.payload.fields.disposition:else-result,,admitted,,,2026-10-06T04:57:21.9717724Z,2026-10-06T04:57:21.9717830Z,2026-10-06T04:57:22.245Z
1543,6817.8,6818,0.2,7093,275,expression,4 select-capability-model-port,,cell:mechanic:normalize-gemini-success-testimony.operation.1:expression.else.fields.payload.fields.disposition,mechanic,completed,VALUE,sda-semantic-value-graph-provider.v1,2026-10-06T04:57:21.9718408Z,2026-10-06T04:57:21.9720249Z,2026-10-06T04:57:22.247Z
1544,6818.1,6818.1,0,7095,276.9,nested edge,4 select-capability-model-port,,cell:mechanic:normalize-gemini-success-testimony.operation.1:expression.else.fields.payload:dependency:2,,admitted,,,2026-10-06T04:57:21.9720991Z,2026-10-06T04:57:21.9721191Z,2026-10-06T04:57:22.249Z
1545,6818.1,6818.3,0.1,7107,288.7,expression,4 select-capability-model-port,,cell:mechanic:normalize-gemini-success-testimony.operation.1:expression.else.fields.payload.fields.endpointFact.when.left,mechanic,completed,VALUE,sda-semantic-value-graph-provider.v1,2026-10-06T04:57:21.9721692Z,2026-10-06T04:57:21.9723173Z,2026-10-06T04:57:22.261Z
1546,6818.4,6818.4,0,7111,292.6,nested edge,4 select-capability-model-port,,cell:mechanic:normalize-gemini-success-testimony.operation.1:expression.else.fields.payload.fields.endpointFact.when:dependency:1,,admitted,,,2026-10-06T04:57:21.9724112Z,2026-10-06T04:57:21.9724218Z,2026-10-06T04:57:22.265Z
1547,6818.5,6818.6,0.2,7115,296.4,expression,4 select-capability-model-port,,cell:mechanic:normalize-gemini-success-testimony.operation.1:expression.else.fields.payload.fields.endpointFact.when.right,mechanic,completed,VALUE,sda-semantic-value-graph-provider.v1,2026-10-06T04:57:21.9724781Z,2026-10-06T04:57:21.9726338Z,2026-10-06T04:57:22.269Z
1548,6818.7,6818.7,0,7163,344.3,nested edge,4 select-capability-model-port,,cell:mechanic:normalize-gemini-success-testimony.operation.1:expression.else.fields.payload.fields.endpointFact.when:dependency:result,,admitted,,,2026-10-06T04:57:21.9727246Z,2026-10-06T04:57:21.9727422Z,2026-10-06T04:57:22.317Z
1549,6818.8,6823,4.3,7167,343.9,expression,4 select-capability-model-port,,cell:mechanic:normalize-gemini-success-testimony.operation.1:expression.else.fields.payload.fields.endpointFact.when,mechanic,completed,FALSE,sda-semantic-value-graph-provider.v1,2026-10-06T04:57:21.9727978Z,2026-10-06T04:57:21.9770646Z,2026-10-06T04:57:22.321Z
1550,6823.1,6823.2,0,7171,347.8,nested edge,4 select-capability-model-port,,cell:mechanic:normalize-gemini-success-testimony.operation.1:expression.else.fields.payload.fields.endpointFact:selection:predicate,,admitted,,,2026-10-06T04:57:21.9771587Z,2026-10-06T04:57:21.9771765Z,2026-10-06T04:57:22.325Z
1551,6823.2,6823.4,0.2,7173,349.6,expression,4 select-capability-model-port,,cell:mechanic:normalize-gemini-success-testimony.operation.1:expression.else.fields.payload.fields.endpointFact:selection,mechanic,completed,FALSE,,2026-10-06T04:57:21.9772265Z,2026-10-06T04:57:21.9774117Z,2026-10-06T04:57:22.327Z
1552,6823.5,6823.5,0,7175,351.5,nested edge,4 select-capability-model-port,,cell:mechanic:normalize-gemini-success-testimony.operation.1:expression.else.fields.payload.fields.endpointFact:selection:false,,admitted,,,2026-10-06T04:57:21.9775062Z,2026-10-06T04:57:21.9775352Z,2026-10-06T04:57:22.329Z
1553,6823.6,6823.8,0.2,7178,354.2,expression,4 select-capability-model-port,,cell:mechanic:normalize-gemini-success-testimony.operation.1:expression.else.fields.payload.fields.endpointFact.else,mechanic,completed,VALUE,sda-semantic-value-graph-provider.v1,2026-10-06T04:57:21.9776313Z,2026-10-06T04:57:21.9778096Z,2026-10-06T04:57:22.332Z
1554,6823.9,6823.9,0,7183,359.1,nested edge,4 select-capability-model-port,,cell:mechanic:normalize-gemini-success-testimony.operation.1:expression.else.fields.payload.fields.endpointFact:else-result,,admitted,,,2026-10-06T04:57:21.9779119Z,2026-10-06T04:57:21.9779365Z,2026-10-06T04:57:22.337Z
1555,6824,6824.1,0.2,7184,359.8,expression,4 select-capability-model-port,,cell:mechanic:normalize-gemini-success-testimony.operation.1:expression.else.fields.payload.fields.endpointFact,mechanic,completed,VALUE,sda-semantic-value-graph-provider.v1,2026-10-06T04:57:21.9779919Z,2026-10-06T04:57:21.9781640Z,2026-10-06T04:57:22.338Z
1556,6824.2,6824.2,0,7205,380.7,nested edge,4 select-capability-model-port,,cell:mechanic:normalize-gemini-success-testimony.operation.1:expression.else.fields.payload:dependency:3,,admitted,,,2026-10-06T04:57:21.9782358Z,2026-10-06T04:57:21.9782723Z,2026-10-06T04:57:22.359Z
1557,6824.3,6824.5,0.2,7212,387.5,expression,4 select-capability-model-port,,cell:mechanic:normalize-gemini-success-testimony.operation.1:expression.else.fields.payload.fields.networkExchangeCount,mechanic,completed,VALUE,sda-semantic-value-graph-provider.v1,2026-10-06T04:57:21.9783366Z,2026-10-06T04:57:21.9785109Z,2026-10-06T04:57:22.366Z
1558,6824.6,6824.6,0,7214,389.4,nested edge,4 select-capability-model-port,,cell:mechanic:normalize-gemini-success-testimony.operation.1:expression.else.fields.payload:dependency:4,,admitted,,,2026-10-06T04:57:21.9785927Z,2026-10-06T04:57:21.9786060Z,2026-10-06T04:57:22.368Z
1559,6824.7,6824.9,0.2,7216,391.1,expression,4 select-capability-model-port,,cell:mechanic:normalize-gemini-success-testimony.operation.1:expression.else.fields.payload.fields.normalizedTestimony.when.left,mechanic,completed,VALUE,sda-semantic-value-graph-provider.v1,2026-10-06T04:57:21.9787052Z,2026-10-06T04:57:21.9789098Z,2026-10-06T04:57:22.370Z
1560,6825,6825,0,7219,393.9,nested edge,4 select-capability-model-port,,cell:mechanic:normalize-gemini-success-testimony.operation.1:expression.else.fields.payload.fields.normalizedTestimony.when:dependency:1,,admitted,,,2026-10-06T04:57:21.9790302Z,2026-10-06T04:57:21.9790668Z,2026-10-06T04:57:22.373Z
1561,6825.1,6825.3,0.2,7230,404.7,expression,4 select-capability-model-port,,cell:mechanic:normalize-gemini-success-testimony.operation.1:expression.else.fields.payload.fields.normalizedTestimony.when.right,mechanic,completed,VALUE,sda-semantic-value-graph-provider.v1,2026-10-06T04:57:21.9791288Z,2026-10-06T04:57:21.9793298Z,2026-10-06T04:57:22.384Z
1562,6825.4,6825.4,0,7232,406.6,nested edge,4 select-capability-model-port,,cell:mechanic:normalize-gemini-success-testimony.operation.1:expression.else.fields.payload.fields.normalizedTestimony.when:dependency:result,,admitted,,,2026-10-06T04:57:21.9793966Z,2026-10-06T04:57:21.9794299Z,2026-10-06T04:57:22.386Z
1563,6825.5,6825.7,0.2,7235,409.3,expression,4 select-capability-model-port,,cell:mechanic:normalize-gemini-success-testimony.operation.1:expression.else.fields.payload.fields.normalizedTestimony.when,mechanic,completed,TRUE,sda-semantic-value-graph-provider.v1,2026-10-06T04:57:21.9794911Z,2026-10-06T04:57:21.9796889Z,2026-10-06T04:57:22.389Z
1564,6825.8,6825.8,0,7245,419.2,nested edge,4 select-capability-model-port,,cell:mechanic:normalize-gemini-success-testimony.operation.1:expression.else.fields.payload.fields.normalizedTestimony:selection:predicate,,admitted,,,2026-10-06T04:57:21.9797742Z,2026-10-06T04:57:21.9797886Z,2026-10-06T04:57:22.399Z
1565,6825.9,6826,0.2,7250,423.9,expression,4 select-capability-model-port,,cell:mechanic:normalize-gemini-success-testimony.operation.1:expression.else.fields.payload.fields.normalizedTestimony:selection,mechanic,completed,TRUE,,2026-10-06T04:57:21.9798787Z,2026-10-06T04:57:21.9800588Z,2026-10-06T04:57:22.404Z
1566,6826.1,6826.1,0,7252,425.9,nested edge,4 select-capability-model-port,,cell:mechanic:normalize-gemini-success-testimony.operation.1:expression.else.fields.payload.fields.normalizedTestimony:selection:true,,admitted,,,2026-10-06T04:57:21.9801315Z,2026-10-06T04:57:21.9801467Z,2026-10-06T04:57:22.406Z
1567,6826.2,6826.4,0.2,7258,431.6,expression,4 select-capability-model-port,,cell:mechanic:normalize-gemini-success-testimony.operation.1:expression.else.fields.payload.fields.normalizedTestimony.then.fields.candidateText,mechanic,completed,VALUE,sda-semantic-value-graph-provider.v1,2026-10-06T04:57:21.9802165Z,2026-10-06T04:57:21.9803849Z,2026-10-06T04:57:22.412Z
1568,6826.4,6826.4,0,7264,437.5,nested edge,4 select-capability-model-port,,cell:mechanic:normalize-gemini-success-testimony.operation.1:expression.else.fields.payload.fields.normalizedTestimony.then:dependency:1,,admitted,,,2026-10-06T04:57:21.9804532Z,2026-10-06T04:57:21.9804676Z,2026-10-06T04:57:22.418Z
1569,6826.5,6826.7,0.2,7266,439.3,expression,4 select-capability-model-port,,cell:mechanic:normalize-gemini-success-testimony.operation.1:expression.else.fields.payload.fields.normalizedTestimony.then.fields.finishReason,mechanic,completed,VALUE,sda-semantic-value-graph-provider.v1,2026-10-06T04:57:21.9805377Z,2026-10-06T04:57:21.9807091Z,2026-10-06T04:57:22.420Z
1570,6826.8,6826.8,0,7271,444.2,nested edge,4 select-capability-model-port,,cell:mechanic:normalize-gemini-success-testimony.operation.1:expression.else.fields.payload.fields.normalizedTestimony.then:dependency:2,,admitted,,,2026-10-06T04:57:21.9807812Z,2026-10-06T04:57:21.9807997Z,2026-10-06T04:57:22.425Z
1571,6829.3,6829.5,0.2,7273,443.5,expression,4 select-capability-model-port,,cell:mechanic:normalize-gemini-success-testimony.operation.1:expression.else.fields.payload.fields.normalizedTestimony.then.fields.textPartCount,mechanic,completed,VALUE,sda-semantic-value-graph-provider.v1,2026-10-06T04:57:21.9833537Z,2026-10-06T04:57:21.9835272Z,2026-10-06T04:57:22.427Z
1572,6829.7,6829.7,0,7274,444.2,nested edge,4 select-capability-model-port,,cell:mechanic:normalize-gemini-success-testimony.operation.1:expression.else.fields.payload.fields.normalizedTestimony.then:dependency:result,,admitted,,,2026-10-06T04:57:21.9837395Z,2026-10-06T04:57:21.9837617Z,2026-10-06T04:57:22.428Z
1573,6829.8,6830.9,1.1,7276,445.1,expression,4 select-capability-model-port,,cell:mechanic:normalize-gemini-success-testimony.operation.1:expression.else.fields.payload.fields.normalizedTestimony.then,mechanic,completed,VALUE,sda-semantic-value-graph-provider.v1,2026-10-06T04:57:21.9838404Z,2026-10-06T04:57:21.9849012Z,2026-10-06T04:57:22.430Z
1574,6831,6831,0,7279,448,nested edge,4 select-capability-model-port,,cell:mechanic:normalize-gemini-success-testimony.operation.1:expression.else.fields.payload.fields.normalizedTestimony:then-result,,admitted,,,2026-10-06T04:57:21.9850216Z,2026-10-06T04:57:21.9850445Z,2026-10-06T04:57:22.433Z
1575,6831.1,6831.3,0.2,7282,450.7,expression,4 select-capability-model-port,,cell:mechanic:normalize-gemini-success-testimony.operation.1:expression.else.fields.payload.fields.normalizedTestimony,mechanic,completed,VALUE,sda-semantic-value-graph-provider.v1,2026-10-06T04:57:21.9851079Z,2026-10-06T04:57:21.9853040Z,2026-10-06T04:57:22.436Z
1576,6831.4,6831.4,0,7305,473.6,nested edge,4 select-capability-model-port,,cell:mechanic:normalize-gemini-success-testimony.operation.1:expression.else.fields.payload:dependency:5,,admitted,,,2026-10-06T04:57:21.9853874Z,2026-10-06T04:57:21.9854041Z,2026-10-06T04:57:22.459Z
1577,6831.5,6831.6,0.2,7307,475.3,expression,4 select-capability-model-port,,cell:mechanic:normalize-gemini-success-testimony.operation.1:expression.else.fields.payload.fields.providerKind,mechanic,completed,VALUE,sda-semantic-value-graph-provider.v1,2026-10-06T04:57:21.9854825Z,2026-10-06T04:57:21.9856629Z,2026-10-06T04:57:22.461Z
1578,6831.7,6831.7,0,7310,478.2,nested edge,4 select-capability-model-port,,cell:mechanic:normalize-gemini-success-testimony.operation.1:expression.else.fields.payload:dependency:6,,admitted,,,2026-10-06T04:57:21.9857427Z,2026-10-06T04:57:21.9857545Z,2026-10-06T04:57:22.464Z
1579,6831.8,6832,0.2,7312,480,expression,4 select-capability-model-port,,cell:mechanic:normalize-gemini-success-testimony.operation.1:expression.else.fields.payload.fields.rejectionReason.when.left,mechanic,completed,VALUE,sda-semantic-value-graph-provider.v1,2026-10-06T04:57:21.9858383Z,2026-10-06T04:57:21.9860184Z,2026-10-06T04:57:22.466Z
1580,6832.1,6832.1,0,7316,483.9,nested edge,4 select-capability-model-port,,cell:mechanic:normalize-gemini-success-testimony.operation.1:expression.else.fields.payload.fields.rejectionReason.when:dependency:1,,admitted,,,2026-10-06T04:57:21.9860956Z,2026-10-06T04:57:21.9861142Z,2026-10-06T04:57:22.470Z
1581,6832.2,6832.3,0.2,7318,485.7,expression,4 select-capability-model-port,,cell:mechanic:normalize-gemini-success-testimony.operation.1:expression.else.fields.payload.fields.rejectionReason.when.right,mechanic,completed,VALUE,sda-semantic-value-graph-provider.v1,2026-10-06T04:57:21.9861883Z,2026-10-06T04:57:21.9863463Z,2026-10-06T04:57:22.472Z
1582,6832.4,6832.4,0,7320,487.6,nested edge,4 select-capability-model-port,,cell:mechanic:normalize-gemini-success-testimony.operation.1:expression.else.fields.payload.fields.rejectionReason.when:dependency:result,,admitted,,,2026-10-06T04:57:21.9864265Z,2026-10-06T04:57:21.9864436Z,2026-10-06T04:57:22.474Z
1583,6832.5,6832.7,0.2,7321,488.3,expression,4 select-capability-model-port,,cell:mechanic:normalize-gemini-success-testimony.operation.1:expression.else.fields.payload.fields.rejectionReason.when,mechanic,completed,FALSE,sda-semantic-value-graph-provider.v1,2026-10-06T04:57:21.9865060Z,2026-10-06T04:57:21.9866777Z,2026-10-06T04:57:22.475Z
1584,6832.7,6832.7,0,7323,490.2,nested edge,4 select-capability-model-port,,cell:mechanic:normalize-gemini-success-testimony.operation.1:expression.else.fields.payload.fields.rejectionReason:selection:predicate,,admitted,,,2026-10-06T04:57:21.9867548Z,2026-10-06T04:57:21.9867656Z,2026-10-06T04:57:22.477Z
1585,6832.8,6833,0.2,7328,495,expression,4 select-capability-model-port,,cell:mechanic:normalize-gemini-success-testimony.operation.1:expression.else.fields.payload.fields.rejectionReason:selection,mechanic,completed,FALSE,,2026-10-06T04:57:21.9868334Z,2026-10-06T04:57:21.9869899Z,2026-10-06T04:57:22.482Z
1586,6833,6833.1,0,7330,496.9,nested edge,4 select-capability-model-port,,cell:mechanic:normalize-gemini-success-testimony.operation.1:expression.else.fields.payload.fields.rejectionReason:selection:false,,admitted,,,2026-10-06T04:57:21.9870615Z,2026-10-06T04:57:21.9870832Z,2026-10-06T04:57:22.484Z
1587,6833.1,6833.3,0.2,7332,498.6,expression,4 select-capability-model-port,,cell:mechanic:normalize-gemini-success-testimony.operation.1:expression.else.fields.payload.fields.rejectionReason.else,mechanic,completed,VALUE,sda-semantic-value-graph-provider.v1,2026-10-06T04:57:21.9871392Z,2026-10-06T04:57:21.9873532Z,2026-10-06T04:57:22.486Z
1588,6833.4,6833.4,0,7334,500.6,nested edge,4 select-capability-model-port,,cell:mechanic:normalize-gemini-success-testimony.operation.1:expression.else.fields.payload.fields.rejectionReason:else-result,,admitted,,,2026-10-06T04:57:21.9874327Z,2026-10-06T04:57:21.9874427Z,2026-10-06T04:57:22.488Z
1589,6833.5,6833.7,0.2,7340,506.3,expression,4 select-capability-model-port,,cell:mechanic:normalize-gemini-success-testimony.operation.1:expression.else.fields.payload.fields.rejectionReason,mechanic,completed,VALUE,sda-semantic-value-graph-provider.v1,2026-10-06T04:57:21.9875002Z,2026-10-06T04:57:21.9876798Z,2026-10-06T04:57:22.494Z
1590,6833.7,6833.7,0,7342,508.2,nested edge,4 select-capability-model-port,,cell:mechanic:normalize-gemini-success-testimony.operation.1:expression.else.fields.payload:dependency:7,,admitted,,,2026-10-06T04:57:21.9877580Z,2026-10-06T04:57:21.9877682Z,2026-10-06T04:57:22.496Z
1591,6833.8,6834,0.2,7344,510,expression,4 select-capability-model-port,,cell:mechanic:normalize-gemini-success-testimony.operation.1:expression.else.fields.payload.fields.repairCount,mechanic,completed,VALUE,sda-semantic-value-graph-provider.v1,2026-10-06T04:57:21.9878299Z,2026-10-06T04:57:21.9880210Z,2026-10-06T04:57:22.498Z
1592,6834.1,6834.1,0,7346,511.9,nested edge,4 select-capability-model-port,,cell:mechanic:normalize-gemini-success-testimony.operation.1:expression.else.fields.payload:dependency:8,,admitted,,,2026-10-06T04:57:21.9880875Z,2026-10-06T04:57:21.9881091Z,2026-10-06T04:57:22.500Z
1593,6834.1,6834.3,0.2,7348,513.7,expression,4 select-capability-model-port,,cell:mechanic:normalize-gemini-success-testimony.operation.1:expression.else.fields.payload.fields.retryCount,mechanic,completed,VALUE,sda-semantic-value-graph-provider.v1,2026-10-06T04:57:21.9881546Z,2026-10-06T04:57:21.9883304Z,2026-10-06T04:57:22.502Z
1594,6834.4,6834.4,0,7350,515.6,nested edge,4 select-capability-model-port,,cell:mechanic:normalize-gemini-success-testimony.operation.1:expression.else.fields.payload:dependency:9,,admitted,,,2026-10-06T04:57:21.9884108Z,2026-10-06T04:57:21.9884227Z,2026-10-06T04:57:22.504Z
1595,6834.5,6834.6,0.2,7353,518.3,expression,4 select-capability-model-port,,cell:mechanic:normalize-gemini-success-testimony.operation.1:expression.else.fields.payload.fields.wireRequest.when.left,mechanic,completed,VALUE,sda-semantic-value-graph-provider.v1,2026-10-06T04:57:21.9884775Z,2026-10-06T04:57:21.9886616Z,2026-10-06T04:57:22.507Z
1596,6834.7,6834.7,0,7354,519.2,nested edge,4 select-capability-model-port,,cell:mechanic:normalize-gemini-success-testimony.operation.1:expression.else.fields.payload.fields.wireRequest.when:dependency:1,,admitted,,,2026-10-06T04:57:21.9887433Z,2026-10-06T04:57:21.9887679Z,2026-10-06T04:57:22.508Z
1597,6841.2,6841.4,0.2,7356,514.6,expression,4 select-capability-model-port,,cell:mechanic:normalize-gemini-success-testimony.operation.1:expression.else.fields.payload.fields.wireRequest.when.right,mechanic,completed,VALUE,sda-semantic-value-graph-provider.v1,2026-10-06T04:57:21.9952136Z,2026-10-06T04:57:21.9953960Z,2026-10-06T04:57:22.510Z
1598,6841.5,6841.5,0,7359,517.5,nested edge,4 select-capability-model-port,,cell:mechanic:normalize-gemini-success-testimony.operation.1:expression.else.fields.payload.fields.wireRequest.when:dependency:result,,admitted,,,2026-10-06T04:57:21.9955091Z,2026-10-06T04:57:21.9955313Z,2026-10-06T04:57:22.513Z
1599,6841.6,6841.7,0.2,7369,527.2,expression,4 select-capability-model-port,,cell:mechanic:normalize-gemini-success-testimony.operation.1:expression.else.fields.payload.fields.wireRequest.when,mechanic,completed,FALSE,sda-semantic-value-graph-provider.v1,2026-10-06T04:57:21.9955884Z,2026-10-06T04:57:21.9957603Z,2026-10-06T04:57:22.523Z
1600,6841.8,6841.8,0,7374,532.1,nested edge,4 select-capability-model-port,,cell:mechanic:normalize-gemini-success-testimony.operation.1:expression.else.fields.payload.fields.wireRequest:selection:predicate,,admitted,,,2026-10-06T04:57:21.9958471Z,2026-10-06T04:57:21.9958574Z,2026-10-06T04:57:22.528Z
1601,6841.9,6842,0.1,7376,533.9,expression,4 select-capability-model-port,,cell:mechanic:normalize-gemini-success-testimony.operation.1:expression.else.fields.payload.fields.wireRequest:selection,mechanic,completed,FALSE,,2026-10-06T04:57:21.9959138Z,2026-10-06T04:57:21.9960628Z,2026-10-06T04:57:22.530Z
1602,6842.1,6842.1,0,7380,537.8,nested edge,4 select-capability-model-port,,cell:mechanic:normalize-gemini-success-testimony.operation.1:expression.else.fields.payload.fields.wireRequest:selection:false,,admitted,,,2026-10-06T04:57:21.9961511Z,2026-10-06T04:57:21.9961619Z,2026-10-06T04:57:22.534Z
1603,6842.2,6842.4,0.2,7384,541.6,expression,4 select-capability-model-port,,cell:mechanic:normalize-gemini-success-testimony.operation.1:expression.else.fields.payload.fields.wireRequest.else.when.left,mechanic,completed,VALUE,sda-semantic-value-graph-provider.v1,2026-10-06T04:57:21.9962194Z,2026-10-06T04:57:21.9963973Z,2026-10-06T04:57:22.538Z
1604,6842.5,6842.5,0,7409,566.5,nested edge,4 select-capability-model-port,,cell:mechanic:normalize-gemini-success-testimony.operation.1:expression.else.fields.payload.fields.wireRequest.else.when:dependency:1,,admitted,,,2026-10-06T04:57:21.9964982Z,2026-10-06T04:57:21.9965107Z,2026-10-06T04:57:22.563Z
1605,6842.6,6842.7,0.2,7411,568.2,expression,4 select-capability-model-port,,cell:mechanic:normalize-gemini-success-testimony.operation.1:expression.else.fields.payload.fields.wireRequest.else.when.right,mechanic,completed,VALUE,sda-semantic-value-graph-provider.v1,2026-10-06T04:57:21.9965747Z,2026-10-06T04:57:21.9967582Z,2026-10-06T04:57:22.565Z
1606,6849.5,6849.5,0,7415,565.5,nested edge,4 select-capability-model-port,,cell:mechanic:normalize-gemini-success-testimony.operation.1:expression.else.fields.payload.fields.wireRequest.else.when:dependency:result,,admitted,,,2026-10-06T04:57:22.0034862Z,2026-10-06T04:57:22.0035144Z,2026-10-06T04:57:22.569Z
1607,6849.7,6850.8,1.1,7416,565.2,expression,4 select-capability-model-port,,cell:mechanic:normalize-gemini-success-testimony.operation.1:expression.else.fields.payload.fields.wireRequest.else.when,mechanic,completed,FALSE,sda-semantic-value-graph-provider.v1,2026-10-06T04:57:22.0036939Z,2026-10-06T04:57:22.0048015Z,2026-10-06T04:57:22.570Z
1608,6853,6853.1,0.1,7419,565.9,nested edge,4 select-capability-model-port,,cell:mechanic:normalize-gemini-success-testimony.operation.1:expression.else.fields.payload.fields.wireRequest.else:selection:predicate,,admitted,,,2026-10-06T04:57:22.0069960Z,2026-10-06T04:57:22.0071288Z,2026-10-06T04:57:22.573Z
1609,6853.3,6853.8,0.6,7423,569.2,expression,4 select-capability-model-port,,cell:mechanic:normalize-gemini-success-testimony.operation.1:expression.else.fields.payload.fields.wireRequest.else:selection,mechanic,completed,FALSE,,2026-10-06T04:57:22.0072969Z,2026-10-06T04:57:22.0078494Z,2026-10-06T04:57:22.577Z
1610,6854.1,6854.2,0,7435,580.8,nested edge,4 select-capability-model-port,,cell:mechanic:normalize-gemini-success-testimony.operation.1:expression.else.fields.payload.fields.wireRequest.else:selection:false,,admitted,,,2026-10-06T04:57:22.0081480Z,2026-10-06T04:57:22.0081844Z,2026-10-06T04:57:22.589Z
1611,6854.4,6855,0.6,7439,584,expression,4 select-capability-model-port,,cell:mechanic:normalize-gemini-success-testimony.operation.1:expression.else.fields.payload.fields.wireRequest.else.else.when.left,mechanic,completed,VALUE,sda-semantic-value-graph-provider.v1,2026-10-06T04:57:22.0083783Z,2026-10-06T04:57:22.0090239Z,2026-10-06T04:57:22.593Z
1612,6855.2,6855.3,0.2,7442,586.6,nested edge,4 select-capability-model-port,,cell:mechanic:normalize-gemini-success-testimony.operation.1:expression.else.fields.payload.fields.wireRequest.else.else.when:dependency:1,,admitted,,,2026-10-06T04:57:22.0092103Z,2026-10-06T04:57:22.0093617Z,2026-10-06T04:57:22.596Z
1613,6855.5,6856,0.4,7445,589,expression,4 select-capability-model-port,,cell:mechanic:normalize-gemini-success-testimony.operation.1:expression.else.fields.payload.fields.wireRequest.else.else.when.right,mechanic,completed,VALUE,sda-semantic-value-graph-provider.v1,2026-10-06T04:57:22.0095715Z,2026-10-06T04:57:22.0100178Z,2026-10-06T04:57:22.599Z
1614,6856.1,6856.1,0,7456,599.9,nested edge,4 select-capability-model-port,,cell:mechanic:normalize-gemini-success-testimony.operation.1:expression.else.fields.payload.fields.wireRequest.else.else.when:dependency:result,,admitted,,,2026-10-06T04:57:22.0100897Z,2026-10-06T04:57:22.0101199Z,2026-10-06T04:57:22.610Z
1615,6856.2,6856.7,0.6,7458,601.2,expression,4 select-capability-model-port,,cell:mechanic:normalize-gemini-success-testimony.operation.1:expression.else.fields.payload.fields.wireRequest.else.else.when,mechanic,completed,FALSE,sda-semantic-value-graph-provider.v1,2026-10-06T04:57:22.0101766Z,2026-10-06T04:57:22.0107502Z,2026-10-06T04:57:22.612Z
1616,6856.8,6856.9,0,7460,603.1,nested edge,4 select-capability-model-port,,cell:mechanic:normalize-gemini-success-testimony.operation.1:expression.else.fields.payload.fields.wireRequest.else.else:selection:predicate,,admitted,,,2026-10-06T04:57:22.0108421Z,2026-10-06T04:57:22.0108793Z,2026-10-06T04:57:22.614Z
1617,6856.9,6858.5,1.6,7476,617.5,expression,4 select-capability-model-port,,cell:mechanic:normalize-gemini-success-testimony.operation.1:expression.else.fields.payload.fields.wireRequest.else.else:selection,mechanic,completed,FALSE,,2026-10-06T04:57:22.0109356Z,2026-10-06T04:57:22.0125494Z,2026-10-06T04:57:22.630Z
1618,6858.6,6858.7,0,7479,620.3,nested edge,4 select-capability-model-port,,cell:mechanic:normalize-gemini-success-testimony.operation.1:expression.else.fields.payload.fields.wireRequest.else.else:selection:false,,admitted,,,2026-10-06T04:57:22.0126530Z,2026-10-06T04:57:22.0126963Z,2026-10-06T04:57:22.633Z
1619,6858.7,6859,0.2,7485,626,expression,4 select-capability-model-port,,cell:mechanic:normalize-gemini-success-testimony.operation.1:expression.else.fields.payload.fields.wireRequest.else.else.else.when.left,mechanic,completed,VALUE,sda-semantic-value-graph-provider.v1,2026-10-06T04:57:22.0127704Z,2026-10-06T04:57:22.0129962Z,2026-10-06T04:57:22.639Z
1620,6859.1,6859.1,0,7503,643.9,nested edge,4 select-capability-model-port,,cell:mechanic:normalize-gemini-success-testimony.operation.1:expression.else.fields.payload.fields.wireRequest.else.else.else.when:dependency:1,,admitted,,,2026-10-06T04:57:22.0131210Z,2026-10-06T04:57:22.0131432Z,2026-10-06T04:57:22.657Z
1621,6859.2,6859.4,0.2,7505,645.6,expression,4 select-capability-model-port,,cell:mechanic:normalize-gemini-success-testimony.operation.1:expression.else.fields.payload.fields.wireRequest.else.else.else.when.right,mechanic,completed,VALUE,sda-semantic-value-graph-provider.v1,2026-10-06T04:57:22.0132331Z,2026-10-06T04:57:22.0133999Z,2026-10-06T04:57:22.659Z
1622,6859.5,6859.5,0,7508,648.5,nested edge,4 select-capability-model-port,,cell:mechanic:normalize-gemini-success-testimony.operation.1:expression.else.fields.payload.fields.wireRequest.else.else.else.when:dependency:result,,admitted,,,2026-10-06T04:57:22.0134944Z,2026-10-06T04:57:22.0135060Z,2026-10-06T04:57:22.662Z
1623,6859.5,6859.7,0.2,7516,656.3,expression,4 select-capability-model-port,,cell:mechanic:normalize-gemini-success-testimony.operation.1:expression.else.fields.payload.fields.wireRequest.else.else.else.when,mechanic,completed,FALSE,sda-semantic-value-graph-provider.v1,2026-10-06T04:57:22.0135660Z,2026-10-06T04:57:22.0137465Z,2026-10-06T04:57:22.670Z
1624,6859.8,6859.8,0,7522,662.1,nested edge,4 select-capability-model-port,,cell:mechanic:normalize-gemini-success-testimony.operation.1:expression.else.fields.payload.fields.wireRequest.else.else.else:selection:predicate,,admitted,,,2026-10-06T04:57:22.0138473Z,2026-10-06T04:57:22.0138610Z,2026-10-06T04:57:22.676Z
1625,6859.9,6860.1,0.2,7528,667.9,expression,4 select-capability-model-port,,cell:mechanic:normalize-gemini-success-testimony.operation.1:expression.else.fields.payload.fields.wireRequest.else.else.else:selection,mechanic,completed,FALSE,,2026-10-06T04:57:22.0139211Z,2026-10-06T04:57:22.0140948Z,2026-10-06T04:57:22.682Z
1626,6860.2,6860.2,0,7532,671.8,nested edge,4 select-capability-model-port,,cell:mechanic:normalize-gemini-success-testimony.operation.1:expression.else.fields.payload.fields.wireRequest.else.else.else:selection:false,,admitted,,,2026-10-06T04:57:22.0141865Z,2026-10-06T04:57:22.0142084Z,2026-10-06T04:57:22.686Z
1627,6860.2,6860.4,0.2,7536,675.6,expression,4 select-capability-model-port,,cell:mechanic:normalize-gemini-success-testimony.operation.1:expression.else.fields.payload.fields.wireRequest.else.else.else.else,mechanic,completed,VALUE,sda-semantic-value-graph-provider.v1,2026-10-06T04:57:22.0142638Z,2026-10-06T04:57:22.0144272Z,2026-10-06T04:57:22.690Z
1628,6860.5,6860.5,0,7541,680.5,nested edge,4 select-capability-model-port,,cell:mechanic:normalize-gemini-success-testimony.operation.1:expression.else.fields.payload.fields.wireRequest.else.else.else:else-result,,admitted,,,2026-10-06T04:57:22.0145196Z,2026-10-06T04:57:22.0145304Z,2026-10-06T04:57:22.695Z
1629,6860.6,6860.7,0.2,7543,682.2,expression,4 select-capability-model-port,,cell:mechanic:normalize-gemini-success-testimony.operation.1:expression.else.fields.payload.fields.wireRequest.else.else.else,mechanic,completed,VALUE,sda-semantic-value-graph-provider.v1,2026-10-06T04:57:22.0145973Z,2026-10-06T04:57:22.0147579Z,2026-10-06T04:57:22.697Z
1630,6860.8,6860.8,0,7546,685.1,nested edge,4 select-capability-model-port,,cell:mechanic:normalize-gemini-success-testimony.operation.1:expression.else.fields.payload.fields.wireRequest.else.else:else-result,,admitted,,,2026-10-06T04:57:22.0148281Z,2026-10-06T04:57:22.0148589Z,2026-10-06T04:57:22.700Z
1631,6860.9,6862.9,2,7549,686,expression,4 select-capability-model-port,,cell:mechanic:normalize-gemini-success-testimony.operation.1:expression.else.fields.payload.fields.wireRequest.else.else,mechanic,completed,VALUE,sda-semantic-value-graph-provider.v1,2026-10-06T04:57:22.0149123Z,2026-10-06T04:57:22.0169570Z,2026-10-06T04:57:22.703Z
1632,6863,6863,0,7555,691.9,nested edge,4 select-capability-model-port,,cell:mechanic:normalize-gemini-success-testimony.operation.1:expression.else.fields.payload.fields.wireRequest.else:else-result,,admitted,,,2026-10-06T04:57:22.0170382Z,2026-10-06T04:57:22.0170522Z,2026-10-06T04:57:22.709Z
1633,6863.1,6863.2,0.2,7559,695.7,expression,4 select-capability-model-port,,cell:mechanic:normalize-gemini-success-testimony.operation.1:expression.else.fields.payload.fields.wireRequest.else,mechanic,completed,VALUE,sda-semantic-value-graph-provider.v1,2026-10-06T04:57:22.0171147Z,2026-10-06T04:57:22.0172717Z,2026-10-06T04:57:22.713Z
1634,6863.3,6863.3,0,7564,700.6,nested edge,4 select-capability-model-port,,cell:mechanic:normalize-gemini-success-testimony.operation.1:expression.else.fields.payload.fields.wireRequest:else-result,,admitted,,,2026-10-06T04:57:22.0173471Z,2026-10-06T04:57:22.0173569Z,2026-10-06T04:57:22.718Z
1635,6863.4,6863.5,0.1,7567,703.4,expression,4 select-capability-model-port,,cell:mechanic:normalize-gemini-success-testimony.operation.1:expression.else.fields.payload.fields.wireRequest,mechanic,completed,VALUE,sda-semantic-value-graph-provider.v1,2026-10-06T04:57:22.0174223Z,2026-10-06T04:57:22.0175719Z,2026-10-06T04:57:22.721Z
1636,6863.6,6863.6,0,7570,706.3,nested edge,4 select-capability-model-port,,cell:mechanic:normalize-gemini-success-testimony.operation.1:expression.else.fields.payload:dependency:result,,admitted,,,2026-10-06T04:57:22.0176472Z,2026-10-06T04:57:22.0176571Z,2026-10-06T04:57:22.724Z
1637,6863.7,6863.9,0.3,7573,709,expression,4 select-capability-model-port,,cell:mechanic:normalize-gemini-success-testimony.operation.1:expression.else.fields.payload,mechanic,completed,provider-responded,sda-semantic-value-graph-provider.v1,2026-10-06T04:57:22.0177062Z,2026-10-06T04:57:22.0179621Z,2026-10-06T04:57:22.727Z
1638,6864,6864.1,0,7583,718.9,nested edge,4 select-capability-model-port,,cell:mechanic:normalize-gemini-success-testimony.operation.1:expression.else:dependency:result,,admitted,,,2026-10-06T04:57:22.0180432Z,2026-10-06T04:57:22.0180818Z,2026-10-06T04:57:22.737Z
1639,6864.1,6864.4,0.3,7585,720.6,expression,4 select-capability-model-port,,cell:mechanic:normalize-gemini-success-testimony.operation.1:expression.else,mechanic,completed,VALUE,sda-semantic-value-graph-provider.v1,2026-10-06T04:57:22.0181417Z,2026-10-06T04:57:22.0184255Z,2026-10-06T04:57:22.739Z
1640,6864.5,6864.5,0,7586,721.4,nested edge,4 select-capability-model-port,,cell:mechanic:normalize-gemini-success-testimony.operation.1:expression:else-result,,admitted,,,2026-10-06T04:57:22.0185272Z,2026-10-06T04:57:22.0185540Z,2026-10-06T04:57:22.740Z
1641,6864.6,6864.8,0.2,7589,724.2,expression,4 select-capability-model-port,,cell:mechanic:normalize-gemini-success-testimony.operation.1:expression,mechanic,completed,VALUE,sda-semantic-value-graph-provider.v1,2026-10-06T04:57:22.0186050Z,2026-10-06T04:57:22.0188370Z,2026-10-06T04:57:22.743Z
1642,6864.9,6865,0.1,7606,741,nested edge,4 select-capability-model-port,,edge:return:cell:mechanic:normalize-gemini-success-testimony.operation.1:expression:cell:mechanic:normalize-gemini-success-testimony.operation.1:0,,admitted,,,2026-10-06T04:57:22.0189208Z,2026-10-06T04:57:22.0189763Z,2026-10-06T04:57:22.760Z
1644,6865.4,6865.4,0,7612,746.6,nested edge,4 select-capability-model-port,,edge:return:normalize-gemini-success-testimony,,admitted,,,2026-10-06T04:57:22.0193812Z,2026-10-06T04:57:22.0194142Z,2026-10-06T04:57:22.766Z
1645,6865.4,6865.6,0.1,7614,748.4,nested scenario,4 select-capability-model-port,,cell:scenario:normalize-gemini-success-testimony,scenario,completed,TERMINAL,,2026-10-06T04:57:22.0194660Z,2026-10-06T04:57:22.0195909Z,2026-10-06T04:57:22.768Z
1647,6868.2,6868.5,0.3,7624,755.5,nested edge,4 select-capability-model-port,,edge:sequence:execute-projected-model-provider-attempt:9,,admitted,,,2026-10-06T04:57:22.0222707Z,2026-10-06T04:57:22.0225316Z,2026-10-06T04:57:22.778Z
1764,6868.6,6927.2,58.7,8175,1247.7,nested step,4 select-capability-model-port,finalize-provider-attempt-port,cell:mechanic:execute-projected-model-provider-attempt.operation.10,mechanic,completed,MODEL_RESPONSE_OBTAINED,sda-semantic-value-graph-provider.v1,2026-10-06T04:57:22.0225813Z,2026-10-06T04:57:22.0812711Z,2026-10-06T04:57:23.329Z
1648,6868.9,6876.4,7.5,7626,749.6,expression,4 select-capability-model-port,,cell:mechanic:execute-projected-model-provider-attempt.operation.10:expression.fields.attempts,mechanic,completed,VALUE,sda-semantic-value-graph-provider.v1,2026-10-06T04:57:22.0229435Z,2026-10-06T04:57:22.0304432Z,2026-10-06T04:57:22.780Z
1649,6881.1,6881.1,0,7628,746.9,nested edge,4 select-capability-model-port,,cell:mechanic:execute-projected-model-provider-attempt.operation.10:expression:dependency:1,,admitted,,,2026-10-06T04:57:22.0351173Z,2026-10-06T04:57:22.0351380Z,2026-10-06T04:57:22.782Z
1650,6881.2,6881.4,0.3,7629,747.5,expression,4 select-capability-model-port,,cell:mechanic:execute-projected-model-provider-attempt.operation.10:expression.fields.disposition.when.left,mechanic,completed,VALUE,sda-semantic-value-graph-provider.v1,2026-10-06T04:57:22.0351892Z,2026-10-06T04:57:22.0354532Z,2026-10-06T04:57:22.783Z
1651,6881.5,6881.5,0,7632,750.4,nested edge,4 select-capability-model-port,,cell:mechanic:execute-projected-model-provider-attempt.operation.10:expression.fields.disposition.when:dependency:1,,admitted,,,2026-10-06T04:57:22.0355220Z,2026-10-06T04:57:22.0355505Z,2026-10-06T04:57:22.786Z
1652,6881.6,6881.8,0.3,7636,754.1,expression,4 select-capability-model-port,,cell:mechanic:execute-projected-model-provider-attempt.operation.10:expression.fields.disposition.when.right,mechanic,completed,VALUE,sda-semantic-value-graph-provider.v1,2026-10-06T04:57:22.0356044Z,2026-10-06T04:57:22.0358583Z,2026-10-06T04:57:22.790Z
1653,6881.9,6881.9,0,7638,756.1,nested edge,4 select-capability-model-port,,cell:mechanic:execute-projected-model-provider-attempt.operation.10:expression.fields.disposition.when:dependency:result,,admitted,,,2026-10-06T04:57:22.0359244Z,2026-10-06T04:57:22.0359449Z,2026-10-06T04:57:22.792Z
1654,6882,6882.2,0.3,7643,760.8,expression,4 select-capability-model-port,,cell:mechanic:execute-projected-model-provider-attempt.operation.10:expression.fields.disposition.when,mechanic,completed,TRUE,sda-semantic-value-graph-provider.v1,2026-10-06T04:57:22.0359932Z,2026-10-06T04:57:22.0362472Z,2026-10-06T04:57:22.797Z
1655,6882.3,6882.3,0,7645,762.6,nested edge,4 select-capability-model-port,,cell:mechanic:execute-projected-model-provider-attempt.operation.10:expression.fields.disposition:selection:predicate,,admitted,,,2026-10-06T04:57:22.0363288Z,2026-10-06T04:57:22.0363621Z,2026-10-06T04:57:22.799Z
1656,6882.4,6882.6,0.2,7651,768.4,expression,4 select-capability-model-port,,cell:mechanic:execute-projected-model-provider-attempt.operation.10:expression.fields.disposition:selection,mechanic,completed,TRUE,,2026-10-06T04:57:22.0364349Z,2026-10-06T04:57:22.0366081Z,2026-10-06T04:57:22.805Z
1657,6882.7,6882.7,0,7652,769.3,nested edge,4 select-capability-model-port,,cell:mechanic:execute-projected-model-provider-attempt.operation.10:expression.fields.disposition:selection:true,,admitted,,,2026-10-06T04:57:22.0366792Z,2026-10-06T04:57:22.0366909Z,2026-10-06T04:57:22.806Z
1658,6882.7,6889.2,6.5,7654,764.7,expression,4 select-capability-model-port,,cell:mechanic:execute-projected-model-provider-attempt.operation.10:expression.fields.disposition.then.when.in,mechanic,completed,VALUE,sda-semantic-value-graph-provider.v1,2026-10-06T04:57:22.0367621Z,2026-10-06T04:57:22.0432627Z,2026-10-06T04:57:22.808Z
1659,6889.3,6889.3,0,7656,766.6,nested edge,4 select-capability-model-port,,cell:mechanic:execute-projected-model-provider-attempt.operation.10:expression.fields.disposition.then.when:dependency:1,,admitted,,,2026-10-06T04:57:22.0433497Z,2026-10-06T04:57:22.0433730Z,2026-10-06T04:57:22.810Z
1660,6889.4,6889.7,0.3,7658,768.3,expression,4 select-capability-model-port,,cell:mechanic:execute-projected-model-provider-attempt.operation.10:expression.fields.disposition.then.when.value,mechanic,completed,VALUE,sda-semantic-value-graph-provider.v1,2026-10-06T04:57:22.0434571Z,2026-10-06T04:57:22.0437343Z,2026-10-06T04:57:22.812Z
1661,6891.5,6891.5,0,7660,768.4,nested edge,4 select-capability-model-port,,cell:mechanic:execute-projected-model-provider-attempt.operation.10:expression.fields.disposition.then.when:dependency:result,,admitted,,,2026-10-06T04:57:22.0455369Z,2026-10-06T04:57:22.0455545Z,2026-10-06T04:57:22.814Z
1662,6891.7,6892,0.3,7662,770,expression,4 select-capability-model-port,,cell:mechanic:execute-projected-model-provider-attempt.operation.10:expression.fields.disposition.then.when,mechanic,completed,FALSE,sda-semantic-value-graph-provider.v1,2026-10-06T04:57:22.0457422Z,2026-10-06T04:57:22.0460224Z,2026-10-06T04:57:22.816Z
1663,6892.1,6892.1,0,7666,773.9,nested edge,4 select-capability-model-port,,cell:mechanic:execute-projected-model-provider-attempt.operation.10:expression.fields.disposition.then:selection:predicate,,admitted,,,2026-10-06T04:57:22.0460998Z,2026-10-06T04:57:22.0461199Z,2026-10-06T04:57:22.820Z
1664,6892.1,6892.3,0.2,7668,775.7,expression,4 select-capability-model-port,,cell:mechanic:execute-projected-model-provider-attempt.operation.10:expression.fields.disposition.then:selection,mechanic,completed,FALSE,,2026-10-06T04:57:22.0461720Z,2026-10-06T04:57:22.0463382Z,2026-10-06T04:57:22.822Z
1665,6892.4,6892.4,0,7670,777.6,nested edge,4 select-capability-model-port,,cell:mechanic:execute-projected-model-provider-attempt.operation.10:expression.fields.disposition.then:selection:false,,admitted,,,2026-10-06T04:57:22.0464076Z,2026-10-06T04:57:22.0464236Z,2026-10-06T04:57:22.824Z
1666,6892.4,6892.7,0.2,7675,782.3,expression,4 select-capability-model-port,,cell:mechanic:execute-projected-model-provider-attempt.operation.10:expression.fields.disposition.then.else,mechanic,completed,VALUE,sda-semantic-value-graph-provider.v1,2026-10-06T04:57:22.0464701Z,2026-10-06T04:57:22.0467107Z,2026-10-06T04:57:22.829Z
1667,6892.8,6892.8,0,7677,784.2,nested edge,4 select-capability-model-port,,cell:mechanic:execute-projected-model-provider-attempt.operation.10:expression.fields.disposition.then:else-result,,admitted,,,2026-10-06T04:57:22.0467745Z,2026-10-06T04:57:22.0467875Z,2026-10-06T04:57:22.831Z
1668,6892.8,6893,0.2,7678,784.9,expression,4 select-capability-model-port,,cell:mechanic:execute-projected-model-provider-attempt.operation.10:expression.fields.disposition.then,mechanic,completed,VALUE,sda-semantic-value-graph-provider.v1,2026-10-06T04:57:22.0468407Z,2026-10-06T04:57:22.0470659Z,2026-10-06T04:57:22.832Z
1669,6893.1,6893.1,0,7680,786.8,nested edge,4 select-capability-model-port,,cell:mechanic:execute-projected-model-provider-attempt.operation.10:expression.fields.disposition:then-result,,admitted,,,2026-10-06T04:57:22.0471554Z,2026-10-06T04:57:22.0471666Z,2026-10-06T04:57:22.834Z
1670,6893.2,6893.4,0.2,7682,788.5,expression,4 select-capability-model-port,,cell:mechanic:execute-projected-model-provider-attempt.operation.10:expression.fields.disposition,mechanic,completed,VALUE,sda-semantic-value-graph-provider.v1,2026-10-06T04:57:22.0472244Z,2026-10-06T04:57:22.0474687Z,2026-10-06T04:57:22.836Z
1671,6893.5,6893.5,0,7684,790.5,nested edge,4 select-capability-model-port,,cell:mechanic:execute-projected-model-provider-attempt.operation.10:expression:dependency:2,,admitted,,,2026-10-06T04:57:22.0475399Z,2026-10-06T04:57:22.0475493Z,2026-10-06T04:57:22.838Z
1672,6893.6,6893.8,0.2,7707,813.2,expression,4 select-capability-model-port,,cell:mechanic:execute-projected-model-provider-attempt.operation.10:expression.fields.model,mechanic,completed,VALUE,sda-semantic-value-graph-provider.v1,2026-10-06T04:57:22.0476159Z,2026-10-06T04:57:22.0478427Z,2026-10-06T04:57:22.861Z
1673,6893.9,6893.9,0,7709,815,nested edge,4 select-capability-model-port,,cell:mechanic:execute-projected-model-provider-attempt.operation.10:expression:dependency:3,,admitted,,,2026-10-06T04:57:22.0479267Z,2026-10-06T04:57:22.0479549Z,2026-10-06T04:57:22.863Z
1674,6894,6894.2,0.2,7715,820.8,expression,4 select-capability-model-port,,cell:mechanic:execute-projected-model-provider-attempt.operation.10:expression.fields.provider,mechanic,completed,VALUE,sda-semantic-value-graph-provider.v1,2026-10-06T04:57:22.0480030Z,2026-10-06T04:57:22.0482465Z,2026-10-06T04:57:22.869Z
1675,6894.3,6894.3,0,7717,822.7,nested edge,4 select-capability-model-port,,cell:mechanic:execute-projected-model-provider-attempt.operation.10:expression:dependency:4,,admitted,,,2026-10-06T04:57:22.0483169Z,2026-10-06T04:57:22.0483362Z,2026-10-06T04:57:22.871Z
1676,6894.4,6894.6,0.3,7718,823.4,expression,4 select-capability-model-port,,cell:mechanic:execute-projected-model-provider-attempt.operation.10:expression.fields.receipt.fields.acceptanceClaimed,mechanic,completed,FALSE,sda-semantic-value-graph-provider.v1,2026-10-06T04:57:22.0483820Z,2026-10-06T04:57:22.0486397Z,2026-10-06T04:57:22.872Z
1677,6894.7,6894.7,0,7720,825.2,nested edge,4 select-capability-model-port,,cell:mechanic:execute-projected-model-provider-attempt.operation.10:expression.fields.receipt:dependency:1,,admitted,,,2026-10-06T04:57:22.0487368Z,2026-10-06T04:57:22.0487546Z,2026-10-06T04:57:22.874Z
1678,6894.8,6906.5,11.7,7722,815.5,expression,4 select-capability-model-port,,cell:mechanic:execute-projected-model-provider-attempt.operation.10:expression.fields.receipt.fields.adapterIdentity,mechanic,completed,VALUE,sda-semantic-value-graph-provider.v1,2026-10-06T04:57:22.0487991Z,2026-10-06T04:57:22.0605061Z,2026-10-06T04:57:22.876Z
1679,6906.6,6906.6,0,7723,816.4,nested edge,4 select-capability-model-port,,cell:mechanic:execute-projected-model-provider-attempt.operation.10:expression.fields.receipt:dependency:2,,admitted,,,2026-10-06T04:57:22.0605813Z,2026-10-06T04:57:22.0606004Z,2026-10-06T04:57:22.877Z
1680,6906.6,6906.9,0.3,7725,818.1,expression,4 select-capability-model-port,,cell:mechanic:execute-projected-model-provider-attempt.operation.10:expression.fields.receipt.fields.credentialNonDisclosureVerified,mechanic,completed,TRUE,sda-semantic-value-graph-provider.v1,2026-10-06T04:57:22.0606542Z,2026-10-06T04:57:22.0609483Z,2026-10-06T04:57:22.879Z
1681,6907,6907,0,7728,820.9,nested edge,4 select-capability-model-port,,cell:mechanic:execute-projected-model-provider-attempt.operation.10:expression.fields.receipt:dependency:3,,admitted,,,2026-10-06T04:57:22.0610436Z,2026-10-06T04:57:22.0610690Z,2026-10-06T04:57:22.882Z
1682,6907.1,6907.4,0.3,7734,826.6,expression,4 select-capability-model-port,,cell:mechanic:execute-projected-model-provider-attempt.operation.10:expression.fields.receipt.fields.httpStatus,mechanic,completed,VALUE,sda-semantic-value-graph-provider.v1,2026-10-06T04:57:22.0611220Z,2026-10-06T04:57:22.0613934Z,2026-10-06T04:57:22.888Z
1683,6907.4,6907.5,0,7745,837.5,nested edge,4 select-capability-model-port,,cell:mechanic:execute-projected-model-provider-attempt.operation.10:expression.fields.receipt:dependency:4,,admitted,,,2026-10-06T04:57:22.0614657Z,2026-10-06T04:57:22.0614872Z,2026-10-06T04:57:22.899Z
1684,6907.5,6907.8,0.3,7747,839.2,expression,4 select-capability-model-port,,cell:mechanic:execute-projected-model-provider-attempt.operation.10:expression.fields.receipt.fields.invocationIdentity,mechanic,completed,VALUE,sda-semantic-value-graph-provider.v1,2026-10-06T04:57:22.0615514Z,2026-10-06T04:57:22.0618265Z,2026-10-06T04:57:22.901Z
1685,6907.9,6907.9,0,7749,841,nested edge,4 select-capability-model-port,,cell:mechanic:execute-projected-model-provider-attempt.operation.10:expression.fields.receipt:dependency:5,,admitted,,,2026-10-06T04:57:22.0619502Z,2026-10-06T04:57:22.0619736Z,2026-10-06T04:57:22.903Z
1686,6908,6908.3,0.3,7750,841.7,expression,4 select-capability-model-port,,cell:mechanic:execute-projected-model-provider-attempt.operation.10:expression.fields.receipt.fields.providerKind,mechanic,completed,VALUE,sda-semantic-value-graph-provider.v1,2026-10-06T04:57:22.0620277Z,2026-10-06T04:57:22.0622778Z,2026-10-06T04:57:22.904Z
1687,6908.3,6908.3,0,7751,842.6,nested edge,4 select-capability-model-port,,cell:mechanic:execute-projected-model-provider-attempt.operation.10:expression.fields.receipt:dependency:6,,admitted,,,2026-10-06T04:57:22.0623434Z,2026-10-06T04:57:22.0623604Z,2026-10-06T04:57:22.905Z
1688,6908.4,6908.6,0.3,7754,845.3,expression,4 select-capability-model-port,,cell:mechanic:execute-projected-model-provider-attempt.operation.10:expression.fields.receipt.fields.providerSwitchCount,mechanic,completed,VALUE,sda-semantic-value-graph-provider.v1,2026-10-06T04:57:22.0624095Z,2026-10-06T04:57:22.0626675Z,2026-10-06T04:57:22.908Z
1689,6908.7,6908.7,0,7758,849.2,nested edge,4 select-capability-model-port,,cell:mechanic:execute-projected-model-provider-attempt.operation.10:expression.fields.receipt:dependency:7,,admitted,,,2026-10-06T04:57:22.0627530Z,2026-10-06T04:57:22.0627726Z,2026-10-06T04:57:22.912Z
1690,6908.8,6909,0.2,7761,851.9,expression,4 select-capability-model-port,,cell:mechanic:execute-projected-model-provider-attempt.operation.10:expression.fields.receipt.fields.redactionVerified,mechanic,completed,TRUE,sda-semantic-value-graph-provider.v1,2026-10-06T04:57:22.0628231Z,2026-10-06T04:57:22.0630668Z,2026-10-06T04:57:22.915Z
1691,6909.1,6909.1,0,7764,854.8,nested edge,4 select-capability-model-port,,cell:mechanic:execute-projected-model-provider-attempt.operation.10:expression.fields.receipt:dependency:8,,admitted,,,2026-10-06T04:57:22.0631350Z,2026-10-06T04:57:22.0631568Z,2026-10-06T04:57:22.918Z
1692,6909.2,6909.4,0.2,7767,857.6,expression,4 select-capability-model-port,,cell:mechanic:execute-projected-model-provider-attempt.operation.10:expression.fields.receipt.fields.repairCount,mechanic,completed,VALUE,sda-semantic-value-graph-provider.v1,2026-10-06T04:57:22.0632003Z,2026-10-06T04:57:22.0634372Z,2026-10-06T04:57:22.921Z
1693,6909.5,6909.5,0,7776,866.5,nested edge,4 select-capability-model-port,,cell:mechanic:execute-projected-model-provider-attempt.operation.10:expression.fields.receipt:dependency:9,,admitted,,,2026-10-06T04:57:22.0635227Z,2026-10-06T04:57:22.0635334Z,2026-10-06T04:57:22.930Z
1694,6909.6,6909.8,0.2,7781,871.2,expression,4 select-capability-model-port,,cell:mechanic:execute-projected-model-provider-attempt.operation.10:expression.fields.receipt.fields.requestHash,mechanic,completed,VALUE,sda-semantic-value-graph-provider.v1,2026-10-06T04:57:22.0635873Z,2026-10-06T04:57:22.0638231Z,2026-10-06T04:57:22.935Z
1695,6909.9,6909.9,0,7787,877.1,nested edge,4 select-capability-model-port,,cell:mechanic:execute-projected-model-provider-attempt.operation.10:expression.fields.receipt:dependency:10,,admitted,,,2026-10-06T04:57:22.0639021Z,2026-10-06T04:57:22.0639130Z,2026-10-06T04:57:22.941Z
1696,6909.9,6910.2,0.2,7806,895.8,expression,4 select-capability-model-port,,cell:mechanic:execute-projected-model-provider-attempt.operation.10:expression.fields.receipt.fields.requestId,mechanic,completed,VALUE,sda-semantic-value-graph-provider.v1,2026-10-06T04:57:22.0639640Z,2026-10-06T04:57:22.0642041Z,2026-10-06T04:57:22.960Z
1697,6910.3,6910.3,0,7811,900.7,nested edge,4 select-capability-model-port,,cell:mechanic:execute-projected-model-provider-attempt.operation.10:expression.fields.receipt:dependency:11,,admitted,,,2026-10-06T04:57:22.0642999Z,2026-10-06T04:57:22.0643185Z,2026-10-06T04:57:22.965Z
1698,6910.3,6910.6,0.3,7814,903.4,expression,4 select-capability-model-port,,cell:mechanic:execute-projected-model-provider-attempt.operation.10:expression.fields.receipt.fields.requestLineage,mechanic,completed,VALUE,sda-semantic-value-graph-provider.v1,2026-10-06T04:57:22.0643692Z,2026-10-06T04:57:22.0646277Z,2026-10-06T04:57:22.968Z
1699,6910.7,6910.7,0,7825,914.3,nested edge,4 select-capability-model-port,,cell:mechanic:execute-projected-model-provider-attempt.operation.10:expression.fields.receipt:dependency:12,,admitted,,,2026-10-06T04:57:22.0646959Z,2026-10-06T04:57:22.0647170Z,2026-10-06T04:57:22.979Z
1700,6910.8,6912.8,2,7833,920.2,expression,4 select-capability-model-port,,cell:mechanic:execute-projected-model-provider-attempt.operation.10:expression.fields.receipt.fields.responseHash,mechanic,completed,VALUE,sda-semantic-value-graph-provider.v1,2026-10-06T04:57:22.0647804Z,2026-10-06T04:57:22.0668295Z,2026-10-06T04:57:22.987Z
1701,6912.9,6912.9,0,7839,926,nested edge,4 select-capability-model-port,,cell:mechanic:execute-projected-model-provider-attempt.operation.10:expression.fields.receipt:dependency:13,,admitted,,,2026-10-06T04:57:22.0669353Z,2026-10-06T04:57:22.0669560Z,2026-10-06T04:57:22.993Z
1702,6913,6913.3,0.3,7841,927.7,expression,4 select-capability-model-port,,cell:mechanic:execute-projected-model-provider-attempt.operation.10:expression.fields.receipt.fields.retryCount,mechanic,completed,VALUE,sda-semantic-value-graph-provider.v1,2026-10-06T04:57:22.0670051Z,2026-10-06T04:57:22.0673302Z,2026-10-06T04:57:22.995Z
1703,6913.4,6913.4,0,7851,937.6,nested edge,4 select-capability-model-port,,cell:mechanic:execute-projected-model-provider-attempt.operation.10:expression.fields.receipt:dependency:14,,admitted,,,2026-10-06T04:57:22.0674023Z,2026-10-06T04:57:22.0674176Z,2026-10-06T04:57:23.005Z
1704,6913.5,6913.8,0.3,7871,957.2,expression,4 select-capability-model-port,,cell:mechanic:execute-projected-model-provider-attempt.operation.10:expression.fields.receipt.fields.timing,mechanic,completed,VALUE,sda-semantic-value-graph-provider.v1,2026-10-06T04:57:22.0674787Z,2026-10-06T04:57:22.0678006Z,2026-10-06T04:57:23.025Z
1705,6913.9,6913.9,0,7875,961.1,nested edge,4 select-capability-model-port,,cell:mechanic:execute-projected-model-provider-attempt.operation.10:expression.fields.receipt:dependency:15,,admitted,,,2026-10-06T04:57:22.0678756Z,2026-10-06T04:57:22.0679011Z,2026-10-06T04:57:23.029Z
1706,6913.9,6914.2,0.2,7879,964.8,expression,4 select-capability-model-port,,cell:mechanic:execute-projected-model-provider-attempt.operation.10:expression.fields.receipt.fields.transportDisposition,mechanic,completed,VALUE,sda-semantic-value-graph-provider.v1,2026-10-06T04:57:22.0679584Z,2026-10-06T04:57:22.0682047Z,2026-10-06T04:57:23.033Z
1707,6914.3,6914.3,0,7905,990.7,nested edge,4 select-capability-model-port,,cell:mechanic:execute-projected-model-provider-attempt.operation.10:expression.fields.receipt:dependency:result,,admitted,,,2026-10-06T04:57:22.0682783Z,2026-10-06T04:57:22.0682889Z,2026-10-06T04:57:23.059Z
1708,6914.3,6914.6,0.3,7909,994.3,expression,4 select-capability-model-port,,cell:mechanic:execute-projected-model-provider-attempt.operation.10:expression.fields.receipt,mechanic,completed,VALUE,sda-semantic-value-graph-provider.v1,2026-10-06T04:57:22.0683585Z,2026-10-06T04:57:22.0686549Z,2026-10-06T04:57:23.063Z
1709,6914.7,6914.8,0,7914,999.2,nested edge,4 select-capability-model-port,,cell:mechanic:execute-projected-model-provider-attempt.operation.10:expression:dependency:5,,admitted,,,2026-10-06T04:57:22.0687382Z,2026-10-06T04:57:22.0687758Z,2026-10-06T04:57:23.068Z
1710,6914.8,6915.1,0.3,7917,1001.9,expression,4 select-capability-model-port,,cell:mechanic:execute-projected-model-provider-attempt.operation.10:expression.fields.response.fields.finishReason,mechanic,completed,VALUE,sda-semantic-value-graph-provider.v1,2026-10-06T04:57:22.0688576Z,2026-10-06T04:57:22.0691284Z,2026-10-06T04:57:23.071Z
1711,6915.2,6915.2,0,7921,1005.8,nested edge,4 select-capability-model-port,,cell:mechanic:execute-projected-model-provider-attempt.operation.10:expression.fields.response:dependency:1,,admitted,,,2026-10-06T04:57:22.0692149Z,2026-10-06T04:57:22.0692259Z,2026-10-06T04:57:23.075Z
1712,6915.3,6915.5,0.3,7927,1011.5,expression,4 select-capability-model-port,,cell:mechanic:execute-projected-model-provider-attempt.operation.10:expression.fields.response.fields.format,mechanic,completed,VALUE,sda-semantic-value-graph-provider.v1,2026-10-06T04:57:22.0692806Z,2026-10-06T04:57:22.0695450Z,2026-10-06T04:57:23.081Z
1713,6915.6,6915.6,0,7934,1018.3,nested edge,4 select-capability-model-port,,cell:mechanic:execute-projected-model-provider-attempt.operation.10:expression.fields.response:dependency:2,,admitted,,,2026-10-06T04:57:22.0696486Z,2026-10-06T04:57:22.0696627Z,2026-10-06T04:57:23.088Z
1714,6915.7,6916,0.3,7943,1027,expression,4 select-capability-model-port,,cell:mechanic:execute-projected-model-provider-attempt.operation.10:expression.fields.response.fields.structuredValue.when.left,mechanic,completed,VALUE,sda-semantic-value-graph-provider.v1,2026-10-06T04:57:22.0697332Z,2026-10-06T04:57:22.0700237Z,2026-10-06T04:57:23.097Z
1715,6916.1,6916.1,0.1,7950,1033.8,nested edge,4 select-capability-model-port,,cell:mechanic:execute-projected-model-provider-attempt.operation.10:expression.fields.response.fields.structuredValue.when:dependency:1,,admitted,,,2026-10-06T04:57:22.0701041Z,2026-10-06T04:57:22.0701553Z,2026-10-06T04:57:23.104Z
1716,6916.2,6916.5,0.3,7956,1039.5,expression,4 select-capability-model-port,,cell:mechanic:execute-projected-model-provider-attempt.operation.10:expression.fields.response.fields.structuredValue.when.right,mechanic,completed,VALUE,sda-semantic-value-graph-provider.v1,2026-10-06T04:57:22.0702168Z,2026-10-06T04:57:22.0704977Z,2026-10-06T04:57:23.110Z
1717,6916.6,6916.6,0,7961,1044.4,nested edge,4 select-capability-model-port,,cell:mechanic:execute-projected-model-provider-attempt.operation.10:expression.fields.response.fields.structuredValue.when:dependency:result,,admitted,,,2026-10-06T04:57:22.0705872Z,2026-10-06T04:57:22.0706135Z,2026-10-06T04:57:23.115Z
1718,6916.7,6916.9,0.3,7965,1048,expression,4 select-capability-model-port,,cell:mechanic:execute-projected-model-provider-attempt.operation.10:expression.fields.response.fields.structuredValue.when,mechanic,completed,TRUE,sda-semantic-value-graph-provider.v1,2026-10-06T04:57:22.0706762Z,2026-10-06T04:57:22.0709581Z,2026-10-06T04:57:23.119Z
1719,6917,6917,0,7968,1050.9,nested edge,4 select-capability-model-port,,cell:mechanic:execute-projected-model-provider-attempt.operation.10:expression.fields.response.fields.structuredValue:selection:predicate,,admitted,,,2026-10-06T04:57:22.0710417Z,2026-10-06T04:57:22.0710650Z,2026-10-06T04:57:23.122Z
1720,6917.1,6917.3,0.2,7974,1056.7,expression,4 select-capability-model-port,,cell:mechanic:execute-projected-model-provider-attempt.operation.10:expression.fields.response.fields.structuredValue:selection,mechanic,completed,TRUE,,2026-10-06T04:57:22.0711220Z,2026-10-06T04:57:22.0713234Z,2026-10-06T04:57:23.128Z
1721,6917.4,6917.4,0,7979,1061.6,nested edge,4 select-capability-model-port,,cell:mechanic:execute-projected-model-provider-attempt.operation.10:expression.fields.response.fields.structuredValue:selection:true,,admitted,,,2026-10-06T04:57:22.0713970Z,2026-10-06T04:57:22.0714136Z,2026-10-06T04:57:23.133Z
1722,6917.5,6917.7,0.2,7981,1063.3,expression,4 select-capability-model-port,,cell:mechanic:execute-projected-model-provider-attempt.operation.10:expression.fields.response.fields.structuredValue.then.when.left,mechanic,completed,VALUE,sda-semantic-value-graph-provider.v1,2026-10-06T04:57:22.0714812Z,2026-10-06T04:57:22.0717089Z,2026-10-06T04:57:23.135Z
1723,6917.8,6917.8,0,7986,1068.2,nested edge,4 select-capability-model-port,,cell:mechanic:execute-projected-model-provider-attempt.operation.10:expression.fields.response.fields.structuredValue.then.when:dependency:1,,admitted,,,2026-10-06T04:57:22.0717983Z,2026-10-06T04:57:22.0718101Z,2026-10-06T04:57:23.140Z
1724,6917.9,6918.1,0.3,8006,1087.9,expression,4 select-capability-model-port,,cell:mechanic:execute-projected-model-provider-attempt.operation.10:expression.fields.response.fields.structuredValue.then.when.right,mechanic,completed,VALUE,sda-semantic-value-graph-provider.v1,2026-10-06T04:57:22.0718743Z,2026-10-06T04:57:22.0721393Z,2026-10-06T04:57:23.160Z
1725,6918.2,6918.2,0,8015,1096.8,nested edge,4 select-capability-model-port,,cell:mechanic:execute-projected-model-provider-attempt.operation.10:expression.fields.response.fields.structuredValue.then.when:dependency:result,,admitted,,,2026-10-06T04:57:22.0722337Z,2026-10-06T04:57:22.0722475Z,2026-10-06T04:57:23.169Z
1726,6918.3,6918.6,0.3,8017,1098.4,expression,4 select-capability-model-port,,cell:mechanic:execute-projected-model-provider-attempt.operation.10:expression.fields.response.fields.structuredValue.then.when,mechanic,completed,TRUE,sda-semantic-value-graph-provider.v1,2026-10-06T04:57:22.0723199Z,2026-10-06T04:57:22.0726057Z,2026-10-06T04:57:23.171Z
1727,6918.7,6918.7,0,8023,1104.3,nested edge,4 select-capability-model-port,,cell:mechanic:execute-projected-model-provider-attempt.operation.10:expression.fields.response.fields.structuredValue.then:selection:predicate,,admitted,,,2026-10-06T04:57:22.0727040Z,2026-10-06T04:57:22.0727184Z,2026-10-06T04:57:23.177Z
1728,6918.8,6919,0.2,8025,1106,expression,4 select-capability-model-port,,cell:mechanic:execute-projected-model-provider-attempt.operation.10:expression.fields.response.fields.structuredValue.then:selection,mechanic,completed,TRUE,,2026-10-06T04:57:22.0727921Z,2026-10-06T04:57:22.0730074Z,2026-10-06T04:57:23.179Z
1729,6919.1,6919.1,0,8028,1108.9,nested edge,4 select-capability-model-port,,cell:mechanic:execute-projected-model-provider-attempt.operation.10:expression.fields.response.fields.structuredValue.then:selection:true,,admitted,,,2026-10-06T04:57:22.0731020Z,2026-10-06T04:57:22.0731357Z,2026-10-06T04:57:23.182Z
1730,6919.2,6919.5,0.3,8032,1112.5,expression,4 select-capability-model-port,,cell:mechanic:execute-projected-model-provider-attempt.operation.10:expression.fields.response.fields.structuredValue.then.then.when.in,mechanic,completed,VALUE,sda-semantic-value-graph-provider.v1,2026-10-06T04:57:22.0732049Z,2026-10-06T04:57:22.0734745Z,2026-10-06T04:57:23.186Z
1731,6919.5,6919.6,0,8036,1116.4,nested edge,4 select-capability-model-port,,cell:mechanic:execute-projected-model-provider-attempt.operation.10:expression.fields.response.fields.structuredValue.then.then.when:dependency:1,,admitted,,,2026-10-06T04:57:22.0735678Z,2026-10-06T04:57:22.0735941Z,2026-10-06T04:57:23.190Z
1732,6919.6,6919.9,0.3,8039,1119.1,expression,4 select-capability-model-port,,cell:mechanic:execute-projected-model-provider-attempt.operation.10:expression.fields.response.fields.structuredValue.then.then.when.value,mechanic,completed,VALUE,sda-semantic-value-graph-provider.v1,2026-10-06T04:57:22.0736470Z,2026-10-06T04:57:22.0739076Z,2026-10-06T04:57:23.193Z
1733,6920,6920,0,8043,1123,nested edge,4 select-capability-model-port,,cell:mechanic:execute-projected-model-provider-attempt.operation.10:expression.fields.response.fields.structuredValue.then.then.when:dependency:result,,admitted,,,2026-10-06T04:57:22.0739992Z,2026-10-06T04:57:22.0740089Z,2026-10-06T04:57:23.197Z
1734,6920,6920.3,0.2,8079,1158.7,expression,4 select-capability-model-port,,cell:mechanic:execute-projected-model-provider-attempt.operation.10:expression.fields.response.fields.structuredValue.then.then.when,mechanic,completed,FALSE,sda-semantic-value-graph-provider.v1,2026-10-06T04:57:22.0740641Z,2026-10-06T04:57:22.0743110Z,2026-10-06T04:57:23.233Z
1735,6920.4,6920.4,0,8083,1162.6,nested edge,4 select-capability-model-port,,cell:mechanic:execute-projected-model-provider-attempt.operation.10:expression.fields.response.fields.structuredValue.then.then:selection:predicate,,admitted,,,2026-10-06T04:57:22.0743924Z,2026-10-06T04:57:22.0744044Z,2026-10-06T04:57:23.237Z
1736,6920.4,6920.6,0.2,8086,1165.4,expression,4 select-capability-model-port,,cell:mechanic:execute-projected-model-provider-attempt.operation.10:expression.fields.response.fields.structuredValue.then.then:selection,mechanic,completed,FALSE,,2026-10-06T04:57:22.0744608Z,2026-10-06T04:57:22.0746448Z,2026-10-06T04:57:23.240Z
1737,6920.7,6920.7,0,8109,1188.3,nested edge,4 select-capability-model-port,,cell:mechanic:execute-projected-model-provider-attempt.operation.10:expression.fields.response.fields.structuredValue.then.then:selection:false,,admitted,,,2026-10-06T04:57:22.0747116Z,2026-10-06T04:57:22.0747300Z,2026-10-06T04:57:23.263Z
1738,6920.8,6921,0.2,8111,1190,expression,4 select-capability-model-port,,cell:mechanic:execute-projected-model-provider-attempt.operation.10:expression.fields.response.fields.structuredValue.then.then.else.value,mechanic,completed,VALUE,sda-semantic-value-graph-provider.v1,2026-10-06T04:57:22.0747858Z,2026-10-06T04:57:22.0750296Z,2026-10-06T04:57:23.265Z
1739,6921.1,6921.1,0,8113,1191.9,nested edge,4 select-capability-model-port,,cell:mechanic:execute-projected-model-provider-attempt.operation.10:expression.fields.response.fields.structuredValue.then.then.else:dependency:result,,admitted,,,2026-10-06T04:57:22.0751212Z,2026-10-06T04:57:22.0751340Z,2026-10-06T04:57:23.267Z
1740,6921.2,6921.4,0.3,8116,1194.6,expression,4 select-capability-model-port,,cell:mechanic:execute-projected-model-provider-attempt.operation.10:expression.fields.response.fields.structuredValue.then.then.else,mechanic,completed,VALUE,sda-semantic-value-graph-provider.v1,2026-10-06T04:57:22.0751914Z,2026-10-06T04:57:22.0754478Z,2026-10-06T04:57:23.270Z
1741,6921.5,6921.5,0,8118,1196.5,nested edge,4 select-capability-model-port,,cell:mechanic:execute-projected-model-provider-attempt.operation.10:expression.fields.response.fields.structuredValue.then.then:else-result,,admitted,,,2026-10-06T04:57:22.0755180Z,2026-10-06T04:57:22.0755414Z,2026-10-06T04:57:23.272Z
1742,6921.6,6921.8,0.2,8120,1198.2,expression,4 select-capability-model-port,,cell:mechanic:execute-projected-model-provider-attempt.operation.10:expression.fields.response.fields.structuredValue.then.then,mechanic,completed,VALUE,sda-semantic-value-graph-provider.v1,2026-10-06T04:57:22.0756158Z,2026-10-06T04:57:22.0758401Z,2026-10-06T04:57:23.274Z
1743,6921.9,6921.9,0,8122,1200,nested edge,4 select-capability-model-port,,cell:mechanic:execute-projected-model-provider-attempt.operation.10:expression.fields.response.fields.structuredValue.then:then-result,,admitted,,,2026-10-06T04:57:22.0759323Z,2026-10-06T04:57:22.0759528Z,2026-10-06T04:57:23.276Z
1744,6922,6922.2,0.3,8125,1202.7,expression,4 select-capability-model-port,,cell:mechanic:execute-projected-model-provider-attempt.operation.10:expression.fields.response.fields.structuredValue.then,mechanic,completed,VALUE,sda-semantic-value-graph-provider.v1,2026-10-06T04:57:22.0760018Z,2026-10-06T04:57:22.0762519Z,2026-10-06T04:57:23.279Z
1745,6922.3,6922.3,0,8128,1205.7,nested edge,4 select-capability-model-port,,cell:mechanic:execute-projected-model-provider-attempt.operation.10:expression.fields.response.fields.structuredValue:then-result,,admitted,,,2026-10-06T04:57:22.0763281Z,2026-10-06T04:57:22.0763401Z,2026-10-06T04:57:23.282Z
1746,6922.4,6922.6,0.2,8131,1208.4,expression,4 select-capability-model-port,,cell:mechanic:execute-projected-model-provider-attempt.operation.10:expression.fields.response.fields.structuredValue,mechanic,completed,VALUE,sda-semantic-value-graph-provider.v1,2026-10-06T04:57:22.0764109Z,2026-10-06T04:57:22.0766390Z,2026-10-06T04:57:23.285Z
1747,6922.7,6922.7,0,8134,1211.3,nested edge,4 select-capability-model-port,,cell:mechanic:execute-projected-model-provider-attempt.operation.10:expression.fields.response:dependency:3,,admitted,,,2026-10-06T04:57:22.0767184Z,2026-10-06T04:57:22.0767412Z,2026-10-06T04:57:23.288Z
1748,6922.8,6923.7,1,8136,1212.2,expression,4 select-capability-model-port,,cell:mechanic:execute-projected-model-provider-attempt.operation.10:expression.fields.response.fields.text.when.left,mechanic,completed,VALUE,sda-semantic-value-graph-provider.v1,2026-10-06T04:57:22.0767882Z,2026-10-06T04:57:22.0777603Z,2026-10-06T04:57:23.290Z
1749,6923.8,6923.8,0,8138,1214.1,nested edge,4 select-capability-model-port,,cell:mechanic:execute-projected-model-provider-attempt.operation.10:expression.fields.response.fields.text.when:dependency:1,,admitted,,,2026-10-06T04:57:22.0778463Z,2026-10-06T04:57:22.0778583Z,2026-10-06T04:57:23.292Z
1750,6923.9,6924.1,0.2,8140,1215.8,expression,4 select-capability-model-port,,cell:mechanic:execute-projected-model-provider-attempt.operation.10:expression.fields.response.fields.text.when.right,mechanic,completed,VALUE,sda-semantic-value-graph-provider.v1,2026-10-06T04:57:22.0779211Z,2026-10-06T04:57:22.0781689Z,2026-10-06T04:57:23.294Z
1751,6924.2,6924.2,0,8143,1218.7,nested edge,4 select-capability-model-port,,cell:mechanic:execute-projected-model-provider-attempt.operation.10:expression.fields.response.fields.text.when:dependency:result,,admitted,,,2026-10-06T04:57:22.0782398Z,2026-10-06T04:57:22.0782582Z,2026-10-06T04:57:23.297Z
1752,6924.3,6924.5,0.2,8145,1220.4,expression,4 select-capability-model-port,,cell:mechanic:execute-projected-model-provider-attempt.operation.10:expression.fields.response.fields.text.when,mechanic,completed,FALSE,sda-semantic-value-graph-provider.v1,2026-10-06T04:57:22.0783156Z,2026-10-06T04:57:22.0785534Z,2026-10-06T04:57:23.299Z
1753,6924.6,6924.6,0,8147,1222.4,nested edge,4 select-capability-model-port,,cell:mechanic:execute-projected-model-provider-attempt.operation.10:expression.fields.response.fields.text:selection:predicate,,admitted,,,2026-10-06T04:57:22.0786161Z,2026-10-06T04:57:22.0786459Z,2026-10-06T04:57:23.301Z
1754,6924.7,6924.8,0.1,8149,1224.1,expression,4 select-capability-model-port,,cell:mechanic:execute-projected-model-provider-attempt.operation.10:expression.fields.response.fields.text:selection,mechanic,completed,FALSE,,2026-10-06T04:57:22.0787107Z,2026-10-06T04:57:22.0788593Z,2026-10-06T04:57:23.303Z
1755,6924.9,6924.9,0,8151,1226.1,nested edge,4 select-capability-model-port,,cell:mechanic:execute-projected-model-provider-attempt.operation.10:expression.fields.response.fields.text:selection:false,,admitted,,,2026-10-06T04:57:22.0789277Z,2026-10-06T04:57:22.0789380Z,2026-10-06T04:57:23.305Z
1756,6925,6925.2,0.2,8153,1227.8,expression,4 select-capability-model-port,,cell:mechanic:execute-projected-model-provider-attempt.operation.10:expression.fields.response.fields.text.else,mechanic,completed,VALUE,sda-semantic-value-graph-provider.v1,2026-10-06T04:57:22.0790095Z,2026-10-06T04:57:22.0792331Z,2026-10-06T04:57:23.307Z
1757,6925.3,6925.3,0,8156,1230.7,nested edge,4 select-capability-model-port,,cell:mechanic:execute-projected-model-provider-attempt.operation.10:expression.fields.response.fields.text:else-result,,admitted,,,2026-10-06T04:57:22.0793046Z,2026-10-06T04:57:22.0793213Z,2026-10-06T04:57:23.310Z
1758,6925.4,6925.6,0.2,8158,1232.4,expression,4 select-capability-model-port,,cell:mechanic:execute-projected-model-provider-attempt.operation.10:expression.fields.response.fields.text,mechanic,completed,VALUE,sda-semantic-value-graph-provider.v1,2026-10-06T04:57:22.0793803Z,2026-10-06T04:57:22.0796234Z,2026-10-06T04:57:23.312Z
1759,6925.7,6925.7,0,8162,1236.3,nested edge,4 select-capability-model-port,,cell:mechanic:execute-projected-model-provider-attempt.operation.10:expression.fields.response:dependency:result,,admitted,,,2026-10-06T04:57:22.0796943Z,2026-10-06T04:57:22.0797084Z,2026-10-06T04:57:23.316Z
1760,6925.7,6926,0.3,8165,1238.9,expression,4 select-capability-model-port,,cell:mechanic:execute-projected-model-provider-attempt.operation.10:expression.fields.response,mechanic,completed,VALUE,sda-semantic-value-graph-provider.v1,2026-10-06T04:57:22.0797687Z,2026-10-06T04:57:22.0800548Z,2026-10-06T04:57:23.319Z
1761,6926.1,6926.1,0,8167,1240.9,nested edge,4 select-capability-model-port,,cell:mechanic:execute-projected-model-provider-attempt.operation.10:expression:dependency:result,,admitted,,,2026-10-06T04:57:22.0801236Z,2026-10-06T04:57:22.0801463Z,2026-10-06T04:57:23.321Z
1762,6926.2,6926.6,0.4,8169,1242.4,expression,4 select-capability-model-port,,cell:mechanic:execute-projected-model-provider-attempt.operation.10:expression,mechanic,completed,MODEL_RESPONSE_OBTAINED,sda-semantic-value-graph-provider.v1,2026-10-06T04:57:22.0802047Z,2026-10-06T04:57:22.0805978Z,2026-10-06T04:57:23.323Z
1763,6926.7,6926.7,0.1,8171,1244.3,nested edge,4 select-capability-model-port,,edge:return:cell:mechanic:execute-projected-model-provider-attempt.operation.10:expression:cell:mechanic:execute-projected-model-provider-attempt.operation.10:0,,admitted,,,2026-10-06T04:57:22.0806903Z,2026-10-06T04:57:22.0807489Z,2026-10-06T04:57:23.325Z
1765,6927.4,6927.4,0,8177,1249.6,nested edge,4 select-capability-model-port,,edge:return:execute-projected-model-provider-attempt,,admitted,,,2026-10-06T04:57:22.0813848Z,2026-10-06T04:57:22.0814304Z,2026-10-06T04:57:23.331Z
1766,6927.5,6927.6,0.1,8178,1250.4,nested scenario,4 select-capability-model-port,,cell:scenario:execute-projected-model-provider-attempt,scenario,completed,MODEL_RESPONSE_OBTAINED,,2026-10-06T04:57:22.0815018Z,2026-10-06T04:57:22.0815978Z,2026-10-06T04:57:23.332Z
1768,6960.4,6960.5,0.1,8183,1222.5,handoff edge,,,edge:sequence:request-capability-from-objective-v3:4,,admitted,,,2026-10-06T04:57:22.1144476Z,2026-10-06T04:57:22.1145058Z,2026-10-06T04:57:23.337Z
1769,6960.5,6972.2,11.7,8187,1214.8,operation,5 resolve-proposed-capability-port,,cell:mechanic:request-capability-from-objective-v3.operation.5,mechanic,completed,SUCCESS,sda-declared-read-graph-provider.v1,2026-10-06T04:57:22.1145732Z,2026-10-06T04:57:22.1262347Z,2026-10-06T04:57:23.341Z
1770,6972.4,6972.5,0.1,8189,1216.5,handoff edge,,,edge:sequence:request-capability-from-objective-v3:5,,admitted,,,2026-10-06T04:57:22.1264120Z,2026-10-06T04:57:22.1264901Z,2026-10-06T04:57:23.343Z
1823,6972.5,6980.7,8.2,8307,1326.3,operation,6 decide-agent-route-inner-port,,cell:mechanic:request-capability-from-objective-v3.operation.6,mechanic,completed,ADMITTED,sda-semantic-value-graph-provider.v1,2026-10-06T04:57:22.1265549Z,2026-10-06T04:57:22.1347382Z,2026-10-06T04:57:23.461Z
1771,6972.6,6972.7,0.1,8207,1234.3,expression,6 decide-agent-route-inner-port,,cell:mechanic:request-capability-from-objective-v3.operation.6:expression.fields.contractId,mechanic,completed,VALUE,sda-semantic-value-graph-provider.v1,2026-10-06T04:57:22.1266016Z,2026-10-06T04:57:22.1266992Z,2026-10-06T04:57:23.361Z
1772,6972.8,6972.8,0,8209,1236.2,nested edge,6 decide-agent-route-inner-port,,cell:mechanic:request-capability-from-objective-v3.operation.6:expression:dependency:1,,admitted,,,2026-10-06T04:57:22.1268275Z,2026-10-06T04:57:22.1268375Z,2026-10-06T04:57:23.363Z
1773,6972.9,6972.9,0,8212,1239.1,expression,6 decide-agent-route-inner-port,,cell:mechanic:request-capability-from-objective-v3.operation.6:expression.fields.route.when.left,mechanic,completed,VALUE,sda-semantic-value-graph-provider.v1,2026-10-06T04:57:22.1268830Z,2026-10-06T04:57:22.1269251Z,2026-10-06T04:57:23.366Z
1774,6973,6973,0,8214,1241,nested edge,6 decide-agent-route-inner-port,,cell:mechanic:request-capability-from-objective-v3.operation.6:expression.fields.route.when:dependency:1,,admitted,,,2026-10-06T04:57:22.1270121Z,2026-10-06T04:57:22.1270217Z,2026-10-06T04:57:23.368Z
1775,6973,6973.1,0,8216,1242.9,expression,6 decide-agent-route-inner-port,,cell:mechanic:request-capability-from-objective-v3.operation.6:expression.fields.route.when.right,mechanic,completed,VALUE,sda-semantic-value-graph-provider.v1,2026-10-06T04:57:22.1270658Z,2026-10-06T04:57:22.1271060Z,2026-10-06T04:57:23.370Z
1776,6973.2,6973.2,0,8218,1244.8,nested edge,6 decide-agent-route-inner-port,,cell:mechanic:request-capability-from-objective-v3.operation.6:expression.fields.route.when:dependency:result,,admitted,,,2026-10-06T04:57:22.1271864Z,2026-10-06T04:57:22.1271971Z,2026-10-06T04:57:23.372Z
1777,6973.2,6973.4,0.2,8220,1246.6,expression,6 decide-agent-route-inner-port,,cell:mechanic:request-capability-from-objective-v3.operation.6:expression.fields.route.when,mechanic,completed,TRUE,sda-semantic-value-graph-provider.v1,2026-10-06T04:57:22.1272476Z,2026-10-06T04:57:22.1274331Z,2026-10-06T04:57:23.374Z
1778,6973.5,6973.6,0.1,8222,1248.4,nested edge,6 decide-agent-route-inner-port,,cell:mechanic:request-capability-from-objective-v3.operation.6:expression.fields.route:selection:predicate,,admitted,,,2026-10-06T04:57:22.1275102Z,2026-10-06T04:57:22.1276275Z,2026-10-06T04:57:23.376Z
1779,6973.7,6973.7,0,8225,1251.3,expression,6 decide-agent-route-inner-port,,cell:mechanic:request-capability-from-objective-v3.operation.6:expression.fields.route:selection,mechanic,completed,TRUE,,2026-10-06T04:57:22.1276856Z,2026-10-06T04:57:22.1277353Z,2026-10-06T04:57:23.379Z
1780,6973.8,6973.8,0,8226,1252.2,nested edge,6 decide-agent-route-inner-port,,cell:mechanic:request-capability-from-objective-v3.operation.6:expression.fields.route:selection:true,,admitted,,,2026-10-06T04:57:22.1278124Z,2026-10-06T04:57:22.1278470Z,2026-10-06T04:57:23.380Z
1781,6973.9,6973.9,0.1,8228,1254,expression,6 decide-agent-route-inner-port,,cell:mechanic:request-capability-from-objective-v3.operation.6:expression.fields.route.then,mechanic,completed,VALUE,sda-semantic-value-graph-provider.v1,2026-10-06T04:57:22.1279051Z,2026-10-06T04:57:22.1279599Z,2026-10-06T04:57:23.382Z
1782,6974,6974,0,8230,1255.9,nested edge,6 decide-agent-route-inner-port,,cell:mechanic:request-capability-from-objective-v3.operation.6:expression.fields.route:then-result,,admitted,,,2026-10-06T04:57:22.1280501Z,2026-10-06T04:57:22.1280611Z,2026-10-06T04:57:23.384Z
1783,6974.1,6974.1,0,8232,1257.8,expression,6 decide-agent-route-inner-port,,cell:mechanic:request-capability-from-objective-v3.operation.6:expression.fields.route,mechanic,completed,VALUE,sda-semantic-value-graph-provider.v1,2026-10-06T04:57:22.1281131Z,2026-10-06T04:57:22.1281604Z,2026-10-06T04:57:23.386Z
1784,6974.2,6974.2,0,8234,1259.8,nested edge,6 decide-agent-route-inner-port,,cell:mechanic:request-capability-from-objective-v3.operation.6:expression:dependency:2,,admitted,,,2026-10-06T04:57:22.1282308Z,2026-10-06T04:57:22.1282448Z,2026-10-06T04:57:23.388Z
1785,6974.3,6974.4,0.1,8236,1261.6,expression,6 decide-agent-route-inner-port,,cell:mechanic:request-capability-from-objective-v3.operation.6:expression.fields.carried,mechanic,completed,MODEL_RESPONSE_OBTAINED,sda-semantic-value-graph-provider.v1,2026-10-06T04:57:22.1283446Z,2026-10-06T04:57:22.1284368Z,2026-10-06T04:57:23.390Z
1786,6974.5,6974.6,0.1,8239,1264.4,nested edge,6 decide-agent-route-inner-port,,cell:mechanic:request-capability-from-objective-v3.operation.6:expression:dependency:3,,admitted,,,2026-10-06T04:57:22.1285208Z,2026-10-06T04:57:22.1285773Z,2026-10-06T04:57:23.393Z
1787,6974.6,6974.7,0.1,8241,1266.3,expression,6 decide-agent-route-inner-port,,cell:mechanic:request-capability-from-objective-v3.operation.6:expression.fields.proposal.fields.capability,mechanic,completed,VALUE,sda-semantic-value-graph-provider.v1,2026-10-06T04:57:22.1286577Z,2026-10-06T04:57:22.1287338Z,2026-10-06T04:57:23.395Z
1788,6974.8,6974.9,0,8243,1268.1,nested edge,6 decide-agent-route-inner-port,,cell:mechanic:request-capability-from-objective-v3.operation.6:expression.fields.proposal:dependency:1,,admitted,,,2026-10-06T04:57:22.1288715Z,2026-10-06T04:57:22.1288842Z,2026-10-06T04:57:23.397Z
1789,6974.9,6975,0,8246,1271,expression,6 decide-agent-route-inner-port,,cell:mechanic:request-capability-from-objective-v3.operation.6:expression.fields.proposal.fields.input,mechanic,completed,VALUE,sda-semantic-value-graph-provider.v1,2026-10-06T04:57:22.1289477Z,2026-10-06T04:57:22.1289917Z,2026-10-06T04:57:23.400Z
1790,6975.1,6975.1,0,8248,1272.9,nested edge,6 decide-agent-route-inner-port,,cell:mechanic:request-capability-from-objective-v3.operation.6:expression.fields.proposal:dependency:result,,admitted,,,2026-10-06T04:57:22.1290948Z,2026-10-06T04:57:22.1291079Z,2026-10-06T04:57:23.402Z
1791,6975.1,6975.2,0.1,8250,1274.7,expression,6 decide-agent-route-inner-port,,cell:mechanic:request-capability-from-objective-v3.operation.6:expression.fields.proposal,mechanic,completed,VALUE,sda-semantic-value-graph-provider.v1,2026-10-06T04:57:22.1291714Z,2026-10-06T04:57:22.1292654Z,2026-10-06T04:57:23.404Z
1792,6975.3,6975.3,0,8251,1275.6,nested edge,6 decide-agent-route-inner-port,,cell:mechanic:request-capability-from-objective-v3.operation.6:expression:dependency:4,,admitted,,,2026-10-06T04:57:22.1293372Z,2026-10-06T04:57:22.1293529Z,2026-10-06T04:57:23.405Z
1793,6975.4,6975.5,0.1,8253,1277.5,expression,6 decide-agent-route-inner-port,,cell:mechanic:request-capability-from-objective-v3.operation.6:expression.fields.visibility,mechanic,completed,VALUE,sda-semantic-value-graph-provider.v1,2026-10-06T04:57:22.1294125Z,2026-10-06T04:57:22.1294760Z,2026-10-06T04:57:23.407Z
1794,6975.5,6975.5,0,8255,1279.4,nested edge,6 decide-agent-route-inner-port,,cell:mechanic:request-capability-from-objective-v3.operation.6:expression:dependency:5,,admitted,,,2026-10-06T04:57:22.1295452Z,2026-10-06T04:57:22.1295671Z,2026-10-06T04:57:23.409Z
1795,6975.6,6975.7,0.1,8257,1281.3,expression,6 decide-agent-route-inner-port,,cell:mechanic:request-capability-from-objective-v3.operation.6:expression.fields.executionTarget.when.left,mechanic,completed,VALUE,sda-semantic-value-graph-provider.v1,2026-10-06T04:57:22.1296230Z,2026-10-06T04:57:22.1297080Z,2026-10-06T04:57:23.411Z
1796,6975.8,6975.8,0,8258,1282.2,nested edge,6 decide-agent-route-inner-port,,cell:mechanic:request-capability-from-objective-v3.operation.6:expression.fields.executionTarget.when:dependency:1,,admitted,,,2026-10-06T04:57:22.1297903Z,2026-10-06T04:57:22.1298001Z,2026-10-06T04:57:23.412Z
1797,6975.8,6975.9,0,8260,1284.1,expression,6 decide-agent-route-inner-port,,cell:mechanic:request-capability-from-objective-v3.operation.6:expression.fields.executionTarget.when.right,mechanic,completed,VALUE,sda-semantic-value-graph-provider.v1,2026-10-06T04:57:22.1298585Z,2026-10-06T04:57:22.1299007Z,2026-10-06T04:57:23.414Z
1798,6976.1,6976.1,0,8262,1285.8,nested edge,6 decide-agent-route-inner-port,,cell:mechanic:request-capability-from-objective-v3.operation.6:expression.fields.executionTarget.when:dependency:result,,admitted,,,2026-10-06T04:57:22.1301372Z,2026-10-06T04:57:22.1301733Z,2026-10-06T04:57:23.416Z
1799,6976.2,6976.2,0,8263,1286.7,expression,6 decide-agent-route-inner-port,,cell:mechanic:request-capability-from-objective-v3.operation.6:expression.fields.executionTarget.when,mechanic,completed,TRUE,sda-semantic-value-graph-provider.v1,2026-10-06T04:57:22.1302320Z,2026-10-06T04:57:22.1302709Z,2026-10-06T04:57:23.417Z
1800,6976.3,6976.3,0,8265,1288.6,nested edge,6 decide-agent-route-inner-port,,cell:mechanic:request-capability-from-objective-v3.operation.6:expression.fields.executionTarget:selection:predicate,,admitted,,,2026-10-06T04:57:22.1303569Z,2026-10-06T04:57:22.1303669Z,2026-10-06T04:57:23.419Z
1801,6976.4,6976.5,0,8266,1289.5,expression,6 decide-agent-route-inner-port,,cell:mechanic:request-capability-from-objective-v3.operation.6:expression.fields.executionTarget:selection,mechanic,completed,TRUE,,2026-10-06T04:57:22.1304666Z,2026-10-06T04:57:22.1304949Z,2026-10-06T04:57:23.420Z
1802,6976.5,6976.6,0,8268,1291.4,nested edge,6 decide-agent-route-inner-port,,cell:mechanic:request-capability-from-objective-v3.operation.6:expression.fields.executionTarget:selection:true,,admitted,,,2026-10-06T04:57:22.1305651Z,2026-10-06T04:57:22.1305742Z,2026-10-06T04:57:23.422Z
1803,6976.6,6976.7,0,8269,1292.3,expression,6 decide-agent-route-inner-port,,cell:mechanic:request-capability-from-objective-v3.operation.6:expression.fields.executionTarget.then,mechanic,completed,VALUE,sda-semantic-value-graph-provider.v1,2026-10-06T04:57:22.1306475Z,2026-10-06T04:57:22.1306943Z,2026-10-06T04:57:23.423Z
1804,6976.8,6976.8,0,8271,1294.2,nested edge,6 decide-agent-route-inner-port,,cell:mechanic:request-capability-from-objective-v3.operation.6:expression.fields.executionTarget:then-result,,admitted,,,2026-10-06T04:57:22.1307845Z,2026-10-06T04:57:22.1307971Z,2026-10-06T04:57:23.425Z
1805,6976.8,6976.9,0.1,8273,1296.1,expression,6 decide-agent-route-inner-port,,cell:mechanic:request-capability-from-objective-v3.operation.6:expression.fields.executionTarget,mechanic,completed,VALUE,sda-semantic-value-graph-provider.v1,2026-10-06T04:57:22.1308560Z,2026-10-06T04:57:22.1309259Z,2026-10-06T04:57:23.427Z
1806,6977,6977,0,8275,1298,nested edge,6 decide-agent-route-inner-port,,cell:mechanic:request-capability-from-objective-v3.operation.6:expression:dependency:6,,admitted,,,2026-10-06T04:57:22.1309974Z,2026-10-06T04:57:22.1310095Z,2026-10-06T04:57:23.429Z
1807,6977,6977.1,0,8277,1299.9,expression,6 decide-agent-route-inner-port,,cell:mechanic:request-capability-from-objective-v3.operation.6:expression.fields.executionScenario,mechanic,completed,VALUE,sda-semantic-value-graph-provider.v1,2026-10-06T04:57:22.1310689Z,2026-10-06T04:57:22.1311170Z,2026-10-06T04:57:23.431Z
1808,6977.2,6977.2,0,8279,1301.8,nested edge,6 decide-agent-route-inner-port,,cell:mechanic:request-capability-from-objective-v3.operation.6:expression:dependency:7,,admitted,,,2026-10-06T04:57:22.1311997Z,2026-10-06T04:57:22.1312101Z,2026-10-06T04:57:23.433Z
1809,6977.2,6977.3,0,8281,1303.7,expression,6 decide-agent-route-inner-port,,cell:mechanic:request-capability-from-objective-v3.operation.6:expression.fields.dispatchRequest.when.left,mechanic,completed,VALUE,sda-semantic-value-graph-provider.v1,2026-10-06T04:57:22.1312627Z,2026-10-06T04:57:22.1313087Z,2026-10-06T04:57:23.435Z
1810,6977.3,6977.4,0,8282,1304.6,nested edge,6 decide-agent-route-inner-port,,cell:mechanic:request-capability-from-objective-v3.operation.6:expression.fields.dispatchRequest.when:dependency:1,,admitted,,,2026-10-06T04:57:22.1313721Z,2026-10-06T04:57:22.1313805Z,2026-10-06T04:57:23.436Z
1811,6977.4,6977.5,0,8284,1306.5,expression,6 decide-agent-route-inner-port,,cell:mechanic:request-capability-from-objective-v3.operation.6:expression.fields.dispatchRequest.when.right,mechanic,completed,VALUE,sda-semantic-value-graph-provider.v1,2026-10-06T04:57:22.1314529Z,2026-10-06T04:57:22.1314992Z,2026-10-06T04:57:23.438Z
1812,6977.5,6977.6,0,8286,1308.4,nested edge,6 decide-agent-route-inner-port,,cell:mechanic:request-capability-from-objective-v3.operation.6:expression.fields.dispatchRequest.when:dependency:result,,admitted,,,2026-10-06T04:57:22.1315654Z,2026-10-06T04:57:22.1315759Z,2026-10-06T04:57:23.440Z
1813,6977.6,6977.7,0.1,8288,1310.3,expression,6 decide-agent-route-inner-port,,cell:mechanic:request-capability-from-objective-v3.operation.6:expression.fields.dispatchRequest.when,mechanic,completed,TRUE,sda-semantic-value-graph-provider.v1,2026-10-06T04:57:22.1316330Z,2026-10-06T04:57:22.1317043Z,2026-10-06T04:57:23.442Z
1814,6977.8,6977.8,0,8290,1312.2,nested edge,6 decide-agent-route-inner-port,,cell:mechanic:request-capability-from-objective-v3.operation.6:expression.fields.dispatchRequest:selection:predicate,,admitted,,,2026-10-06T04:57:22.1317756Z,2026-10-06T04:57:22.1317852Z,2026-10-06T04:57:23.444Z
1815,6977.8,6977.9,0,8292,1314.1,expression,6 decide-agent-route-inner-port,,cell:mechanic:request-capability-from-objective-v3.operation.6:expression.fields.dispatchRequest:selection,mechanic,completed,TRUE,,2026-10-06T04:57:22.1318420Z,2026-10-06T04:57:22.1318815Z,2026-10-06T04:57:23.446Z
1816,6977.9,6978,0,8294,1316,nested edge,6 decide-agent-route-inner-port,,cell:mechanic:request-capability-from-objective-v3.operation.6:expression.fields.dispatchRequest:selection:true,,admitted,,,2026-10-06T04:57:22.1319583Z,2026-10-06T04:57:22.1319803Z,2026-10-06T04:57:23.448Z
1817,6978,6978.1,0.1,8296,1317.9,expression,6 decide-agent-route-inner-port,,cell:mechanic:request-capability-from-objective-v3.operation.6:expression.fields.dispatchRequest.then,mechanic,completed,VALUE,sda-semantic-value-graph-provider.v1,2026-10-06T04:57:22.1320292Z,2026-10-06T04:57:22.1320896Z,2026-10-06T04:57:23.450Z
1818,6978.1,6978.1,0,8298,1319.8,nested edge,6 decide-agent-route-inner-port,,cell:mechanic:request-capability-from-objective-v3.operation.6:expression.fields.dispatchRequest:then-result,,admitted,,,2026-10-06T04:57:22.1321587Z,2026-10-06T04:57:22.1321734Z,2026-10-06T04:57:23.452Z
1819,6978.2,6978.3,0,8299,1320.7,expression,6 decide-agent-route-inner-port,,cell:mechanic:request-capability-from-objective-v3.operation.6:expression.fields.dispatchRequest,mechanic,completed,VALUE,sda-semantic-value-graph-provider.v1,2026-10-06T04:57:22.1322590Z,2026-10-06T04:57:22.1323081Z,2026-10-06T04:57:23.453Z
1820,6978.3,6978.4,0,8301,1322.6,nested edge,6 decide-agent-route-inner-port,,cell:mechanic:request-capability-from-objective-v3.operation.6:expression:dependency:result,,admitted,,,2026-10-06T04:57:22.1323718Z,2026-10-06T04:57:22.1323946Z,2026-10-06T04:57:23.455Z
1821,6978.4,6978.6,0.1,8303,1324.4,expression,6 decide-agent-route-inner-port,,cell:mechanic:request-capability-from-objective-v3.operation.6:expression,mechanic,completed,ADMITTED,sda-semantic-value-graph-provider.v1,2026-10-06T04:57:22.1324432Z,2026-10-06T04:57:22.1325894Z,2026-10-06T04:57:23.457Z
1822,6978.8,6978.9,0.2,8306,1327.1,nested edge,6 decide-agent-route-inner-port,,edge:return:cell:mechanic:request-capability-from-objective-v3.operation.6:expression:cell:mechanic:request-capability-from-objective-v3.operation.6:0,,admitted,,,2026-10-06T04:57:22.1327812Z,2026-10-06T04:57:22.1329428Z,2026-10-06T04:57:23.460Z
1824,6981.5,6981.6,0.1,8309,1327.4,handoff edge,,,edge:sequence:request-capability-from-objective-v3:6,,admitted,,,2026-10-06T04:57:22.1355684Z,2026-10-06T04:57:22.1356491Z,2026-10-06T04:57:23.463Z
1825,6981.7,9302.2,2320.5,9304,1.8,operation,7 invoke-database-capability-port,,cell:mechanic:request-capability-from-objective-v3.operation.7,mechanic,completed,terminated,node:provider:sda-node-consumer-runtime.v1,2026-10-06T04:57:22.1357033Z,2026-10-06T04:57:24.4562061Z,2026-10-06T04:57:24.458Z
1826,9302.4,9302.5,0,9307,4.5,handoff edge,,,edge:sequence:request-capability-from-objective-v3:7,,admitted,,,2026-10-06T04:57:24.4564538Z,2026-10-06T04:57:24.4564778Z,2026-10-06T04:57:24.461Z
1917,9302.5,9311.5,9,9574,262.4,operation,8 build-agent-summary-request-port,,cell:mechanic:request-capability-from-objective-v3.operation.8,mechanic,completed,SUCCESS,sda-semantic-value-graph-provider.v1,2026-10-06T04:57:24.4565204Z,2026-10-06T04:57:24.4655561Z,2026-10-06T04:57:24.728Z
1827,9302.5,9302.6,0,9311,8.4,expression,8 build-agent-summary-request-port,,cell:mechanic:request-capability-from-objective-v3.operation.8:expression.fields.carrierType,mechanic,completed,VALUE,sda-semantic-value-graph-provider.v1,2026-10-06T04:57:24.4565400Z,2026-10-06T04:57:24.4565845Z,2026-10-06T04:57:24.465Z
1828,9302.6,9302.6,0,9314,11.3,nested edge,8 build-agent-summary-request-port,,cell:mechanic:request-capability-from-objective-v3.operation.8:expression:dependency:1,,admitted,,,2026-10-06T04:57:24.4566461Z,2026-10-06T04:57:24.4566549Z,2026-10-06T04:57:24.468Z
1829,9302.7,9302.7,0,9317,14.3,expression,8 build-agent-summary-request-port,,cell:mechanic:request-capability-from-objective-v3.operation.8:expression.fields.requestId,mechanic,completed,VALUE,sda-semantic-value-graph-provider.v1,2026-10-06T04:57:24.4566919Z,2026-10-06T04:57:24.4567178Z,2026-10-06T04:57:24.471Z
1830,9302.7,9302.7,0,9320,17.2,nested edge,8 build-agent-summary-request-port,,cell:mechanic:request-capability-from-objective-v3.operation.8:expression:dependency:2,,admitted,,,2026-10-06T04:57:24.4567639Z,2026-10-06T04:57:24.4567724Z,2026-10-06T04:57:24.474Z
1831,9302.9,9302.9,0,9324,21.1,expression,8 build-agent-summary-request-port,,cell:mechanic:request-capability-from-objective-v3.operation.8:expression.fields.requestHash,mechanic,completed,VALUE,sda-semantic-value-graph-provider.v1,2026-10-06T04:57:24.4568787Z,2026-10-06T04:57:24.4569133Z,2026-10-06T04:57:24.478Z
1832,9302.9,9303,0,9328,25,nested edge,8 build-agent-summary-request-port,,cell:mechanic:request-capability-from-objective-v3.operation.8:expression:dependency:3,,admitted,,,2026-10-06T04:57:24.4569691Z,2026-10-06T04:57:24.4569786Z,2026-10-06T04:57:24.482Z
1833,9303,9303,0,9331,28,expression,8 build-agent-summary-request-port,,cell:mechanic:request-capability-from-objective-v3.operation.8:expression.fields.modelRequest.fields.schema,mechanic,completed,VALUE,sda-semantic-value-graph-provider.v1,2026-10-06T04:57:24.4570167Z,2026-10-06T04:57:24.4570432Z,2026-10-06T04:57:24.485Z
1834,9303.1,9303.1,0,9333,29.9,nested edge,8 build-agent-summary-request-port,,cell:mechanic:request-capability-from-objective-v3.operation.8:expression.fields.modelRequest:dependency:1,,admitted,,,2026-10-06T04:57:24.4570927Z,2026-10-06T04:57:24.4571021Z,2026-10-06T04:57:24.487Z
1835,9303.1,9303.1,0,9335,31.8,expression,8 build-agent-summary-request-port,,cell:mechanic:request-capability-from-objective-v3.operation.8:expression.fields.modelRequest.fields.requestId,mechanic,completed,VALUE,sda-semantic-value-graph-provider.v1,2026-10-06T04:57:24.4571414Z,2026-10-06T04:57:24.4571678Z,2026-10-06T04:57:24.489Z
1836,9303.2,9303.2,0,9338,34.8,nested edge,8 build-agent-summary-request-port,,cell:mechanic:request-capability-from-objective-v3.operation.8:expression.fields.modelRequest:dependency:2,,admitted,,,2026-10-06T04:57:24.4572182Z,2026-10-06T04:57:24.4572291Z,2026-10-06T04:57:24.492Z
1837,9303.2,9303.3,0,9340,36.7,expression,8 build-agent-summary-request-port,,cell:mechanic:request-capability-from-objective-v3.operation.8:expression.fields.modelRequest.fields.providerAuthorityId,mechanic,completed,VALUE,sda-semantic-value-graph-provider.v1,2026-10-06T04:57:24.4572680Z,2026-10-06T04:57:24.4572973Z,2026-10-06T04:57:24.494Z
1838,9303.3,9303.3,0,9342,38.6,nested edge,8 build-agent-summary-request-port,,cell:mechanic:request-capability-from-objective-v3.operation.8:expression.fields.modelRequest:dependency:3,,admitted,,,2026-10-06T04:57:24.4573491Z,2026-10-06T04:57:24.4573598Z,2026-10-06T04:57:24.496Z
1839,9303.4,9303.4,0,9343,39.6,expression,8 build-agent-summary-request-port,,cell:mechanic:request-capability-from-objective-v3.operation.8:expression.fields.modelRequest.fields.modelAlias,mechanic,completed,VALUE,sda-semantic-value-graph-provider.v1,2026-10-06T04:57:24.4574007Z,2026-10-06T04:57:24.4574305Z,2026-10-06T04:57:24.497Z
1840,9303.5,9303.5,0,9345,41.5,nested edge,8 build-agent-summary-request-port,,cell:mechanic:request-capability-from-objective-v3.operation.8:expression.fields.modelRequest:dependency:4,,admitted,,,2026-10-06T04:57:24.4574837Z,2026-10-06T04:57:24.4574944Z,2026-10-06T04:57:24.499Z
1841,9303.5,9303.5,0,9347,43.4,expression,8 build-agent-summary-request-port,,cell:mechanic:request-capability-from-objective-v3.operation.8:expression.fields.modelRequest.fields.interaction.fields.mode,mechanic,completed,VALUE,sda-semantic-value-graph-provider.v1,2026-10-06T04:57:24.4575396Z,2026-10-06T04:57:24.4575694Z,2026-10-06T04:57:24.501Z
1842,9303.6,9303.6,0,9349,45.4,nested edge,8 build-agent-summary-request-port,,cell:mechanic:request-capability-from-objective-v3.operation.8:expression.fields.modelRequest.fields.interaction:dependency:1,,admitted,,,2026-10-06T04:57:24.4576308Z,2026-10-06T04:57:24.4576434Z,2026-10-06T04:57:24.503Z
1843,9303.7,9303.7,0,9351,47.3,expression,8 build-agent-summary-request-port,,cell:mechanic:request-capability-from-objective-v3.operation.8:expression.fields.modelRequest.fields.interaction.fields.messages.items.0.fields.role,mechanic,completed,VALUE,sda-semantic-value-graph-provider.v1,2026-10-06T04:57:24.4576889Z,2026-10-06T04:57:24.4577207Z,2026-10-06T04:57:24.505Z
1844,9303.8,9303.8,0,9352,48.2,nested edge,8 build-agent-summary-request-port,,cell:mechanic:request-capability-from-objective-v3.operation.8:expression.fields.modelRequest.fields.interaction.fields.messages.items.0:dependency:1,,admitted,,,2026-10-06T04:57:24.4577834Z,2026-10-06T04:57:24.4577955Z,2026-10-06T04:57:24.506Z
1845,9303.8,9303.9,0,9354,50.1,expression,8 build-agent-summary-request-port,,cell:mechanic:request-capability-from-objective-v3.operation.8:expression.fields.modelRequest.fields.interaction.fields.messages.items.0.fields.content.values.objective,mechanic,completed,VALUE,sda-semantic-value-graph-provider.v1,2026-10-06T04:57:24.4578411Z,2026-10-06T04:57:24.4578755Z,2026-10-06T04:57:24.508Z
1846,9303.9,9303.9,0,9356,52.1,nested edge,8 build-agent-summary-request-port,,cell:mechanic:request-capability-from-objective-v3.operation.8:expression.fields.modelRequest.fields.interaction.fields.messages.items.0.fields.content:dependency:1,,admitted,,,2026-10-06T04:57:24.4579321Z,2026-10-06T04:57:24.4579438Z,2026-10-06T04:57:24.510Z
1847,9304,9304,0,9357,53,expression,8 build-agent-summary-request-port,,cell:mechanic:request-capability-from-objective-v3.operation.8:expression.fields.modelRequest.fields.interaction.fields.messages.items.0.fields.content.values.result.value,mechanic,completed,EQUITY_MARKET_PRICE_EVIDENCE_RESOLVED,sda-semantic-value-graph-provider.v1,2026-10-06T04:57:24.4579939Z,2026-10-06T04:57:24.4580333Z,2026-10-06T04:57:24.511Z
1848,9304.1,9304.1,0,9359,54.9,nested edge,8 build-agent-summary-request-port,,cell:mechanic:request-capability-from-objective-v3.operation.8:expression.fields.modelRequest.fields.interaction.fields.messages.items.0.fields.content.values.result:dependency:result,,admitted,,,2026-10-06T04:57:24.4580975Z,2026-10-06T04:57:24.4581159Z,2026-10-06T04:57:24.513Z
1849,9304.1,9304.2,0,9362,57.8,expression,8 build-agent-summary-request-port,,cell:mechanic:request-capability-from-objective-v3.operation.8:expression.fields.modelRequest.fields.interaction.fields.messages.items.0.fields.content.values.result,mechanic,completed,VALUE,sda-semantic-value-graph-provider.v1,2026-10-06T04:57:24.4581682Z,2026-10-06T04:57:24.4582164Z,2026-10-06T04:57:24.516Z
1850,9304.3,9304.3,0,9363,58.7,nested edge,8 build-agent-summary-request-port,,cell:mechanic:request-capability-from-objective-v3.operation.8:expression.fields.modelRequest.fields.interaction.fields.messages.items.0.fields.content:dependency:result,,admitted,,,2026-10-06T04:57:24.4582852Z,2026-10-06T04:57:24.4582974Z,2026-10-06T04:57:24.517Z
1851,9304.3,9304.4,0,9365,60.6,expression,8 build-agent-summary-request-port,,cell:mechanic:request-capability-from-objective-v3.operation.8:expression.fields.modelRequest.fields.interaction.fields.messages.items.0.fields.content,mechanic,completed,VALUE,sda-semantic-value-graph-provider.v1,2026-10-06T04:57:24.4583361Z,2026-10-06T04:57:24.4583851Z,2026-10-06T04:57:24.519Z
1852,9304.4,9304.4,0,9367,62.5,nested edge,8 build-agent-summary-request-port,,cell:mechanic:request-capability-from-objective-v3.operation.8:expression.fields.modelRequest.fields.interaction.fields.messages.items.0:dependency:result,,admitted,,,2026-10-06T04:57:24.4584423Z,2026-10-06T04:57:24.4584551Z,2026-10-06T04:57:24.521Z
1853,9304.5,9304.5,0,9368,63.5,expression,8 build-agent-summary-request-port,,cell:mechanic:request-capability-from-objective-v3.operation.8:expression.fields.modelRequest.fields.interaction.fields.messages.items.0,mechanic,completed,VALUE,sda-semantic-value-graph-provider.v1,2026-10-06T04:57:24.4584938Z,2026-10-06T04:57:24.4585409Z,2026-10-06T04:57:24.522Z
1854,9304.6,9304.6,0,9370,65.4,nested edge,8 build-agent-summary-request-port,,cell:mechanic:request-capability-from-objective-v3.operation.8:expression.fields.modelRequest.fields.interaction.fields.messages:dependency:1,,admitted,,,2026-10-06T04:57:24.4585989Z,2026-10-06T04:57:24.4586130Z,2026-10-06T04:57:24.524Z
1855,9304.6,9304.7,0,9372,67.3,expression,8 build-agent-summary-request-port,,cell:mechanic:request-capability-from-objective-v3.operation.8:expression.fields.modelRequest.fields.interaction.fields.messages.items.1.fields.role,mechanic,completed,VALUE,sda-semantic-value-graph-provider.v1,2026-10-06T04:57:24.4586550Z,2026-10-06T04:57:24.4586871Z,2026-10-06T04:57:24.526Z
1856,9304.7,9304.7,0,9373,68.3,nested edge,8 build-agent-summary-request-port,,cell:mechanic:request-capability-from-objective-v3.operation.8:expression.fields.modelRequest.fields.interaction.fields.messages.items.1:dependency:1,,admitted,,,2026-10-06T04:57:24.4587408Z,2026-10-06T04:57:24.4587492Z,2026-10-06T04:57:24.527Z
1857,9304.8,9304.8,0,9375,70.2,expression,8 build-agent-summary-request-port,,cell:mechanic:request-capability-from-objective-v3.operation.8:expression.fields.modelRequest.fields.interaction.fields.messages.items.1.fields.content,mechanic,completed,VALUE,sda-semantic-value-graph-provider.v1,2026-10-06T04:57:24.4587943Z,2026-10-06T04:57:24.4588223Z,2026-10-06T04:57:24.529Z
1858,9304.9,9304.9,0,9377,72.1,nested edge,8 build-agent-summary-request-port,,cell:mechanic:request-capability-from-objective-v3.operation.8:expression.fields.modelRequest.fields.interaction.fields.messages.items.1:dependency:result,,admitted,,,2026-10-06T04:57:24.4588768Z,2026-10-06T04:57:24.4588857Z,2026-10-06T04:57:24.531Z
1859,9304.9,9304.9,0,9378,73,expression,8 build-agent-summary-request-port,,cell:mechanic:request-capability-from-objective-v3.operation.8:expression.fields.modelRequest.fields.interaction.fields.messages.items.1,mechanic,completed,VALUE,sda-semantic-value-graph-provider.v1,2026-10-06T04:57:24.4589313Z,2026-10-06T04:57:24.4589647Z,2026-10-06T04:57:24.532Z
1860,9305,9305,0,9383,78,nested edge,8 build-agent-summary-request-port,,cell:mechanic:request-capability-from-objective-v3.operation.8:expression.fields.modelRequest.fields.interaction.fields.messages:dependency:result,,admitted,,,2026-10-06T04:57:24.4590234Z,2026-10-06T04:57:24.4590354Z,2026-10-06T04:57:24.537Z
1861,9305.1,9305.1,0.1,9385,79.9,expression,8 build-agent-summary-request-port,,cell:mechanic:request-capability-from-objective-v3.operation.8:expression.fields.modelRequest.fields.interaction.fields.messages,mechanic,completed,VALUE,sda-semantic-value-graph-provider.v1,2026-10-06T04:57:24.4590806Z,2026-10-06T04:57:24.4591366Z,2026-10-06T04:57:24.539Z
1862,9305.2,9305.2,0,9387,81.8,nested edge,8 build-agent-summary-request-port,,cell:mechanic:request-capability-from-objective-v3.operation.8:expression.fields.modelRequest.fields.interaction:dependency:result,,admitted,,,2026-10-06T04:57:24.4592028Z,2026-10-06T04:57:24.4592198Z,2026-10-06T04:57:24.541Z
1863,9305.2,9305.3,0.1,9389,83.7,expression,8 build-agent-summary-request-port,,cell:mechanic:request-capability-from-objective-v3.operation.8:expression.fields.modelRequest.fields.interaction,mechanic,completed,VALUE,sda-semantic-value-graph-provider.v1,2026-10-06T04:57:24.4592652Z,2026-10-06T04:57:24.4593264Z,2026-10-06T04:57:24.543Z
1864,9305.4,9305.4,0,9391,85.6,nested edge,8 build-agent-summary-request-port,,cell:mechanic:request-capability-from-objective-v3.operation.8:expression.fields.modelRequest:dependency:5,,admitted,,,2026-10-06T04:57:24.4594043Z,2026-10-06T04:57:24.4594241Z,2026-10-06T04:57:24.545Z
1865,9305.4,9305.5,0,9392,86.5,expression,8 build-agent-summary-request-port,,cell:mechanic:request-capability-from-objective-v3.operation.8:expression.fields.modelRequest.fields.responsePolicy.fields.format,mechanic,completed,VALUE,sda-semantic-value-graph-provider.v1,2026-10-06T04:57:24.4594725Z,2026-10-06T04:57:24.4595092Z,2026-10-06T04:57:24.546Z
1866,9305.5,9305.6,0,9394,88.4,nested edge,8 build-agent-summary-request-port,,cell:mechanic:request-capability-from-objective-v3.operation.8:expression.fields.modelRequest.fields.responsePolicy:dependency:1,,admitted,,,2026-10-06T04:57:24.4595693Z,2026-10-06T04:57:24.4595796Z,2026-10-06T04:57:24.548Z
1867,9305.6,9305.6,0,9396,90.3,expression,8 build-agent-summary-request-port,,cell:mechanic:request-capability-from-objective-v3.operation.8:expression.fields.modelRequest.fields.responsePolicy.fields.maximumOutputTokens,mechanic,completed,VALUE,sda-semantic-value-graph-provider.v1,2026-10-06T04:57:24.4596334Z,2026-10-06T04:57:24.4596637Z,2026-10-06T04:57:24.550Z
1868,9305.7,9305.7,0,9398,92.3,nested edge,8 build-agent-summary-request-port,,cell:mechanic:request-capability-from-objective-v3.operation.8:expression.fields.modelRequest.fields.responsePolicy:dependency:2,,admitted,,,2026-10-06T04:57:24.4597185Z,2026-10-06T04:57:24.4597288Z,2026-10-06T04:57:24.552Z
1869,9305.7,9305.8,0,9399,93.2,expression,8 build-agent-summary-request-port,,cell:mechanic:request-capability-from-objective-v3.operation.8:expression.fields.modelRequest.fields.responsePolicy.fields.temperature,mechanic,completed,VALUE,sda-semantic-value-graph-provider.v1,2026-10-06T04:57:24.4597656Z,2026-10-06T04:57:24.4597898Z,2026-10-06T04:57:24.553Z
1870,9305.8,9305.8,0,9401,95.2,nested edge,8 build-agent-summary-request-port,,cell:mechanic:request-capability-from-objective-v3.operation.8:expression.fields.modelRequest.fields.responsePolicy:dependency:3,,admitted,,,2026-10-06T04:57:24.4598372Z,2026-10-06T04:57:24.4598447Z,2026-10-06T04:57:24.555Z
1871,9305.9,9305.9,0,9403,97.1,expression,8 build-agent-summary-request-port,,cell:mechanic:request-capability-from-objective-v3.operation.8:expression.fields.modelRequest.fields.responsePolicy.fields.schema,mechanic,completed,VALUE,sda-semantic-value-graph-provider.v1,2026-10-06T04:57:24.4598826Z,2026-10-06T04:57:24.4599117Z,2026-10-06T04:57:24.557Z
1872,9305.9,9306,0,9405,99,nested edge,8 build-agent-summary-request-port,,cell:mechanic:request-capability-from-objective-v3.operation.8:expression.fields.modelRequest.fields.responsePolicy:dependency:result,,admitted,,,2026-10-06T04:57:24.4599642Z,2026-10-06T04:57:24.4599772Z,2026-10-06T04:57:24.559Z
1873,9306,9306,0,9406,99.9,expression,8 build-agent-summary-request-port,,cell:mechanic:request-capability-from-objective-v3.operation.8:expression.fields.modelRequest.fields.responsePolicy,mechanic,completed,VALUE,sda-semantic-value-graph-provider.v1,2026-10-06T04:57:24.4600175Z,2026-10-06T04:57:24.4600564Z,2026-10-06T04:57:24.560Z
1874,9306.1,9306.1,0,9408,101.9,nested edge,8 build-agent-summary-request-port,,cell:mechanic:request-capability-from-objective-v3.operation.8:expression.fields.modelRequest:dependency:6,,admitted,,,2026-10-06T04:57:24.4601163Z,2026-10-06T04:57:24.4601343Z,2026-10-06T04:57:24.562Z
1875,9306.2,9306.2,0,9410,103.8,expression,8 build-agent-summary-request-port,,cell:mechanic:request-capability-from-objective-v3.operation.8:expression.fields.modelRequest.fields.executionPolicy.fields.timeoutMilliseconds,mechanic,completed,VALUE,sda-semantic-value-graph-provider.v1,2026-10-06T04:57:24.4601769Z,2026-10-06T04:57:24.4602070Z,2026-10-06T04:57:24.564Z
1876,9306.2,9306.2,0,9412,105.7,nested edge,8 build-agent-summary-request-port,,cell:mechanic:request-capability-from-objective-v3.operation.8:expression.fields.modelRequest.fields.executionPolicy:dependency:1,,admitted,,,2026-10-06T04:57:24.4602615Z,2026-10-06T04:57:24.4602699Z,2026-10-06T04:57:24.566Z
1877,9306.3,9306.3,0,9419,112.7,expression,8 build-agent-summary-request-port,,cell:mechanic:request-capability-from-objective-v3.operation.8:expression.fields.modelRequest.fields.executionPolicy.fields.attemptAuthority.fields.maximumAuthorizedAttempts,mechanic,completed,VALUE,sda-semantic-value-graph-provider.v1,2026-10-06T04:57:24.4603102Z,2026-10-06T04:57:24.4603373Z,2026-10-06T04:57:24.573Z
1878,9306.4,9306.4,0,9422,115.6,nested edge,8 build-agent-summary-request-port,,cell:mechanic:request-capability-from-objective-v3.operation.8:expression.fields.modelRequest.fields.executionPolicy.fields.attemptAuthority:dependency:result,,admitted,,,2026-10-06T04:57:24.4603943Z,2026-10-06T04:57:24.4604024Z,2026-10-06T04:57:24.576Z
1879,9306.4,9306.4,0,9430,123.5,expression,8 build-agent-summary-request-port,,cell:mechanic:request-capability-from-objective-v3.operation.8:expression.fields.modelRequest.fields.executionPolicy.fields.attemptAuthority,mechanic,completed,VALUE,sda-semantic-value-graph-provider.v1,2026-10-06T04:57:24.4604437Z,2026-10-06T04:57:24.4604690Z,2026-10-06T04:57:24.584Z
1880,9306.5,9306.5,0,9432,125.5,nested edge,8 build-agent-summary-request-port,,cell:mechanic:request-capability-from-objective-v3.operation.8:expression.fields.modelRequest.fields.executionPolicy:dependency:2,,admitted,,,2026-10-06T04:57:24.4605228Z,2026-10-06T04:57:24.4605330Z,2026-10-06T04:57:24.586Z
1881,9306.6,9306.6,0,9434,127.4,expression,8 build-agent-summary-request-port,,cell:mechanic:request-capability-from-objective-v3.operation.8:expression.fields.modelRequest.fields.executionPolicy.fields.providerSubstitution.fields.allowed,mechanic,completed,FALSE,sda-semantic-value-graph-provider.v1,2026-10-06T04:57:24.4605787Z,2026-10-06T04:57:24.4606080Z,2026-10-06T04:57:24.588Z
1882,9306.6,9306.6,0,9439,132.3,nested edge,8 build-agent-summary-request-port,,cell:mechanic:request-capability-from-objective-v3.operation.8:expression.fields.modelRequest.fields.executionPolicy.fields.providerSubstitution:dependency:result,,admitted,,,2026-10-06T04:57:24.4606615Z,2026-10-06T04:57:24.4606731Z,2026-10-06T04:57:24.593Z
1883,9306.7,9306.7,0,9442,135.3,expression,8 build-agent-summary-request-port,,cell:mechanic:request-capability-from-objective-v3.operation.8:expression.fields.modelRequest.fields.executionPolicy.fields.providerSubstitution,mechanic,completed,VALUE,sda-semantic-value-graph-provider.v1,2026-10-06T04:57:24.4607163Z,2026-10-06T04:57:24.4607469Z,2026-10-06T04:57:24.596Z
1884,9306.8,9307.2,0.4,9444,136.8,nested edge,8 build-agent-summary-request-port,,cell:mechanic:request-capability-from-objective-v3.operation.8:expression.fields.modelRequest.fields.executionPolicy:dependency:result,,admitted,,,2026-10-06T04:57:24.4608024Z,2026-10-06T04:57:24.4611805Z,2026-10-06T04:57:24.598Z
1885,9307.2,9307.2,0,9447,139.7,expression,8 build-agent-summary-request-port,,cell:mechanic:request-capability-from-objective-v3.operation.8:expression.fields.modelRequest.fields.executionPolicy,mechanic,completed,VALUE,sda-semantic-value-graph-provider.v1,2026-10-06T04:57:24.4612348Z,2026-10-06T04:57:24.4612707Z,2026-10-06T04:57:24.601Z
1886,9307.3,9307.3,0,9452,144.7,nested edge,8 build-agent-summary-request-port,,cell:mechanic:request-capability-from-objective-v3.operation.8:expression.fields.modelRequest:dependency:7,,admitted,,,2026-10-06T04:57:24.4613238Z,2026-10-06T04:57:24.4613352Z,2026-10-06T04:57:24.606Z
1887,9307.3,9307.4,0,9456,148.6,expression,8 build-agent-summary-request-port,,cell:mechanic:request-capability-from-objective-v3.operation.8:expression.fields.modelRequest.fields.evidencePolicy.fields.captureRequestHash,mechanic,completed,TRUE,sda-semantic-value-graph-provider.v1,2026-10-06T04:57:24.4613741Z,2026-10-06T04:57:24.4614007Z,2026-10-06T04:57:24.610Z
1888,9307.4,9307.4,0,9463,155.5,nested edge,8 build-agent-summary-request-port,,cell:mechanic:request-capability-from-objective-v3.operation.8:expression.fields.modelRequest.fields.evidencePolicy:dependency:1,,admitted,,,2026-10-06T04:57:24.4614538Z,2026-10-06T04:57:24.4614639Z,2026-10-06T04:57:24.617Z
1889,9307.5,9307.6,0,9467,159.4,expression,8 build-agent-summary-request-port,,cell:mechanic:request-capability-from-objective-v3.operation.8:expression.fields.modelRequest.fields.evidencePolicy.fields.captureResponseHash,mechanic,completed,TRUE,sda-semantic-value-graph-provider.v1,2026-10-06T04:57:24.4615474Z,2026-10-06T04:57:24.4615906Z,2026-10-06T04:57:24.621Z
1890,9307.6,9307.6,0,9469,161.3,nested edge,8 build-agent-summary-request-port,,cell:mechanic:request-capability-from-objective-v3.operation.8:expression.fields.modelRequest.fields.evidencePolicy:dependency:2,,admitted,,,2026-10-06T04:57:24.4616525Z,2026-10-06T04:57:24.4616626Z,2026-10-06T04:57:24.623Z
1891,9307.7,9307.7,0,9472,164.3,expression,8 build-agent-summary-request-port,,cell:mechanic:request-capability-from-objective-v3.operation.8:expression.fields.modelRequest.fields.evidencePolicy.fields.captureResolvedProvider,mechanic,completed,TRUE,sda-semantic-value-graph-provider.v1,2026-10-06T04:57:24.4617134Z,2026-10-06T04:57:24.4617429Z,2026-10-06T04:57:24.626Z
1892,9307.8,9307.8,0,9474,166.2,nested edge,8 build-agent-summary-request-port,,cell:mechanic:request-capability-from-objective-v3.operation.8:expression.fields.modelRequest.fields.evidencePolicy:dependency:3,,admitted,,,2026-10-06T04:57:24.4618018Z,2026-10-06T04:57:24.4618122Z,2026-10-06T04:57:24.628Z
1893,9308,9308.1,0,9477,168.9,expression,8 build-agent-summary-request-port,,cell:mechanic:request-capability-from-objective-v3.operation.8:expression.fields.modelRequest.fields.evidencePolicy.fields.captureResolvedModel,mechanic,completed,TRUE,sda-semantic-value-graph-provider.v1,2026-10-06T04:57:24.4620671Z,2026-10-06T04:57:24.4621075Z,2026-10-06T04:57:24.631Z
1894,9308.1,9308.1,0,9480,171.8,nested edge,8 build-agent-summary-request-port,,cell:mechanic:request-capability-from-objective-v3.operation.8:expression.fields.modelRequest.fields.evidencePolicy:dependency:4,,admitted,,,2026-10-06T04:57:24.4621642Z,2026-10-06T04:57:24.4621738Z,2026-10-06T04:57:24.634Z
1895,9308.2,9308.3,0,9484,175.7,expression,8 build-agent-summary-request-port,,cell:mechanic:request-capability-from-objective-v3.operation.8:expression.fields.modelRequest.fields.evidencePolicy.fields.captureTokenUsage,mechanic,completed,TRUE,sda-semantic-value-graph-provider.v1,2026-10-06T04:57:24.4622731Z,2026-10-06T04:57:24.4623014Z,2026-10-06T04:57:24.638Z
1896,9308.3,9308.3,0,9486,177.6,nested edge,8 build-agent-summary-request-port,,cell:mechanic:request-capability-from-objective-v3.operation.8:expression.fields.modelRequest.fields.evidencePolicy:dependency:5,,admitted,,,2026-10-06T04:57:24.4623626Z,2026-10-06T04:57:24.4623702Z,2026-10-06T04:57:24.640Z
1897,9308.4,9308.4,0,9488,179.6,expression,8 build-agent-summary-request-port,,cell:mechanic:request-capability-from-objective-v3.operation.8:expression.fields.modelRequest.fields.evidencePolicy.fields.captureTiming,mechanic,completed,TRUE,sda-semantic-value-graph-provider.v1,2026-10-06T04:57:24.4624089Z,2026-10-06T04:57:24.4624297Z,2026-10-06T04:57:24.642Z
1898,9308.5,9308.5,0,9491,182.5,nested edge,8 build-agent-summary-request-port,,cell:mechanic:request-capability-from-objective-v3.operation.8:expression.fields.modelRequest.fields.evidencePolicy:dependency:result,,admitted,,,2026-10-06T04:57:24.4624974Z,2026-10-06T04:57:24.4625064Z,2026-10-06T04:57:24.645Z
1899,9308.5,9308.6,0,9495,186.4,expression,8 build-agent-summary-request-port,,cell:mechanic:request-capability-from-objective-v3.operation.8:expression.fields.modelRequest.fields.evidencePolicy,mechanic,completed,VALUE,sda-semantic-value-graph-provider.v1,2026-10-06T04:57:24.4625443Z,2026-10-06T04:57:24.4625743Z,2026-10-06T04:57:24.649Z
1900,9308.7,9308.7,0,9507,198.2,nested edge,8 build-agent-summary-request-port,,cell:mechanic:request-capability-from-objective-v3.operation.8:expression.fields.modelRequest:dependency:result,,admitted,,,2026-10-06T04:57:24.4627357Z,2026-10-06T04:57:24.4627539Z,2026-10-06T04:57:24.661Z
1901,9308.8,9308.9,0.1,9509,200.1,expression,8 build-agent-summary-request-port,,cell:mechanic:request-capability-from-objective-v3.operation.8:expression.fields.modelRequest,mechanic,completed,VALUE,sda-semantic-value-graph-provider.v1,2026-10-06T04:57:24.4628002Z,2026-10-06T04:57:24.4628812Z,2026-10-06T04:57:24.663Z
1902,9308.9,9308.9,0,9515,206,nested edge,8 build-agent-summary-request-port,,cell:mechanic:request-capability-from-objective-v3.operation.8:expression:dependency:4,,admitted,,,2026-10-06T04:57:24.4629464Z,2026-10-06T04:57:24.4629737Z,2026-10-06T04:57:24.669Z
1903,9309,9309,0,9519,210,expression,8 build-agent-summary-request-port,,cell:mechanic:request-capability-from-objective-v3.operation.8:expression.fields.requestLineage.items.0,mechanic,completed,VALUE,sda-semantic-value-graph-provider.v1,2026-10-06T04:57:24.4630075Z,2026-10-06T04:57:24.4630499Z,2026-10-06T04:57:24.673Z
1904,9309.1,9309.1,0,9525,215.8,nested edge,8 build-agent-summary-request-port,,cell:mechanic:request-capability-from-objective-v3.operation.8:expression.fields.requestLineage:dependency:1,,admitted,,,2026-10-06T04:57:24.4631538Z,2026-10-06T04:57:24.4631640Z,2026-10-06T04:57:24.679Z
1905,9310.3,9310.3,0,9531,220.7,expression,8 build-agent-summary-request-port,,cell:mechanic:request-capability-from-objective-v3.operation.8:expression.fields.requestLineage.items.1,mechanic,completed,VALUE,sda-semantic-value-graph-provider.v1,2026-10-06T04:57:24.4642958Z,2026-10-06T04:57:24.4643342Z,2026-10-06T04:57:24.685Z
1906,9310.4,9310.4,0,9536,225.6,nested edge,8 build-agent-summary-request-port,,cell:mechanic:request-capability-from-objective-v3.operation.8:expression.fields.requestLineage:dependency:2,,admitted,,,2026-10-06T04:57:24.4643940Z,2026-10-06T04:57:24.4644046Z,2026-10-06T04:57:24.690Z
1907,9310.4,9310.5,0,9541,230.5,expression,8 build-agent-summary-request-port,,cell:mechanic:request-capability-from-objective-v3.operation.8:expression.fields.requestLineage.items.2.values.json.value,mechanic,completed,VALUE,sda-semantic-value-graph-provider.v1,2026-10-06T04:57:24.4644496Z,2026-10-06T04:57:24.4644795Z,2026-10-06T04:57:24.695Z
1908,9310.5,9310.5,0,9543,232.5,nested edge,8 build-agent-summary-request-port,,cell:mechanic:request-capability-from-objective-v3.operation.8:expression.fields.requestLineage.items.2.values.json:dependency:result,,admitted,,,2026-10-06T04:57:24.4645380Z,2026-10-06T04:57:24.4645477Z,2026-10-06T04:57:24.697Z
1909,9310.6,9310.6,0,9546,235.4,expression,8 build-agent-summary-request-port,,cell:mechanic:request-capability-from-objective-v3.operation.8:expression.fields.requestLineage.items.2.values.json,mechanic,completed,VALUE,sda-semantic-value-graph-provider.v1,2026-10-06T04:57:24.4645968Z,2026-10-06T04:57:24.4646280Z,2026-10-06T04:57:24.700Z
1910,9310.7,9310.7,0,9551,240.3,nested edge,8 build-agent-summary-request-port,,cell:mechanic:request-capability-from-objective-v3.operation.8:expression.fields.requestLineage.items.2:dependency:result,,admitted,,,2026-10-06T04:57:24.4646793Z,2026-10-06T04:57:24.4646889Z,2026-10-06T04:57:24.705Z
1911,9310.7,9310.9,0.2,9554,243.1,expression,8 build-agent-summary-request-port,,cell:mechanic:request-capability-from-objective-v3.operation.8:expression.fields.requestLineage.items.2,mechanic,completed,VALUE,sda-semantic-value-graph-provider.v1,2026-10-06T04:57:24.4647276Z,2026-10-06T04:57:24.4649308Z,2026-10-06T04:57:24.708Z
1912,9311,9311,0,9556,245,nested edge,8 build-agent-summary-request-port,,cell:mechanic:request-capability-from-objective-v3.operation.8:expression.fields.requestLineage:dependency:result,,admitted,,,2026-10-06T04:57:24.4649925Z,2026-10-06T04:57:24.4650037Z,2026-10-06T04:57:24.710Z
1913,9311,9311.1,0,9560,248.9,expression,8 build-agent-summary-request-port,,cell:mechanic:request-capability-from-objective-v3.operation.8:expression.fields.requestLineage,mechanic,completed,VALUE,sda-semantic-value-graph-provider.v1,2026-10-06T04:57:24.4650469Z,2026-10-06T04:57:24.4650891Z,2026-10-06T04:57:24.714Z
1914,9311.1,9311.1,0,9563,251.8,nested edge,8 build-agent-summary-request-port,,cell:mechanic:request-capability-from-objective-v3.operation.8:expression:dependency:result,,admitted,,,2026-10-06T04:57:24.4651435Z,2026-10-06T04:57:24.4651561Z,2026-10-06T04:57:24.717Z
1915,9311.2,9311.3,0.1,9566,254.7,expression,8 build-agent-summary-request-port,,cell:mechanic:request-capability-from-objective-v3.operation.8:expression,mechanic,completed,VALUE,sda-semantic-value-graph-provider.v1,2026-10-06T04:57:24.4651950Z,2026-10-06T04:57:24.4652827Z,2026-10-06T04:57:24.720Z
1916,9311.3,9311.4,0,9572,260.6,nested edge,8 build-agent-summary-request-port,,edge:return:cell:mechanic:request-capability-from-objective-v3.operation.8:expression:cell:mechanic:request-capability-from-objective-v3.operation.8:0,,admitted,,,2026-10-06T04:57:24.4653496Z,2026-10-06T04:57:24.4653861Z,2026-10-06T04:57:24.726Z
1918,9311.6,9311.7,0.1,9576,264.3,handoff edge,,,edge:sequence:request-capability-from-objective-v3:8,,admitted,,,2026-10-06T04:57:24.4656525Z,2026-10-06T04:57:24.4657481Z,2026-10-06T04:57:24.730Z
2067,9311.8,9327.9,16.2,10131,803,operation,9 compose-governed-model-invocation-port,,cell:mechanic:request-capability-from-objective-v3.operation.9,mechanic,completed,SUCCESS,sda-semantic-value-graph-provider.v1,2026-10-06T04:57:24.4657951Z,2026-10-06T04:57:24.4819579Z,2026-10-06T04:57:25.285Z
1919,9311.8,9311.9,0.1,9579,267.1,expression,9 compose-governed-model-invocation-port,,cell:mechanic:request-capability-from-objective-v3.operation.9:expression.fields.contractId,mechanic,completed,VALUE,sda-semantic-value-graph-provider.v1,2026-10-06T04:57:24.4658150Z,2026-10-06T04:57:24.4658951Z,2026-10-06T04:57:24.733Z
1920,9312,9312,0,9610,298,nested edge,9 compose-governed-model-invocation-port,,cell:mechanic:request-capability-from-objective-v3.operation.9:expression:dependency:1,,admitted,,,2026-10-06T04:57:24.4659765Z,2026-10-06T04:57:24.4659903Z,2026-10-06T04:57:24.764Z
1921,9312,9312.1,0,9612,299.9,expression,9 compose-governed-model-invocation-port,,cell:mechanic:request-capability-from-objective-v3.operation.9:expression.fields.payload.fields.attemptPlan.fields.contractId,mechanic,completed,VALUE,sda-semantic-value-graph-provider.v1,2026-10-06T04:57:24.4660388Z,2026-10-06T04:57:24.4660751Z,2026-10-06T04:57:24.766Z
1922,9312.1,9312.1,0,9614,301.9,nested edge,9 compose-governed-model-invocation-port,,cell:mechanic:request-capability-from-objective-v3.operation.9:expression.fields.payload.fields.attemptPlan:dependency:1,,admitted,,,2026-10-06T04:57:24.4661327Z,2026-10-06T04:57:24.4661446Z,2026-10-06T04:57:24.768Z
1923,9312.7,9312.7,0,9619,306.2,expression,9 compose-governed-model-invocation-port,,cell:mechanic:request-capability-from-objective-v3.operation.9:expression.fields.payload.fields.attemptPlan.fields.payload.bindings.systemMessage.from,mechanic,completed,VALUE,sda-semantic-value-graph-provider.v1,2026-10-06T04:57:24.4667237Z,2026-10-06T04:57:24.4667695Z,2026-10-06T04:57:24.773Z
1924,9312.8,9312.8,0,9621,308.1,nested edge,9 compose-governed-model-invocation-port,,cell:mechanic:request-capability-from-objective-v3.operation.9:expression.fields.payload.fields.attemptPlan.fields.payload.bindings.systemMessage:dependency:1,,admitted,,,2026-10-06T04:57:24.4668489Z,2026-10-06T04:57:24.4668676Z,2026-10-06T04:57:24.775Z
1925,9312.9,9312.9,0,9623,310.1,expression,9 compose-governed-model-invocation-port,,cell:mechanic:request-capability-from-objective-v3.operation.9:expression.fields.payload.fields.attemptPlan.fields.payload.bindings.systemMessage.where.left,mechanic,completed,VALUE,sda-semantic-value-graph-provider.v1,2026-10-06T04:57:24.4669135Z,2026-10-06T04:57:24.4669496Z,2026-10-06T04:57:24.777Z
1926,9313,9313,0,9625,312,nested edge,9 compose-governed-model-invocation-port,,cell:mechanic:request-capability-from-objective-v3.operation.9:expression.fields.payload.fields.attemptPlan.fields.payload.bindings.systemMessage.where:dependency:1,,admitted,,,2026-10-06T04:57:24.4670087Z,2026-10-06T04:57:24.4670181Z,2026-10-06T04:57:24.779Z
1927,9313,9313.1,0,9628,314.9,expression,9 compose-governed-model-invocation-port,,cell:mechanic:request-capability-from-objective-v3.operation.9:expression.fields.payload.fields.attemptPlan.fields.payload.bindings.systemMessage.where.right,mechanic,completed,VALUE,sda-semantic-value-graph-provider.v1,2026-10-06T04:57:24.4670619Z,2026-10-06T04:57:24.4670926Z,2026-10-06T04:57:24.782Z
1928,9313.1,9313.1,0,9637,323.8,nested edge,9 compose-governed-model-invocation-port,,cell:mechanic:request-capability-from-objective-v3.operation.9:expression.fields.payload.fields.attemptPlan.fields.payload.bindings.systemMessage.where:dependency:result,,admitted,,,2026-10-06T04:57:24.4671506Z,2026-10-06T04:57:24.4671615Z,2026-10-06T04:57:24.791Z
1929,9313.2,9313.2,0,9639,325.8,expression,9 compose-governed-model-invocation-port,,cell:mechanic:request-capability-from-objective-v3.operation.9:expression.fields.payload.fields.attemptPlan.fields.payload.bindings.systemMessage.where,mechanic,completed,FALSE,sda-semantic-value-graph-provider.v1,2026-10-06T04:57:24.4672098Z,2026-10-06T04:57:24.4672484Z,2026-10-06T04:57:24.793Z
1930,9313.3,9313.3,0,9641,327.7,nested edge,9 compose-governed-model-invocation-port,,cell:mechanic:request-capability-from-objective-v3.operation.9:expression.fields.payload.fields.attemptPlan.fields.payload.bindings.systemMessage:dependency:result,,admitted,,,2026-10-06T04:57:24.4673076Z,2026-10-06T04:57:24.4673197Z,2026-10-06T04:57:24.795Z
1931,9313.3,9313.4,0.1,9646,332.6,expression,9 compose-governed-model-invocation-port,,cell:mechanic:request-capability-from-objective-v3.operation.9:expression.fields.payload.fields.attemptPlan.fields.payload.bindings.systemMessage,mechanic,completed,CONTINUE,sda-semantic-value-graph-provider.v1,2026-10-06T04:57:24.4673671Z,2026-10-06T04:57:24.4674365Z,2026-10-06T04:57:24.800Z
1932,9313.5,9313.5,0,9649,335.5,nested edge,9 compose-governed-model-invocation-port,,cell:mechanic:request-capability-from-objective-v3.operation.9:expression.fields.payload.fields.attemptPlan.fields.payload.bindings.systemMessage:recur,,admitted,,,2026-10-06T04:57:24.4674977Z,2026-10-06T04:57:24.4675126Z,2026-10-06T04:57:24.803Z
1933,9313.5,9313.6,0.1,9651,337.4,expression,9 compose-governed-model-invocation-port,,cell:mechanic:request-capability-from-objective-v3.operation.9:expression.fields.payload.fields.attemptPlan.fields.payload.bindings.systemMessage,mechanic,completed,CONTINUE,sda-semantic-value-graph-provider.v1,2026-10-06T04:57:24.4675624Z,2026-10-06T04:57:24.4676298Z,2026-10-06T04:57:24.805Z
1934,9313.7,9313.7,0,9657,343.3,nested edge,9 compose-governed-model-invocation-port,,cell:mechanic:request-capability-from-objective-v3.operation.9:expression.fields.payload.fields.attemptPlan.fields.payload.bindings.systemMessage:recur,,admitted,,,2026-10-06T04:57:24.4676965Z,2026-10-06T04:57:24.4677129Z,2026-10-06T04:57:24.811Z
1935,9313.7,9313.8,0,9659,345.2,expression,9 compose-governed-model-invocation-port,,cell:mechanic:request-capability-from-objective-v3.operation.9:expression.fields.payload.fields.attemptPlan.fields.payload.bindings.systemMessage,mechanic,completed,STOP,sda-semantic-value-graph-provider.v1,2026-10-06T04:57:24.4677618Z,2026-10-06T04:57:24.4678114Z,2026-10-06T04:57:24.813Z
1936,9313.9,9313.9,0,9662,348.1,nested edge,9 compose-governed-model-invocation-port,,cell:mechanic:request-capability-from-objective-v3.operation.9:expression.fields.payload.fields.attemptPlan.fields.payload:dependency:1,,admitted,,,2026-10-06T04:57:24.4678847Z,2026-10-06T04:57:24.4679028Z,2026-10-06T04:57:24.816Z
1937,9313.9,9314,0,9666,352,expression,9 compose-governed-model-invocation-port,,cell:mechanic:request-capability-from-objective-v3.operation.9:expression.fields.payload.fields.attemptPlan.fields.payload.value.fields.requestId,mechanic,completed,VALUE,sda-semantic-value-graph-provider.v1,2026-10-06T04:57:24.4679532Z,2026-10-06T04:57:24.4679932Z,2026-10-06T04:57:24.820Z
1938,9314,9314,0,9669,354.9,nested edge,9 compose-governed-model-invocation-port,,cell:mechanic:request-capability-from-objective-v3.operation.9:expression.fields.payload.fields.attemptPlan.fields.payload.value:dependency:1,,admitted,,,2026-10-06T04:57:24.4680511Z,2026-10-06T04:57:24.4680577Z,2026-10-06T04:57:24.823Z
1939,9314.1,9314.1,0,9672,357.9,expression,9 compose-governed-model-invocation-port,,cell:mechanic:request-capability-from-objective-v3.operation.9:expression.fields.payload.fields.attemptPlan.fields.payload.value.fields.invocationIdentity,mechanic,completed,VALUE,sda-semantic-value-graph-provider.v1,2026-10-06T04:57:24.4680987Z,2026-10-06T04:57:24.4681256Z,2026-10-06T04:57:24.826Z
1940,9314.2,9314.2,0,9674,359.8,nested edge,9 compose-governed-model-invocation-port,,cell:mechanic:request-capability-from-objective-v3.operation.9:expression.fields.payload.fields.attemptPlan.fields.payload.value:dependency:2,,admitted,,,2026-10-06T04:57:24.4681882Z,2026-10-06T04:57:24.4681992Z,2026-10-06T04:57:24.828Z
1941,9314.2,9314.7,0.5,9678,363.3,expression,9 compose-governed-model-invocation-port,,cell:mechanic:request-capability-from-objective-v3.operation.9:expression.fields.payload.fields.attemptPlan.fields.payload.value.fields.providerAuthorityId,mechanic,completed,VALUE,sda-semantic-value-graph-provider.v1,2026-10-06T04:57:24.4682518Z,2026-10-06T04:57:24.4687063Z,2026-10-06T04:57:24.832Z
1942,9314.9,9314.9,0,9685,370.1,nested edge,9 compose-governed-model-invocation-port,,cell:mechanic:request-capability-from-objective-v3.operation.9:expression.fields.payload.fields.attemptPlan.fields.payload.value:dependency:3,,admitted,,,2026-10-06T04:57:24.4689086Z,2026-10-06T04:57:24.4689204Z,2026-10-06T04:57:24.839Z
1943,9314.9,9315,0,9713,398,expression,9 compose-governed-model-invocation-port,,cell:mechanic:request-capability-from-objective-v3.operation.9:expression.fields.payload.fields.attemptPlan.fields.payload.value.fields.providerKind,mechanic,completed,VALUE,sda-semantic-value-graph-provider.v1,2026-10-06T04:57:24.4689667Z,2026-10-06T04:57:24.4689970Z,2026-10-06T04:57:24.867Z
1944,9315,9315.1,0,9715,399.9,nested edge,9 compose-governed-model-invocation-port,,cell:mechanic:request-capability-from-objective-v3.operation.9:expression.fields.payload.fields.attemptPlan.fields.payload.value:dependency:4,,admitted,,,2026-10-06T04:57:24.4690718Z,2026-10-06T04:57:24.4690809Z,2026-10-06T04:57:24.869Z
1945,9315.1,9315.1,0,9718,402.8,expression,9 compose-governed-model-invocation-port,,cell:mechanic:request-capability-from-objective-v3.operation.9:expression.fields.payload.fields.attemptPlan.fields.payload.value.fields.resolvedModel,mechanic,completed,VALUE,sda-semantic-value-graph-provider.v1,2026-10-06T04:57:24.4691264Z,2026-10-06T04:57:24.4691521Z,2026-10-06T04:57:24.872Z
1946,9315.2,9315.2,0,9721,405.8,nested edge,9 compose-governed-model-invocation-port,,cell:mechanic:request-capability-from-objective-v3.operation.9:expression.fields.payload.fields.attemptPlan.fields.payload.value:dependency:5,,admitted,,,2026-10-06T04:57:24.4692025Z,2026-10-06T04:57:24.4692086Z,2026-10-06T04:57:24.875Z
1947,9315.2,9315.2,0,9724,408.7,expression,9 compose-governed-model-invocation-port,,cell:mechanic:request-capability-from-objective-v3.operation.9:expression.fields.payload.fields.attemptPlan.fields.payload.value.fields.adapterIdentity,mechanic,completed,VALUE,sda-semantic-value-graph-provider.v1,2026-10-06T04:57:24.4692480Z,2026-10-06T04:57:24.4692706Z,2026-10-06T04:57:24.878Z
1948,9315.3,9315.3,0,9728,412.7,nested edge,9 compose-governed-model-invocation-port,,cell:mechanic:request-capability-from-objective-v3.operation.9:expression.fields.payload.fields.attemptPlan.fields.payload.value:dependency:6,,admitted,,,2026-10-06T04:57:24.4693235Z,2026-10-06T04:57:24.4693302Z,2026-10-06T04:57:24.882Z
1949,9315.3,9315.4,0,9735,419.6,expression,9 compose-governed-model-invocation-port,,cell:mechanic:request-capability-from-objective-v3.operation.9:expression.fields.payload.fields.attemptPlan.fields.payload.value.fields.protocolProjectionIdentity,mechanic,completed,VALUE,sda-semantic-value-graph-provider.v1,2026-10-06T04:57:24.4693735Z,2026-10-06T04:57:24.4694042Z,2026-10-06T04:57:24.889Z
1950,9315.4,9315.5,0,9737,421.5,nested edge,9 compose-governed-model-invocation-port,,cell:mechanic:request-capability-from-objective-v3.operation.9:expression.fields.payload.fields.attemptPlan.fields.payload.value:dependency:7,,admitted,,,2026-10-06T04:57:24.4694672Z,2026-10-06T04:57:24.4694762Z,2026-10-06T04:57:24.891Z
1951,9315.5,9315.5,0,9739,423.5,expression,9 compose-governed-model-invocation-port,,cell:mechanic:request-capability-from-objective-v3.operation.9:expression.fields.payload.fields.attemptPlan.fields.payload.value.fields.protocolProjectionRequest.fields.contractId,mechanic,completed,VALUE,sda-semantic-value-graph-provider.v1,2026-10-06T04:57:24.4695179Z,2026-10-06T04:57:24.4695432Z,2026-10-06T04:57:24.893Z
1952,9315.6,9315.6,0,9743,427.4,nested edge,9 compose-governed-model-invocation-port,,cell:mechanic:request-capability-from-objective-v3.operation.9:expression.fields.payload.fields.attemptPlan.fields.payload.value.fields.protocolProjectionRequest:dependency:1,,admitted,,,2026-10-06T04:57:24.4695971Z,2026-10-06T04:57:24.4696068Z,2026-10-06T04:57:24.897Z
1953,9315.6,9315.7,0,9745,429.3,expression,9 compose-governed-model-invocation-port,,cell:mechanic:request-capability-from-objective-v3.operation.9:expression.fields.payload.fields.attemptPlan.fields.payload.value.fields.protocolProjectionRequest.fields.payload.fields.adapterIdentity,mechanic,completed,VALUE,sda-semantic-value-graph-provider.v1,2026-10-06T04:57:24.4696538Z,2026-10-06T04:57:24.4696808Z,2026-10-06T04:57:24.899Z
1954,9315.7,9315.7,0,9747,431.3,nested edge,9 compose-governed-model-invocation-port,,cell:mechanic:request-capability-from-objective-v3.operation.9:expression.fields.payload.fields.attemptPlan.fields.payload.value.fields.protocolProjectionRequest.fields.payload:dependency:1,,admitted,,,2026-10-06T04:57:24.4697322Z,2026-10-06T04:57:24.4697387Z,2026-10-06T04:57:24.901Z
1955,9315.8,9316,0.2,9750,434,expression,9 compose-governed-model-invocation-port,,cell:mechanic:request-capability-from-objective-v3.operation.9:expression.fields.payload.fields.attemptPlan.fields.payload.value.fields.protocolProjectionRequest.fields.payload.fields.context.fields.maxTokens,mechanic,completed,VALUE,sda-semantic-value-graph-provider.v1,2026-10-06T04:57:24.4697920Z,2026-10-06T04:57:24.4700092Z,2026-10-06T04:57:24.904Z
1956,9316.1,9316.1,0,9753,436.9,nested edge,9 compose-governed-model-invocation-port,,cell:mechanic:request-capability-from-objective-v3.operation.9:expression.fields.payload.fields.attemptPlan.fields.payload.value.fields.protocolProjectionRequest.fields.payload.fields.context:dependency:1,,admitted,,,2026-10-06T04:57:24.4700750Z,2026-10-06T04:57:24.4700838Z,2026-10-06T04:57:24.907Z
1957,9316.1,9316.2,0,9755,438.8,expression,9 compose-governed-model-invocation-port,,cell:mechanic:request-capability-from-objective-v3.operation.9:expression.fields.payload.fields.attemptPlan.fields.payload.value.fields.protocolProjectionRequest.fields.payload.fields.context.fields.messages.from,mechanic,completed,VALUE,sda-semantic-value-graph-provider.v1,2026-10-06T04:57:24.4701408Z,2026-10-06T04:57:24.4701841Z,2026-10-06T04:57:24.909Z
1958,9316.2,9316.3,0,9758,441.7,nested edge,9 compose-governed-model-invocation-port,,cell:mechanic:request-capability-from-objective-v3.operation.9:expression.fields.payload.fields.attemptPlan.fields.payload.value.fields.protocolProjectionRequest.fields.payload.fields.context.fields.messages:dependency:1,,admitted,,,2026-10-06T04:57:24.4702569Z,2026-10-06T04:57:24.4702800Z,2026-10-06T04:57:24.912Z
1959,9316.3,9316.4,0,9760,443.6,expression,9 compose-governed-model-invocation-port,,cell:mechanic:request-capability-from-objective-v3.operation.9:expression.fields.payload.fields.attemptPlan.fields.payload.value.fields.protocolProjectionRequest.fields.payload.fields.context.fields.messages.value.when.left,mechanic,completed,VALUE,sda-semantic-value-graph-provider.v1,2026-10-06T04:57:24.4703425Z,2026-10-06T04:57:24.4703853Z,2026-10-06T04:57:24.914Z
1960,9316.4,9316.4,0,9762,445.5,nested edge,9 compose-governed-model-invocation-port,,cell:mechanic:request-capability-from-objective-v3.operation.9:expression.fields.payload.fields.attemptPlan.fields.payload.value.fields.protocolProjectionRequest.fields.payload.fields.context.fields.messages.value.when:dependency:1,,admitted,,,2026-10-06T04:57:24.4704479Z,2026-10-06T04:57:24.4704557Z,2026-10-06T04:57:24.916Z
1961,9316.5,9316.5,0,9767,450.5,expression,9 compose-governed-model-invocation-port,,cell:mechanic:request-capability-from-objective-v3.operation.9:expression.fields.payload.fields.attemptPlan.fields.payload.value.fields.protocolProjectionRequest.fields.payload.fields.context.fields.messages.value.when.right,mechanic,completed,VALUE,sda-semantic-value-graph-provider.v1,2026-10-06T04:57:24.4705086Z,2026-10-06T04:57:24.4705400Z,2026-10-06T04:57:24.921Z
1962,9316.6,9316.6,0,9769,452.4,nested edge,9 compose-governed-model-invocation-port,,cell:mechanic:request-capability-from-objective-v3.operation.9:expression.fields.payload.fields.attemptPlan.fields.payload.value.fields.protocolProjectionRequest.fields.payload.fields.context.fields.messages.value.when:dependency:result,,admitted,,,2026-10-06T04:57:24.4706023Z,2026-10-06T04:57:24.4706108Z,2026-10-06T04:57:24.923Z
1963,9316.6,9316.7,0,9773,456.3,expression,9 compose-governed-model-invocation-port,,cell:mechanic:request-capability-from-objective-v3.operation.9:expression.fields.payload.fields.attemptPlan.fields.payload.value.fields.protocolProjectionRequest.fields.payload.fields.context.fields.messages.value.when,mechanic,completed,FALSE,sda-semantic-value-graph-provider.v1,2026-10-06T04:57:24.4706643Z,2026-10-06T04:57:24.4706978Z,2026-10-06T04:57:24.927Z
1964,9316.7,9316.7,0,9775,458.2,nested edge,9 compose-governed-model-invocation-port,,cell:mechanic:request-capability-from-objective-v3.operation.9:expression.fields.payload.fields.attemptPlan.fields.payload.value.fields.protocolProjectionRequest.fields.payload.fields.context.fields.messages.value:selection:predicate,,admitted,,,2026-10-06T04:57:24.4707626Z,2026-10-06T04:57:24.4707740Z,2026-10-06T04:57:24.929Z
1965,9316.8,9316.8,0,9777,460.1,expression,9 compose-governed-model-invocation-port,,cell:mechanic:request-capability-from-objective-v3.operation.9:expression.fields.payload.fields.attemptPlan.fields.payload.value.fields.protocolProjectionRequest.fields.payload.fields.context.fields.messages.value:selection,mechanic,completed,FALSE,,2026-10-06T04:57:24.4708271Z,2026-10-06T04:57:24.4708581Z,2026-10-06T04:57:24.931Z
1966,9316.9,9316.9,0,9782,465.1,nested edge,9 compose-governed-model-invocation-port,,cell:mechanic:request-capability-from-objective-v3.operation.9:expression.fields.payload.fields.attemptPlan.fields.payload.value.fields.protocolProjectionRequest.fields.payload.fields.context.fields.messages.value:selection:false,,admitted,,,2026-10-06T04:57:24.4709281Z,2026-10-06T04:57:24.4709421Z,2026-10-06T04:57:24.936Z
1967,9317,9317,0,9786,469,expression,9 compose-governed-model-invocation-port,,cell:mechanic:request-capability-from-objective-v3.operation.9:expression.fields.payload.fields.attemptPlan.fields.payload.value.fields.protocolProjectionRequest.fields.payload.fields.context.fields.messages.value.else.items.0.fields.parts.items.0.fields.text,mechanic,completed,VALUE,sda-semantic-value-graph-provider.v1,2026-10-06T04:57:24.4710046Z,2026-10-06T04:57:24.4710393Z,2026-10-06T04:57:24.940Z
1968,9317.1,9317.1,0,9789,471.9,nested edge,9 compose-governed-model-invocation-port,,cell:mechanic:request-capability-from-objective-v3.operation.9:expression.fields.payload.fields.attemptPlan.fields.payload.value.fields.protocolProjectionRequest.fields.payload.fields.context.fields.messages.value.else.items.0.fields.parts.items.0:dependency:result,,admitted,,,2026-10-06T04:57:24.4711049Z,2026-10-06T04:57:24.4711154Z,2026-10-06T04:57:24.943Z
1969,9317.2,9317.2,0,9806,488.8,expression,9 compose-governed-model-invocation-port,,cell:mechanic:request-capability-from-objective-v3.operation.9:expression.fields.payload.fields.attemptPlan.fields.payload.value.fields.protocolProjectionRequest.fields.payload.fields.context.fields.messages.value.else.items.0.fields.parts.items.0,mechanic,completed,VALUE,sda-semantic-value-graph-provider.v1,2026-10-06T04:57:24.4711750Z,2026-10-06T04:57:24.4712105Z,2026-10-06T04:57:24.960Z
1970,9317.3,9317.3,0,9809,491.7,nested edge,9 compose-governed-model-invocation-port,,cell:mechanic:request-capability-from-objective-v3.operation.9:expression.fields.payload.fields.attemptPlan.fields.payload.value.fields.protocolProjectionRequest.fields.payload.fields.context.fields.messages.value.else.items.0.fields.parts:dependency:result,,admitted,,,2026-10-06T04:57:24.4712841Z,2026-10-06T04:57:24.4712968Z,2026-10-06T04:57:24.963Z
1971,9317.3,9317.4,0.1,9811,493.5,expression,9 compose-governed-model-invocation-port,,cell:mechanic:request-capability-from-objective-v3.operation.9:expression.fields.payload.fields.attemptPlan.fields.payload.value.fields.protocolProjectionRequest.fields.payload.fields.context.fields.messages.value.else.items.0.fields.parts,mechanic,completed,VALUE,sda-semantic-value-graph-provider.v1,2026-10-06T04:57:24.4713603Z,2026-10-06T04:57:24.4714548Z,2026-10-06T04:57:24.965Z
1972,9317.6,9317.6,0,9813,495.4,nested edge,9 compose-governed-model-invocation-port,,cell:mechanic:request-capability-from-objective-v3.operation.9:expression.fields.payload.fields.attemptPlan.fields.payload.value.fields.protocolProjectionRequest.fields.payload.fields.context.fields.messages.value.else.items.0:dependency:1,,admitted,,,2026-10-06T04:57:24.4716037Z,2026-10-06T04:57:24.4716203Z,2026-10-06T04:57:24.967Z
1973,9317.7,9317.7,0,9815,497.3,expression,9 compose-governed-model-invocation-port,,cell:mechanic:request-capability-from-objective-v3.operation.9:expression.fields.payload.fields.attemptPlan.fields.payload.value.fields.protocolProjectionRequest.fields.payload.fields.context.fields.messages.value.else.items.0.fields.role.when.left,mechanic,completed,VALUE,sda-semantic-value-graph-provider.v1,2026-10-06T04:57:24.4716994Z,2026-10-06T04:57:24.4717312Z,2026-10-06T04:57:24.969Z
1974,9317.8,9317.8,0,9819,501.2,nested edge,9 compose-governed-model-invocation-port,,cell:mechanic:request-capability-from-objective-v3.operation.9:expression.fields.payload.fields.attemptPlan.fields.payload.value.fields.protocolProjectionRequest.fields.payload.fields.context.fields.messages.value.else.items.0.fields.role.when:dependency:1,,admitted,,,2026-10-06T04:57:24.4717883Z,2026-10-06T04:57:24.4717944Z,2026-10-06T04:57:24.973Z
1975,9317.8,9317.8,0,9821,503.1,expression,9 compose-governed-model-invocation-port,,cell:mechanic:request-capability-from-objective-v3.operation.9:expression.fields.payload.fields.attemptPlan.fields.payload.value.fields.protocolProjectionRequest.fields.payload.fields.context.fields.messages.value.else.items.0.fields.role.when.right,mechanic,completed,VALUE,sda-semantic-value-graph-provider.v1,2026-10-06T04:57:24.4718449Z,2026-10-06T04:57:24.4718688Z,2026-10-06T04:57:24.975Z
1976,9317.9,9317.9,0,9826,508.1,nested edge,9 compose-governed-model-invocation-port,,cell:mechanic:request-capability-from-objective-v3.operation.9:expression.fields.payload.fields.attemptPlan.fields.payload.value.fields.protocolProjectionRequest.fields.payload.fields.context.fields.messages.value.else.items.0.fields.role.when:dependency:result,,admitted,,,2026-10-06T04:57:24.4719238Z,2026-10-06T04:57:24.4719301Z,2026-10-06T04:57:24.980Z
1977,9318,9318,0,9830,512,expression,9 compose-governed-model-invocation-port,,cell:mechanic:request-capability-from-objective-v3.operation.9:expression.fields.payload.fields.attemptPlan.fields.payload.value.fields.protocolProjectionRequest.fields.payload.fields.context.fields.messages.value.else.items.0.fields.role.when,mechanic,completed,FALSE,sda-semantic-value-graph-provider.v1,2026-10-06T04:57:24.4719796Z,2026-10-06T04:57:24.4720043Z,2026-10-06T04:57:24.984Z
1978,9318,9318,0,9833,514.9,nested edge,9 compose-governed-model-invocation-port,,cell:mechanic:request-capability-from-objective-v3.operation.9:expression.fields.payload.fields.attemptPlan.fields.payload.value.fields.protocolProjectionRequest.fields.payload.fields.context.fields.messages.value.else.items.0.fields.role:selection:predicate,,admitted,,,2026-10-06T04:57:24.4720589Z,2026-10-06T04:57:24.4720663Z,2026-10-06T04:57:24.987Z
1979,9318.1,9318.1,0,9835,516.9,expression,9 compose-governed-model-invocation-port,,cell:mechanic:request-capability-from-objective-v3.operation.9:expression.fields.payload.fields.attemptPlan.fields.payload.value.fields.protocolProjectionRequest.fields.payload.fields.context.fields.messages.value.else.items.0.fields.role:selection,mechanic,completed,FALSE,,2026-10-06T04:57:24.4721150Z,2026-10-06T04:57:24.4721343Z,2026-10-06T04:57:24.989Z
1980,9318.2,9318.2,0,9837,518.8,nested edge,9 compose-governed-model-invocation-port,,cell:mechanic:request-capability-from-objective-v3.operation.9:expression.fields.payload.fields.attemptPlan.fields.payload.value.fields.protocolProjectionRequest.fields.payload.fields.context.fields.messages.value.else.items.0.fields.role:selection:false,,admitted,,,2026-10-06T04:57:24.4721894Z,2026-10-06T04:57:24.4721959Z,2026-10-06T04:57:24.991Z
1981,9318.2,9318.2,0,9839,520.7,expression,9 compose-governed-model-invocation-port,,cell:mechanic:request-capability-from-objective-v3.operation.9:expression.fields.payload.fields.attemptPlan.fields.payload.value.fields.protocolProjectionRequest.fields.payload.fields.context.fields.messages.value.else.items.0.fields.role.else,mechanic,completed,VALUE,sda-semantic-value-graph-provider.v1,2026-10-06T04:57:24.4722466Z,2026-10-06T04:57:24.4722701Z,2026-10-06T04:57:24.993Z
1982,9318.3,9318.3,0,9841,522.7,nested edge,9 compose-governed-model-invocation-port,,cell:mechanic:request-capability-from-objective-v3.operation.9:expression.fields.payload.fields.attemptPlan.fields.payload.value.fields.protocolProjectionRequest.fields.payload.fields.context.fields.messages.value.else.items.0.fields.role:else-result,,admitted,,,2026-10-06T04:57:24.4723256Z,2026-10-06T04:57:24.4723319Z,2026-10-06T04:57:24.995Z
1983,9318.6,9318.9,0.3,9843,524.1,expression,9 compose-governed-model-invocation-port,,cell:mechanic:request-capability-from-objective-v3.operation.9:expression.fields.payload.fields.attemptPlan.fields.payload.value.fields.protocolProjectionRequest.fields.payload.fields.context.fields.messages.value.else.items.0.fields.role,mechanic,completed,VALUE,sda-semantic-value-graph-provider.v1,2026-10-06T04:57:24.4726274Z,2026-10-06T04:57:24.4729016Z,2026-10-06T04:57:24.997Z
1984,9318.9,9319,0,9845,526,nested edge,9 compose-governed-model-invocation-port,,cell:mechanic:request-capability-from-objective-v3.operation.9:expression.fields.payload.fields.attemptPlan.fields.payload.value.fields.protocolProjectionRequest.fields.payload.fields.context.fields.messages.value.else.items.0:dependency:result,,admitted,,,2026-10-06T04:57:24.4729723Z,2026-10-06T04:57:24.4729802Z,2026-10-06T04:57:24.999Z
1985,9319,9319.1,0,9847,527.9,expression,9 compose-governed-model-invocation-port,,cell:mechanic:request-capability-from-objective-v3.operation.9:expression.fields.payload.fields.attemptPlan.fields.payload.value.fields.protocolProjectionRequest.fields.payload.fields.context.fields.messages.value.else.items.0,mechanic,completed,VALUE,sda-semantic-value-graph-provider.v1,2026-10-06T04:57:24.4730368Z,2026-10-06T04:57:24.4730760Z,2026-10-06T04:57:25.001Z
1986,9319.1,9319.2,0,9849,529.8,nested edge,9 compose-governed-model-invocation-port,,cell:mechanic:request-capability-from-objective-v3.operation.9:expression.fields.payload.fields.attemptPlan.fields.payload.value.fields.protocolProjectionRequest.fields.payload.fields.context.fields.messages.value.else:dependency:result,,admitted,,,2026-10-06T04:57:24.4731587Z,2026-10-06T04:57:24.4731752Z,2026-10-06T04:57:25.003Z
1987,9319.2,9319.3,0,9851,531.7,expression,9 compose-governed-model-invocation-port,,cell:mechanic:request-capability-from-objective-v3.operation.9:expression.fields.payload.fields.attemptPlan.fields.payload.value.fields.protocolProjectionRequest.fields.payload.fields.context.fields.messages.value.else,mechanic,completed,VALUE,sda-semantic-value-graph-provider.v1,2026-10-06T04:57:24.4732348Z,2026-10-06T04:57:24.4732812Z,2026-10-06T04:57:25.005Z
1988,9319.4,9319.4,0,9853,533.6,nested edge,9 compose-governed-model-invocation-port,,cell:mechanic:request-capability-from-objective-v3.operation.9:expression.fields.payload.fields.attemptPlan.fields.payload.value.fields.protocolProjectionRequest.fields.payload.fields.context.fields.messages.value:else-result,,admitted,,,2026-10-06T04:57:24.4734204Z,2026-10-06T04:57:24.4734384Z,2026-10-06T04:57:25.007Z
1989,9319.5,9319.5,0,9855,535.5,expression,9 compose-governed-model-invocation-port,,cell:mechanic:request-capability-from-objective-v3.operation.9:expression.fields.payload.fields.attemptPlan.fields.payload.value.fields.protocolProjectionRequest.fields.payload.fields.context.fields.messages.value,mechanic,completed,VALUE,sda-semantic-value-graph-provider.v1,2026-10-06T04:57:24.4734970Z,2026-10-06T04:57:24.4735321Z,2026-10-06T04:57:25.009Z
1990,9319.6,9319.6,0,9858,538.4,nested edge,9 compose-governed-model-invocation-port,,cell:mechanic:request-capability-from-objective-v3.operation.9:expression.fields.payload.fields.attemptPlan.fields.payload.value.fields.protocolProjectionRequest.fields.payload.fields.context.fields.messages:dependency:result,,admitted,,,2026-10-06T04:57:24.4735991Z,2026-10-06T04:57:24.4736126Z,2026-10-06T04:57:25.012Z
1991,9319.6,9319.7,0.1,9860,540.3,expression,9 compose-governed-model-invocation-port,,cell:mechanic:request-capability-from-objective-v3.operation.9:expression.fields.payload.fields.attemptPlan.fields.payload.value.fields.protocolProjectionRequest.fields.payload.fields.context.fields.messages,mechanic,completed,CONTINUE,sda-semantic-value-graph-provider.v1,2026-10-06T04:57:24.4736658Z,2026-10-06T04:57:24.4737294Z,2026-10-06T04:57:25.014Z
1992,9319.8,9319.8,0,9862,542.2,nested edge,9 compose-governed-model-invocation-port,,cell:mechanic:request-capability-from-objective-v3.operation.9:expression.fields.payload.fields.attemptPlan.fields.payload.value.fields.protocolProjectionRequest.fields.payload.fields.context.fields.messages:recur,,admitted,,,2026-10-06T04:57:24.4738020Z,2026-10-06T04:57:24.4738193Z,2026-10-06T04:57:25.016Z
1993,9319.9,9319.9,0.1,9865,545.1,expression,9 compose-governed-model-invocation-port,,cell:mechanic:request-capability-from-objective-v3.operation.9:expression.fields.payload.fields.attemptPlan.fields.payload.value.fields.protocolProjectionRequest.fields.payload.fields.context.fields.messages,mechanic,completed,CONTINUE,sda-semantic-value-graph-provider.v1,2026-10-06T04:57:24.4738780Z,2026-10-06T04:57:24.4739438Z,2026-10-06T04:57:25.019Z
1994,9320,9320,0,9867,546.9,nested edge,9 compose-governed-model-invocation-port,,cell:mechanic:request-capability-from-objective-v3.operation.9:expression.fields.payload.fields.attemptPlan.fields.payload.value.fields.protocolProjectionRequest.fields.payload.fields.context.fields.messages:recur,,admitted,,,2026-10-06T04:57:24.4740339Z,2026-10-06T04:57:24.4740540Z,2026-10-06T04:57:25.021Z
1995,9320.1,9320.2,0.1,9869,548.7,expression,9 compose-governed-model-invocation-port,,cell:mechanic:request-capability-from-objective-v3.operation.9:expression.fields.payload.fields.attemptPlan.fields.payload.value.fields.protocolProjectionRequest.fields.payload.fields.context.fields.messages,mechanic,completed,STOP,sda-semantic-value-graph-provider.v1,2026-10-06T04:57:24.4741156Z,2026-10-06T04:57:24.4742536Z,2026-10-06T04:57:25.023Z
1996,9320.3,9320.3,0,9871,550.7,nested edge,9 compose-governed-model-invocation-port,,cell:mechanic:request-capability-from-objective-v3.operation.9:expression.fields.payload.fields.attemptPlan.fields.payload.value.fields.protocolProjectionRequest.fields.payload.fields.context:dependency:2,,admitted,,,2026-10-06T04:57:24.4743241Z,2026-10-06T04:57:24.4743399Z,2026-10-06T04:57:25.025Z
1997,9320.4,9320.4,0,9873,552.6,expression,9 compose-governed-model-invocation-port,,cell:mechanic:request-capability-from-objective-v3.operation.9:expression.fields.payload.fields.attemptPlan.fields.payload.value.fields.protocolProjectionRequest.fields.payload.fields.context.fields.responseSchema,mechanic,completed,VALUE,sda-semantic-value-graph-provider.v1,2026-10-06T04:57:24.4743926Z,2026-10-06T04:57:24.4744294Z,2026-10-06T04:57:25.027Z
1998,9320.5,9320.5,0,9875,554.5,nested edge,9 compose-governed-model-invocation-port,,cell:mechanic:request-capability-from-objective-v3.operation.9:expression.fields.payload.fields.attemptPlan.fields.payload.value.fields.protocolProjectionRequest.fields.payload.fields.context:dependency:3,,admitted,,,2026-10-06T04:57:24.4744907Z,2026-10-06T04:57:24.4745005Z,2026-10-06T04:57:25.029Z
1999,9320.5,9320.6,0,9877,556.4,expression,9 compose-governed-model-invocation-port,,cell:mechanic:request-capability-from-objective-v3.operation.9:expression.fields.payload.fields.attemptPlan.fields.payload.value.fields.protocolProjectionRequest.fields.payload.fields.context.fields.systemInstruction.when.left,mechanic,completed,VALUE,sda-semantic-value-graph-provider.v1,2026-10-06T04:57:24.4745512Z,2026-10-06T04:57:24.4745785Z,2026-10-06T04:57:25.031Z
2000,9320.6,9320.6,0,9880,559.4,nested edge,9 compose-governed-model-invocation-port,,cell:mechanic:request-capability-from-objective-v3.operation.9:expression.fields.payload.fields.attemptPlan.fields.payload.value.fields.protocolProjectionRequest.fields.payload.fields.context.fields.systemInstruction.when:dependency:1,,admitted,,,2026-10-06T04:57:24.4746373Z,2026-10-06T04:57:24.4746443Z,2026-10-06T04:57:25.034Z
2001,9320.7,9320.7,0,9882,561.3,expression,9 compose-governed-model-invocation-port,,cell:mechanic:request-capability-from-objective-v3.operation.9:expression.fields.payload.fields.attemptPlan.fields.payload.value.fields.protocolProjectionRequest.fields.payload.fields.context.fields.systemInstruction.when.right,mechanic,completed,VALUE,sda-semantic-value-graph-provider.v1,2026-10-06T04:57:24.4746952Z,2026-10-06T04:57:24.4747199Z,2026-10-06T04:57:25.036Z
2002,9320.8,9320.8,0,9884,563.2,nested edge,9 compose-governed-model-invocation-port,,cell:mechanic:request-capability-from-objective-v3.operation.9:expression.fields.payload.fields.attemptPlan.fields.payload.value.fields.protocolProjectionRequest.fields.payload.fields.context.fields.systemInstruction.when:dependency:result,,admitted,,,2026-10-06T04:57:24.4747751Z,2026-10-06T04:57:24.4747815Z,2026-10-06T04:57:25.038Z
2003,9320.8,9320.8,0,9907,586.1,expression,9 compose-governed-model-invocation-port,,cell:mechanic:request-capability-from-objective-v3.operation.9:expression.fields.payload.fields.attemptPlan.fields.payload.value.fields.protocolProjectionRequest.fields.payload.fields.context.fields.systemInstruction.when,mechanic,completed,FALSE,sda-semantic-value-graph-provider.v1,2026-10-06T04:57:24.4748333Z,2026-10-06T04:57:24.4748590Z,2026-10-06T04:57:25.061Z
2004,9320.9,9320.9,0,9913,592.1,nested edge,9 compose-governed-model-invocation-port,,cell:mechanic:request-capability-from-objective-v3.operation.9:expression.fields.payload.fields.attemptPlan.fields.payload.value.fields.protocolProjectionRequest.fields.payload.fields.context.fields.systemInstruction:selection:predicate,,admitted,,,2026-10-06T04:57:24.4749191Z,2026-10-06T04:57:24.4749254Z,2026-10-06T04:57:25.067Z
2005,9321,9321,0,9916,595,expression,9 compose-governed-model-invocation-port,,cell:mechanic:request-capability-from-objective-v3.operation.9:expression.fields.payload.fields.attemptPlan.fields.payload.value.fields.protocolProjectionRequest.fields.payload.fields.context.fields.systemInstruction:selection,mechanic,completed,FALSE,,2026-10-06T04:57:24.4749773Z,2026-10-06T04:57:24.4749978Z,2026-10-06T04:57:25.070Z
2006,9321.2,9321.2,0,9919,597.8,nested edge,9 compose-governed-model-invocation-port,,cell:mechanic:request-capability-from-objective-v3.operation.9:expression.fields.payload.fields.attemptPlan.fields.payload.value.fields.protocolProjectionRequest.fields.payload.fields.context.fields.systemInstruction:selection:false,,admitted,,,2026-10-06T04:57:24.4752211Z,2026-10-06T04:57:24.4752369Z,2026-10-06T04:57:25.073Z
2007,9321.3,9321.3,0,9922,600.7,expression,9 compose-governed-model-invocation-port,,cell:mechanic:request-capability-from-objective-v3.operation.9:expression.fields.payload.fields.attemptPlan.fields.payload.value.fields.protocolProjectionRequest.fields.payload.fields.context.fields.systemInstruction.else,mechanic,completed,VALUE,sda-semantic-value-graph-provider.v1,2026-10-06T04:57:24.4753049Z,2026-10-06T04:57:24.4753372Z,2026-10-06T04:57:25.076Z
2008,9321.4,9321.4,0,9925,603.6,nested edge,9 compose-governed-model-invocation-port,,cell:mechanic:request-capability-from-objective-v3.operation.9:expression.fields.payload.fields.attemptPlan.fields.payload.value.fields.protocolProjectionRequest.fields.payload.fields.context.fields.systemInstruction:else-result,,admitted,,,2026-10-06T04:57:24.4754017Z,2026-10-06T04:57:24.4754101Z,2026-10-06T04:57:25.079Z
2009,9321.4,9321.5,0,9927,605.5,expression,9 compose-governed-model-invocation-port,,cell:mechanic:request-capability-from-objective-v3.operation.9:expression.fields.payload.fields.attemptPlan.fields.payload.value.fields.protocolProjectionRequest.fields.payload.fields.context.fields.systemInstruction,mechanic,completed,VALUE,sda-semantic-value-graph-provider.v1,2026-10-06T04:57:24.4754642Z,2026-10-06T04:57:24.4754885Z,2026-10-06T04:57:25.081Z
2010,9321.5,9321.5,0,9930,608.4,nested edge,9 compose-governed-model-invocation-port,,cell:mechanic:request-capability-from-objective-v3.operation.9:expression.fields.payload.fields.attemptPlan.fields.payload.value.fields.protocolProjectionRequest.fields.payload.fields.context:dependency:4,,admitted,,,2026-10-06T04:57:24.4755464Z,2026-10-06T04:57:24.4755540Z,2026-10-06T04:57:25.084Z
2011,9321.6,9321.6,0,9933,611.4,expression,9 compose-governed-model-invocation-port,,cell:mechanic:request-capability-from-objective-v3.operation.9:expression.fields.payload.fields.attemptPlan.fields.payload.value.fields.protocolProjectionRequest.fields.payload.fields.context.fields.temperature,mechanic,completed,VALUE,sda-semantic-value-graph-provider.v1,2026-10-06T04:57:24.4756191Z,2026-10-06T04:57:24.4756500Z,2026-10-06T04:57:25.087Z
2012,9321.7,9321.7,0,9936,614.3,nested edge,9 compose-governed-model-invocation-port,,cell:mechanic:request-capability-from-objective-v3.operation.9:expression.fields.payload.fields.attemptPlan.fields.payload.value.fields.protocolProjectionRequest.fields.payload.fields.context:dependency:result,,admitted,,,2026-10-06T04:57:24.4757141Z,2026-10-06T04:57:24.4757273Z,2026-10-06T04:57:25.090Z
2013,9321.8,9321.8,0.1,9939,617.1,expression,9 compose-governed-model-invocation-port,,cell:mechanic:request-capability-from-objective-v3.operation.9:expression.fields.payload.fields.attemptPlan.fields.payload.value.fields.protocolProjectionRequest.fields.payload.fields.context,mechanic,completed,VALUE,sda-semantic-value-graph-provider.v1,2026-10-06T04:57:24.4757856Z,2026-10-06T04:57:24.4758587Z,2026-10-06T04:57:25.093Z
2014,9321.9,9321.9,0,9941,619,nested edge,9 compose-governed-model-invocation-port,,cell:mechanic:request-capability-from-objective-v3.operation.9:expression.fields.payload.fields.attemptPlan.fields.payload.value.fields.protocolProjectionRequest.fields.payload:dependency:2,,admitted,,,2026-10-06T04:57:24.4759330Z,2026-10-06T04:57:24.4759563Z,2026-10-06T04:57:25.095Z
2015,9322,9322,0.1,9946,623.9,expression,9 compose-governed-model-invocation-port,,cell:mechanic:request-capability-from-objective-v3.operation.9:expression.fields.payload.fields.attemptPlan.fields.payload.value.fields.protocolProjectionRequest.fields.payload.fields.providerKind,mechanic,completed,VALUE,sda-semantic-value-graph-provider.v1,2026-10-06T04:57:24.4760096Z,2026-10-06T04:57:24.4760598Z,2026-10-06T04:57:25.100Z
2016,9322.1,9322.1,0,9949,626.9,nested edge,9 compose-governed-model-invocation-port,,cell:mechanic:request-capability-from-objective-v3.operation.9:expression.fields.payload.fields.attemptPlan.fields.payload.value.fields.protocolProjectionRequest.fields.payload:dependency:3,,admitted,,,2026-10-06T04:57:24.4761297Z,2026-10-06T04:57:24.4761409Z,2026-10-06T04:57:25.103Z
2017,9322.2,9322.2,0,9951,628.8,expression,9 compose-governed-model-invocation-port,,cell:mechanic:request-capability-from-objective-v3.operation.9:expression.fields.payload.fields.attemptPlan.fields.payload.value.fields.protocolProjectionRequest.fields.payload.fields.requestType.when.left,mechanic,completed,VALUE,sda-semantic-value-graph-provider.v1,2026-10-06T04:57:24.4761985Z,2026-10-06T04:57:24.4762444Z,2026-10-06T04:57:25.105Z
2018,9322.3,9322.4,0,9957,634.6,nested edge,9 compose-governed-model-invocation-port,,cell:mechanic:request-capability-from-objective-v3.operation.9:expression.fields.payload.fields.attemptPlan.fields.payload.value.fields.protocolProjectionRequest.fields.payload.fields.requestType.when:dependency:1,,admitted,,,2026-10-06T04:57:24.4763551Z,2026-10-06T04:57:24.4763770Z,2026-10-06T04:57:25.111Z
2019,9322.6,9322.6,0,9961,638.3,expression,9 compose-governed-model-invocation-port,,cell:mechanic:request-capability-from-objective-v3.operation.9:expression.fields.payload.fields.attemptPlan.fields.payload.value.fields.protocolProjectionRequest.fields.payload.fields.requestType.when.right,mechanic,completed,VALUE,sda-semantic-value-graph-provider.v1,2026-10-06T04:57:24.4766325Z,2026-10-06T04:57:24.4766684Z,2026-10-06T04:57:25.115Z
2020,9322.7,9322.7,0,9963,640.2,nested edge,9 compose-governed-model-invocation-port,,cell:mechanic:request-capability-from-objective-v3.operation.9:expression.fields.payload.fields.attemptPlan.fields.payload.value.fields.protocolProjectionRequest.fields.payload.fields.requestType.when:dependency:result,,admitted,,,2026-10-06T04:57:24.4767615Z,2026-10-06T04:57:24.4767699Z,2026-10-06T04:57:25.117Z
2021,9322.8,9322.8,0,9969,646.1,expression,9 compose-governed-model-invocation-port,,cell:mechanic:request-capability-from-objective-v3.operation.9:expression.fields.payload.fields.attemptPlan.fields.payload.value.fields.protocolProjectionRequest.fields.payload.fields.requestType.when,mechanic,completed,TRUE,sda-semantic-value-graph-provider.v1,2026-10-06T04:57:24.4768396Z,2026-10-06T04:57:24.4768720Z,2026-10-06T04:57:25.123Z
2022,9322.9,9322.9,0,9972,649.1,nested edge,9 compose-governed-model-invocation-port,,cell:mechanic:request-capability-from-objective-v3.operation.9:expression.fields.payload.fields.attemptPlan.fields.payload.value.fields.protocolProjectionRequest.fields.payload.fields.requestType:selection:predicate,,admitted,,,2026-10-06T04:57:24.4769305Z,2026-10-06T04:57:24.4769384Z,2026-10-06T04:57:25.126Z
2023,9323,9323,0,9977,654,expression,9 compose-governed-model-invocation-port,,cell:mechanic:request-capability-from-objective-v3.operation.9:expression.fields.payload.fields.attemptPlan.fields.payload.value.fields.protocolProjectionRequest.fields.payload.fields.requestType:selection,mechanic,completed,TRUE,,2026-10-06T04:57:24.4769915Z,2026-10-06T04:57:24.4770151Z,2026-10-06T04:57:25.131Z
2024,9323,9323.1,0,9979,655.9,nested edge,9 compose-governed-model-invocation-port,,cell:mechanic:request-capability-from-objective-v3.operation.9:expression.fields.payload.fields.attemptPlan.fields.payload.value.fields.protocolProjectionRequest.fields.payload.fields.requestType:selection:true,,admitted,,,2026-10-06T04:57:24.4770707Z,2026-10-06T04:57:24.4770815Z,2026-10-06T04:57:25.133Z
2025,9323.1,9323.1,0,9983,659.8,expression,9 compose-governed-model-invocation-port,,cell:mechanic:request-capability-from-objective-v3.operation.9:expression.fields.payload.fields.attemptPlan.fields.payload.value.fields.protocolProjectionRequest.fields.payload.fields.requestType.then,mechanic,completed,VALUE,sda-semantic-value-graph-provider.v1,2026-10-06T04:57:24.4771353Z,2026-10-06T04:57:24.4771663Z,2026-10-06T04:57:25.137Z
2026,9323.2,9323.2,0,9987,663.8,nested edge,9 compose-governed-model-invocation-port,,cell:mechanic:request-capability-from-objective-v3.operation.9:expression.fields.payload.fields.attemptPlan.fields.payload.value.fields.protocolProjectionRequest.fields.payload.fields.requestType:then-result,,admitted,,,2026-10-06T04:57:24.4772338Z,2026-10-06T04:57:24.4772456Z,2026-10-06T04:57:25.141Z
2027,9323.3,9323.3,0,9990,666.7,expression,9 compose-governed-model-invocation-port,,cell:mechanic:request-capability-from-objective-v3.operation.9:expression.fields.payload.fields.attemptPlan.fields.payload.value.fields.protocolProjectionRequest.fields.payload.fields.requestType,mechanic,completed,VALUE,sda-semantic-value-graph-provider.v1,2026-10-06T04:57:24.4773042Z,2026-10-06T04:57:24.4773358Z,2026-10-06T04:57:25.144Z
2028,9323.4,9323.4,0,9996,672.6,nested edge,9 compose-governed-model-invocation-port,,cell:mechanic:request-capability-from-objective-v3.operation.9:expression.fields.payload.fields.attemptPlan.fields.payload.value.fields.protocolProjectionRequest.fields.payload:dependency:result,,admitted,,,2026-10-06T04:57:24.4773982Z,2026-10-06T04:57:24.4774084Z,2026-10-06T04:57:25.150Z
2029,9323.4,9323.5,0.1,10003,679.5,expression,9 compose-governed-model-invocation-port,,cell:mechanic:request-capability-from-objective-v3.operation.9:expression.fields.payload.fields.attemptPlan.fields.payload.value.fields.protocolProjectionRequest.fields.payload,mechanic,completed,VALUE,sda-semantic-value-graph-provider.v1,2026-10-06T04:57:24.4774598Z,2026-10-06T04:57:24.4775312Z,2026-10-06T04:57:25.157Z
2030,9323.6,9323.6,0,10006,682.4,nested edge,9 compose-governed-model-invocation-port,,cell:mechanic:request-capability-from-objective-v3.operation.9:expression.fields.payload.fields.attemptPlan.fields.payload.value.fields.protocolProjectionRequest:dependency:result,,admitted,,,2026-10-06T04:57:24.4776082Z,2026-10-06T04:57:24.4776339Z,2026-10-06T04:57:25.160Z
2031,9323.7,9323.7,0.1,10009,685.2,expression,9 compose-governed-model-invocation-port,,cell:mechanic:request-capability-from-objective-v3.operation.9:expression.fields.payload.fields.attemptPlan.fields.payload.value.fields.protocolProjectionRequest,mechanic,completed,VALUE,sda-semantic-value-graph-provider.v1,2026-10-06T04:57:24.4776898Z,2026-10-06T04:57:24.4777729Z,2026-10-06T04:57:25.163Z
2032,9323.9,9323.9,0,10012,688,nested edge,9 compose-governed-model-invocation-port,,cell:mechanic:request-capability-from-objective-v3.operation.9:expression.fields.payload.fields.attemptPlan.fields.payload.value:dependency:8,,admitted,,,2026-10-06T04:57:24.4779313Z,2026-10-06T04:57:24.4779596Z,2026-10-06T04:57:25.166Z
2033,9324,9324,0,10018,693.9,expression,9 compose-governed-model-invocation-port,,cell:mechanic:request-capability-from-objective-v3.operation.9:expression.fields.payload.fields.attemptPlan.fields.payload.value.fields.credentialReference,mechanic,completed,VALUE,sda-semantic-value-graph-provider.v1,2026-10-06T04:57:24.4780083Z,2026-10-06T04:57:24.4780522Z,2026-10-06T04:57:25.172Z
2034,9324.1,9324.1,0,10021,696.9,nested edge,9 compose-governed-model-invocation-port,,cell:mechanic:request-capability-from-objective-v3.operation.9:expression.fields.payload.fields.attemptPlan.fields.payload.value:dependency:9,,admitted,,,2026-10-06T04:57:24.4781269Z,2026-10-06T04:57:24.4781397Z,2026-10-06T04:57:25.175Z
2035,9324.4,9324.5,0,10028,703.5,expression,9 compose-governed-model-invocation-port,,cell:mechanic:request-capability-from-objective-v3.operation.9:expression.fields.payload.fields.attemptPlan.fields.payload.value.fields.endpointAuthorityDigest,mechanic,completed,VALUE,sda-semantic-value-graph-provider.v1,2026-10-06T04:57:24.4784327Z,2026-10-06T04:57:24.4784750Z,2026-10-06T04:57:25.182Z
2036,9324.8,9324.8,0,10030,705.2,nested edge,9 compose-governed-model-invocation-port,,cell:mechanic:request-capability-from-objective-v3.operation.9:expression.fields.payload.fields.attemptPlan.fields.payload.value:dependency:10,,admitted,,,2026-10-06T04:57:24.4787867Z,2026-10-06T04:57:24.4788035Z,2026-10-06T04:57:25.184Z
2037,9324.8,9324.9,0,10033,708.1,expression,9 compose-governed-model-invocation-port,,cell:mechanic:request-capability-from-objective-v3.operation.9:expression.fields.payload.fields.attemptPlan.fields.payload.value.fields.endpointUrl.values.model,mechanic,completed,VALUE,sda-semantic-value-graph-provider.v1,2026-10-06T04:57:24.4788548Z,2026-10-06T04:57:24.4788846Z,2026-10-06T04:57:25.187Z
2038,9324.9,9324.9,0,10038,713.1,nested edge,9 compose-governed-model-invocation-port,,cell:mechanic:request-capability-from-objective-v3.operation.9:expression.fields.payload.fields.attemptPlan.fields.payload.value.fields.endpointUrl:dependency:result,,admitted,,,2026-10-06T04:57:24.4789399Z,2026-10-06T04:57:24.4789464Z,2026-10-06T04:57:25.192Z
2039,9325,9325,0,10041,716,expression,9 compose-governed-model-invocation-port,,cell:mechanic:request-capability-from-objective-v3.operation.9:expression.fields.payload.fields.attemptPlan.fields.payload.value.fields.endpointUrl,mechanic,completed,VALUE,sda-semantic-value-graph-provider.v1,2026-10-06T04:57:24.4789877Z,2026-10-06T04:57:24.4790217Z,2026-10-06T04:57:25.195Z
2040,9325.1,9325.1,0,10044,718.9,nested edge,9 compose-governed-model-invocation-port,,cell:mechanic:request-capability-from-objective-v3.operation.9:expression.fields.payload.fields.attemptPlan.fields.payload.value:dependency:11,,admitted,,,2026-10-06T04:57:24.4790800Z,2026-10-06T04:57:24.4790875Z,2026-10-06T04:57:25.198Z
2041,9325.1,9325.1,0,10047,721.8,expression,9 compose-governed-model-invocation-port,,cell:mechanic:request-capability-from-objective-v3.operation.9:expression.fields.payload.fields.attemptPlan.fields.payload.value.fields.responseFormat,mechanic,completed,VALUE,sda-semantic-value-graph-provider.v1,2026-10-06T04:57:24.4791284Z,2026-10-06T04:57:24.4791556Z,2026-10-06T04:57:25.201Z
2042,9325.2,9325.2,0,10050,724.8,nested edge,9 compose-governed-model-invocation-port,,cell:mechanic:request-capability-from-objective-v3.operation.9:expression.fields.payload.fields.attemptPlan.fields.payload.value:dependency:12,,admitted,,,2026-10-06T04:57:24.4792101Z,2026-10-06T04:57:24.4792172Z,2026-10-06T04:57:25.204Z
2043,9325.2,9325.3,0,10054,728.7,expression,9 compose-governed-model-invocation-port,,cell:mechanic:request-capability-from-objective-v3.operation.9:expression.fields.payload.fields.attemptPlan.fields.payload.value.fields.timeoutMilliseconds,mechanic,completed,VALUE,sda-semantic-value-graph-provider.v1,2026-10-06T04:57:24.4792606Z,2026-10-06T04:57:24.4792907Z,2026-10-06T04:57:25.208Z
2044,9325.3,9325.3,0,10056,730.6,nested edge,9 compose-governed-model-invocation-port,,cell:mechanic:request-capability-from-objective-v3.operation.9:expression.fields.payload.fields.attemptPlan.fields.payload.value:dependency:13,,admitted,,,2026-10-06T04:57:24.4793455Z,2026-10-06T04:57:24.4793563Z,2026-10-06T04:57:25.210Z
2045,9325.4,9325.5,0.1,10059,733.5,expression,9 compose-governed-model-invocation-port,,cell:mechanic:request-capability-from-objective-v3.operation.9:expression.fields.payload.fields.attemptPlan.fields.payload.value.fields.cancellationScopeReference,mechanic,completed,VALUE,sda-semantic-value-graph-provider.v1,2026-10-06T04:57:24.4794056Z,2026-10-06T04:57:24.4795037Z,2026-10-06T04:57:25.213Z
2046,9325.5,9325.6,0,10061,735.4,nested edge,9 compose-governed-model-invocation-port,,cell:mechanic:request-capability-from-objective-v3.operation.9:expression.fields.payload.fields.attemptPlan.fields.payload.value:dependency:14,,admitted,,,2026-10-06T04:57:24.4795715Z,2026-10-06T04:57:24.4795841Z,2026-10-06T04:57:25.215Z
2047,9325.6,9325.7,0,10063,737.3,expression,9 compose-governed-model-invocation-port,,cell:mechanic:request-capability-from-objective-v3.operation.9:expression.fields.payload.fields.attemptPlan.fields.payload.value.fields.maxResponseBytes,mechanic,completed,VALUE,sda-semantic-value-graph-provider.v1,2026-10-06T04:57:24.4796434Z,2026-10-06T04:57:24.4796754Z,2026-10-06T04:57:25.217Z
2048,9325.7,9325.7,0,10069,743.3,nested edge,9 compose-governed-model-invocation-port,,cell:mechanic:request-capability-from-objective-v3.operation.9:expression.fields.payload.fields.attemptPlan.fields.payload.value:dependency:15,,admitted,,,2026-10-06T04:57:24.4797338Z,2026-10-06T04:57:24.4797414Z,2026-10-06T04:57:25.223Z
2049,9325.8,9325.8,0,10072,746.2,expression,9 compose-governed-model-invocation-port,,cell:mechanic:request-capability-from-objective-v3.operation.9:expression.fields.payload.fields.attemptPlan.fields.payload.value.fields.allowedResponseHeaders.items.0,mechanic,completed,VALUE,sda-semantic-value-graph-provider.v1,2026-10-06T04:57:24.4797832Z,2026-10-06T04:57:24.4798189Z,2026-10-06T04:57:25.226Z
2050,9325.9,9325.9,0,10075,749.1,nested edge,9 compose-governed-model-invocation-port,,cell:mechanic:request-capability-from-objective-v3.operation.9:expression.fields.payload.fields.attemptPlan.fields.payload.value.fields.allowedResponseHeaders:dependency:1,,admitted,,,2026-10-06T04:57:24.4798744Z,2026-10-06T04:57:24.4798836Z,2026-10-06T04:57:25.229Z
2051,9325.9,9325.9,0,10078,752,expression,9 compose-governed-model-invocation-port,,cell:mechanic:request-capability-from-objective-v3.operation.9:expression.fields.payload.fields.attemptPlan.fields.payload.value.fields.allowedResponseHeaders.items.1,mechanic,completed,VALUE,sda-semantic-value-graph-provider.v1,2026-10-06T04:57:24.4799271Z,2026-10-06T04:57:24.4799532Z,2026-10-06T04:57:25.232Z
2052,9326,9326,0,10082,756,nested edge,9 compose-governed-model-invocation-port,,cell:mechanic:request-capability-from-objective-v3.operation.9:expression.fields.payload.fields.attemptPlan.fields.payload.value.fields.allowedResponseHeaders:dependency:result,,admitted,,,2026-10-06T04:57:24.4800046Z,2026-10-06T04:57:24.4800111Z,2026-10-06T04:57:25.236Z
2053,9326,9326.1,0,10084,757.9,expression,9 compose-governed-model-invocation-port,,cell:mechanic:request-capability-from-objective-v3.operation.9:expression.fields.payload.fields.attemptPlan.fields.payload.value.fields.allowedResponseHeaders,mechanic,completed,VALUE,sda-semantic-value-graph-provider.v1,2026-10-06T04:57:24.4800499Z,2026-10-06T04:57:24.4800784Z,2026-10-06T04:57:25.238Z
2054,9326.1,9326.1,0,10088,761.9,nested edge,9 compose-governed-model-invocation-port,,cell:mechanic:request-capability-from-objective-v3.operation.9:expression.fields.payload.fields.attemptPlan.fields.payload.value:dependency:16,,admitted,,,2026-10-06T04:57:24.4801367Z,2026-10-06T04:57:24.4801480Z,2026-10-06T04:57:25.242Z
2055,9326.2,9326.2,0,10090,763.8,expression,9 compose-governed-model-invocation-port,,cell:mechanic:request-capability-from-objective-v3.operation.9:expression.fields.payload.fields.attemptPlan.fields.payload.value.fields.requestLineage,mechanic,completed,VALUE,sda-semantic-value-graph-provider.v1,2026-10-06T04:57:24.4801948Z,2026-10-06T04:57:24.4802258Z,2026-10-06T04:57:25.244Z
2056,9326.3,9326.3,0,10094,767.7,nested edge,9 compose-governed-model-invocation-port,,cell:mechanic:request-capability-from-objective-v3.operation.9:expression.fields.payload.fields.attemptPlan.fields.payload.value:dependency:result,,admitted,,,2026-10-06T04:57:24.4802834Z,2026-10-06T04:57:24.4802934Z,2026-10-06T04:57:25.248Z
2057,9326.3,9326.4,0.1,10097,770.6,expression,9 compose-governed-model-invocation-port,,cell:mechanic:request-capability-from-objective-v3.operation.9:expression.fields.payload.fields.attemptPlan.fields.payload.value,mechanic,completed,VALUE,sda-semantic-value-graph-provider.v1,2026-10-06T04:57:24.4803385Z,2026-10-06T04:57:24.4804363Z,2026-10-06T04:57:25.251Z
2058,9326.5,9326.5,0,10101,774.4,nested edge,9 compose-governed-model-invocation-port,,cell:mechanic:request-capability-from-objective-v3.operation.9:expression.fields.payload.fields.attemptPlan.fields.payload:dependency:result,,admitted,,,2026-10-06T04:57:24.4805202Z,2026-10-06T04:57:24.4805564Z,2026-10-06T04:57:25.255Z
2059,9326.6,9326.7,0.1,10103,776.2,expression,9 compose-governed-model-invocation-port,,cell:mechanic:request-capability-from-objective-v3.operation.9:expression.fields.payload.fields.attemptPlan.fields.payload,mechanic,completed,VALUE,sda-semantic-value-graph-provider.v1,2026-10-06T04:57:24.4806153Z,2026-10-06T04:57:24.4807540Z,2026-10-06T04:57:25.257Z
2060,9326.8,9326.9,0,10106,779.1,nested edge,9 compose-governed-model-invocation-port,,cell:mechanic:request-capability-from-objective-v3.operation.9:expression.fields.payload.fields.attemptPlan:dependency:result,,admitted,,,2026-10-06T04:57:24.4808727Z,2026-10-06T04:57:24.4809097Z,2026-10-06T04:57:25.260Z
2061,9326.9,9327.1,0.1,10109,781.9,expression,9 compose-governed-model-invocation-port,,cell:mechanic:request-capability-from-objective-v3.operation.9:expression.fields.payload.fields.attemptPlan,mechanic,completed,VALUE,sda-semantic-value-graph-provider.v1,2026-10-06T04:57:24.4809607Z,2026-10-06T04:57:24.4811058Z,2026-10-06T04:57:25.263Z
2062,9327.2,9327.2,0,10112,784.8,nested edge,9 compose-governed-model-invocation-port,,cell:mechanic:request-capability-from-objective-v3.operation.9:expression.fields.payload:dependency:result,,admitted,,,2026-10-06T04:57:24.4812060Z,2026-10-06T04:57:24.4812410Z,2026-10-06T04:57:25.266Z
2063,9327.3,9327.4,0.1,10116,788.6,expression,9 compose-governed-model-invocation-port,,cell:mechanic:request-capability-from-objective-v3.operation.9:expression.fields.payload,mechanic,completed,VALUE,sda-semantic-value-graph-provider.v1,2026-10-06T04:57:24.4812823Z,2026-10-06T04:57:24.4814038Z,2026-10-06T04:57:25.270Z
2064,9327.5,9327.5,0,10119,791.5,nested edge,9 compose-governed-model-invocation-port,,cell:mechanic:request-capability-from-objective-v3.operation.9:expression:dependency:result,,admitted,,,2026-10-06T04:57:24.4814856Z,2026-10-06T04:57:24.4815163Z,2026-10-06T04:57:25.273Z
2065,9327.5,9327.7,0.1,10124,796.3,expression,9 compose-governed-model-invocation-port,,cell:mechanic:request-capability-from-objective-v3.operation.9:expression,mechanic,completed,VALUE,sda-semantic-value-graph-provider.v1,2026-10-06T04:57:24.4815560Z,2026-10-06T04:57:24.4816743Z,2026-10-06T04:57:25.278Z
2066,9327.7,9327.8,0,10127,799.2,nested edge,9 compose-governed-model-invocation-port,,edge:return:cell:mechanic:request-capability-from-objective-v3.operation.9:expression:cell:mechanic:request-capability-from-objective-v3.operation.9:0,,admitted,,,2026-10-06T04:57:24.4817584Z,2026-10-06T04:57:24.4817897Z,2026-10-06T04:57:25.281Z
2068,9328,9328.1,0,10139,810.9,handoff edge,,,edge:sequence:request-capability-from-objective-v3:9,,admitted,,,2026-10-06T04:57:24.4820495Z,2026-10-06T04:57:24.4820872Z,2026-10-06T04:57:25.293Z
2704,9328.1,14053.4,4725.3,14836,782.6,operation,10 summarize-results-model-port,,cell:mechanic:request-capability-from-objective-v3.operation.10,mechanic,completed,MODEL_RESPONSE_OBTAINED,node:provider:sda-projected-capability-invocation-port.v2,2026-10-06T04:57:24.4821297Z,2026-10-06T04:57:29.2074238Z,2026-10-06T04:57:29.990Z
2234,10614.4,10936.1,321.8,11286,349.9,nested step,10 summarize-results-model-port,project-provider-protocol-port,cell:mechanic:execute-projected-model-provider-attempt.operation.1,mechanic,completed,SUCCESS,node:provider:sda-projected-capability-invocation-port.v2,2026-10-06T04:57:25.7683911Z,2026-10-06T04:57:26.0901432Z,2026-10-06T04:57:26.440Z
2077,10864.4,10866.4,2.1,10911,44.5,nested step,10 summarize-results-model-port,,cell:mechanic:project-model-provider-protocol.operation.1,mechanic,completed,project-gemini-structured,sda-semantic-value-graph-provider.v1,2026-10-06T04:57:26.0184031Z,2026-10-06T04:57:26.0204711Z,2026-10-06T04:57:26.065Z
2069,10864.4,10864.8,0.3,10868,3.2,expression,10 summarize-results-model-port,,cell:mechanic:project-model-provider-protocol.operation.1:expression.values.0,mechanic,completed,VALUE,sda-semantic-value-graph-provider.v1,2026-10-06T04:57:26.0184682Z,2026-10-06T04:57:26.0187804Z,2026-10-06T04:57:26.022Z
2070,10864.9,10865,0,10873,8,nested edge,10 summarize-results-model-port,,cell:mechanic:project-model-provider-protocol.operation.1:expression:dependency:1,,admitted,,,2026-10-06T04:57:26.0189484Z,2026-10-06T04:57:26.0189968Z,2026-10-06T04:57:26.027Z
2071,10865.1,10865.3,0.2,10874,8.7,expression,10 summarize-results-model-port,,cell:mechanic:project-model-provider-protocol.operation.1:expression.values.1.fields.route,mechanic,completed,VALUE,sda-semantic-value-graph-provider.v1,2026-10-06T04:57:26.0190773Z,2026-10-06T04:57:26.0192829Z,2026-10-06T04:57:26.028Z
2072,10865.4,10865.4,0,10877,11.6,nested edge,10 summarize-results-model-port,,cell:mechanic:project-model-provider-protocol.operation.1:expression.values.1:dependency:result,,admitted,,,2026-10-06T04:57:26.0193881Z,2026-10-06T04:57:26.0194038Z,2026-10-06T04:57:26.031Z
2073,10865.4,10865.6,0.2,10879,13.4,expression,10 summarize-results-model-port,,cell:mechanic:project-model-provider-protocol.operation.1:expression.values.1,mechanic,completed,project-gemini-structured,sda-semantic-value-graph-provider.v1,2026-10-06T04:57:26.0194488Z,2026-10-06T04:57:26.0196392Z,2026-10-06T04:57:26.033Z
2074,10865.7,10865.7,0,10883,17.3,nested edge,10 summarize-results-model-port,,cell:mechanic:project-model-provider-protocol.operation.1:expression:dependency:result,,admitted,,,2026-10-06T04:57:26.0197200Z,2026-10-06T04:57:26.0197491Z,2026-10-06T04:57:26.037Z
2075,10865.8,10866,0.2,10899,32.9,expression,10 summarize-results-model-port,,cell:mechanic:project-model-provider-protocol.operation.1:expression,mechanic,completed,project-gemini-structured,sda-semantic-value-graph-provider.v1,2026-10-06T04:57:26.0198258Z,2026-10-06T04:57:26.0200687Z,2026-10-06T04:57:26.053Z
2076,10866.1,10866.2,0.1,10907,40.8,nested edge,10 summarize-results-model-port,,edge:return:cell:mechanic:project-model-provider-protocol.operation.1:expression:cell:mechanic:project-model-provider-protocol.operation.1:0,,admitted,,,2026-10-06T04:57:26.0201685Z,2026-10-06T04:57:26.0202311Z,2026-10-06T04:57:26.061Z
2078,10866.5,10866.6,0.1,10914,47.4,nested edge,10 summarize-results-model-port,,edge:return:project-model-provider-protocol,,admitted,,,2026-10-06T04:57:26.0205725Z,2026-10-06T04:57:26.0206315Z,2026-10-06T04:57:26.068Z
2079,10866.7,10866.9,0.2,10918,51.1,nested scenario,10 summarize-results-model-port,,cell:scenario:project-model-provider-protocol,scenario,completed,project-gemini-structured,,2026-10-06T04:57:26.0207047Z,2026-10-06T04:57:26.0208830Z,2026-10-06T04:57:26.072Z
2080,10867,10867,0.1,10922,54.9,nested edge,10 summarize-results-model-port,,edge:route-project-gemini-structured,,admitted,,,2026-10-06T04:57:26.0209807Z,2026-10-06T04:57:26.0210569Z,2026-10-06T04:57:26.076Z
2231,10867.1,10934.6,67.5,11280,345.4,nested step,10 summarize-results-model-port,,cell:mechanic:project-gemini-structured-request.operation.1,mechanic,completed,SUCCESS,sda-semantic-value-graph-provider.v1,2026-10-06T04:57:26.0211677Z,2026-10-06T04:57:26.0886252Z,2026-10-06T04:57:26.434Z
2081,10867.2,10867.4,0.2,10926,58.6,expression,10 summarize-results-model-port,,cell:mechanic:project-gemini-structured-request.operation.1:expression.when.left,mechanic,completed,VALUE,sda-semantic-value-graph-provider.v1,2026-10-06T04:57:26.0212152Z,2026-10-06T04:57:26.0214288Z,2026-10-06T04:57:26.080Z
2082,10867.6,10867.6,0,10930,62.3,nested edge,10 summarize-results-model-port,,cell:mechanic:project-gemini-structured-request.operation.1:expression.when:dependency:1,,admitted,,,2026-10-06T04:57:26.0216549Z,2026-10-06T04:57:26.0216737Z,2026-10-06T04:57:26.084Z
2083,10867.7,10867.9,0.2,10934,66.1,expression,10 summarize-results-model-port,,cell:mechanic:project-gemini-structured-request.operation.1:expression.when.right,mechanic,completed,VALUE,sda-semantic-value-graph-provider.v1,2026-10-06T04:57:26.0217229Z,2026-10-06T04:57:26.0218941Z,2026-10-06T04:57:26.088Z
2084,10868,10868,0,10936,68,nested edge,10 summarize-results-model-port,,cell:mechanic:project-gemini-structured-request.operation.1:expression.when:dependency:result,,admitted,,,2026-10-06T04:57:26.0219870Z,2026-10-06T04:57:26.0220081Z,2026-10-06T04:57:26.090Z
2085,10868,10868.2,0.2,10941,72.8,expression,10 summarize-results-model-port,,cell:mechanic:project-gemini-structured-request.operation.1:expression.when,mechanic,completed,FALSE,sda-semantic-value-graph-provider.v1,2026-10-06T04:57:26.0220579Z,2026-10-06T04:57:26.0222201Z,2026-10-06T04:57:26.095Z
2086,10868.3,10868.3,0,10946,77.7,nested edge,10 summarize-results-model-port,,cell:mechanic:project-gemini-structured-request.operation.1:expression:selection:predicate,,admitted,,,2026-10-06T04:57:26.0223029Z,2026-10-06T04:57:26.0223240Z,2026-10-06T04:57:26.100Z
2087,10868.4,10868.6,0.3,10948,79.4,expression,10 summarize-results-model-port,,cell:mechanic:project-gemini-structured-request.operation.1:expression:selection,mechanic,completed,FALSE,,2026-10-06T04:57:26.0223759Z,2026-10-06T04:57:26.0226266Z,2026-10-06T04:57:26.102Z
2088,10868.7,10868.7,0,10951,82.3,nested edge,10 summarize-results-model-port,,cell:mechanic:project-gemini-structured-request.operation.1:expression:selection:false,,admitted,,,2026-10-06T04:57:26.0227087Z,2026-10-06T04:57:26.0227315Z,2026-10-06T04:57:26.105Z
2089,10868.8,10869.2,0.4,10953,83.8,expression,10 summarize-results-model-port,,cell:mechanic:project-gemini-structured-request.operation.1:expression.else.fields.contractId,mechanic,completed,VALUE,sda-semantic-value-graph-provider.v1,2026-10-06T04:57:26.0227796Z,2026-10-06T04:57:26.0231907Z,2026-10-06T04:57:26.107Z
2090,10869.3,10869.4,0,10956,86.6,nested edge,10 summarize-results-model-port,,cell:mechanic:project-gemini-structured-request.operation.1:expression.else:dependency:1,,admitted,,,2026-10-06T04:57:26.0233501Z,2026-10-06T04:57:26.0233801Z,2026-10-06T04:57:26.110Z
2091,10869.4,10869.6,0.2,10960,90.4,expression,10 summarize-results-model-port,,cell:mechanic:project-gemini-structured-request.operation.1:expression.else.fields.payload.fields.adapterIdentity,mechanic,completed,VALUE,sda-semantic-value-graph-provider.v1,2026-10-06T04:57:26.0234326Z,2026-10-06T04:57:26.0235930Z,2026-10-06T04:57:26.114Z
2092,10869.7,10869.7,0,10963,93.3,nested edge,10 summarize-results-model-port,,cell:mechanic:project-gemini-structured-request.operation.1:expression.else.fields.payload:dependency:1,,admitted,,,2026-10-06T04:57:26.0237242Z,2026-10-06T04:57:26.0237382Z,2026-10-06T04:57:26.117Z
2093,10869.8,10870.7,0.9,10970,99.3,expression,10 summarize-results-model-port,,cell:mechanic:project-gemini-structured-request.operation.1:expression.else.fields.payload.fields.disposition.when.left,mechanic,completed,VALUE,sda-semantic-value-graph-provider.v1,2026-10-06T04:57:26.0238105Z,2026-10-06T04:57:26.0247411Z,2026-10-06T04:57:26.124Z
2094,10871.1,10871.2,0,10974,102.8,nested edge,10 summarize-results-model-port,,cell:mechanic:project-gemini-structured-request.operation.1:expression.else.fields.payload.fields.disposition.when:dependency:1,,admitted,,,2026-10-06T04:57:26.0251714Z,2026-10-06T04:57:26.0251886Z,2026-10-06T04:57:26.128Z
2095,10871.2,10871.4,0.2,10979,107.6,expression,10 summarize-results-model-port,,cell:mechanic:project-gemini-structured-request.operation.1:expression.else.fields.payload.fields.disposition.when.right,mechanic,completed,VALUE,sda-semantic-value-graph-provider.v1,2026-10-06T04:57:26.0252585Z,2026-10-06T04:57:26.0254331Z,2026-10-06T04:57:26.133Z
2096,10871.5,10871.5,0,10981,109.5,nested edge,10 summarize-results-model-port,,cell:mechanic:project-gemini-structured-request.operation.1:expression.else.fields.payload.fields.disposition.when:dependency:result,,admitted,,,2026-10-06T04:57:26.0255186Z,2026-10-06T04:57:26.0255406Z,2026-10-06T04:57:26.135Z
2097,10871.6,10871.7,0.1,10985,113.3,expression,10 summarize-results-model-port,,cell:mechanic:project-gemini-structured-request.operation.1:expression.else.fields.payload.fields.disposition.when,mechanic,completed,FALSE,sda-semantic-value-graph-provider.v1,2026-10-06T04:57:26.0255973Z,2026-10-06T04:57:26.0257390Z,2026-10-06T04:57:26.139Z
2098,10916.2,10916.2,0,10988,71.7,nested edge,10 summarize-results-model-port,,cell:mechanic:project-gemini-structured-request.operation.1:expression.else.fields.payload.fields.disposition:selection:predicate,,admitted,,,2026-10-06T04:57:26.0702173Z,2026-10-06T04:57:26.0702539Z,2026-10-06T04:57:26.142Z
2099,10916.3,10916.5,0.2,10990,73.5,expression,10 summarize-results-model-port,,cell:mechanic:project-gemini-structured-request.operation.1:expression.else.fields.payload.fields.disposition:selection,mechanic,completed,FALSE,,2026-10-06T04:57:26.0703133Z,2026-10-06T04:57:26.0704925Z,2026-10-06T04:57:26.144Z
2100,10916.5,10916.5,0,11008,91.4,nested edge,10 summarize-results-model-port,,cell:mechanic:project-gemini-structured-request.operation.1:expression.else.fields.payload.fields.disposition:selection:false,,admitted,,,2026-10-06T04:57:26.0705515Z,2026-10-06T04:57:26.0705616Z,2026-10-06T04:57:26.162Z
2101,10916.6,10916.7,0.2,11010,93.2,expression,10 summarize-results-model-port,,cell:mechanic:project-gemini-structured-request.operation.1:expression.else.fields.payload.fields.disposition.else.when.left,mechanic,completed,VALUE,sda-semantic-value-graph-provider.v1,2026-10-06T04:57:26.0706082Z,2026-10-06T04:57:26.0707718Z,2026-10-06T04:57:26.164Z
2102,10916.8,10916.8,0,11013,96.1,nested edge,10 summarize-results-model-port,,cell:mechanic:project-gemini-structured-request.operation.1:expression.else.fields.payload.fields.disposition.else.when:dependency:1,,admitted,,,2026-10-06T04:57:26.0708427Z,2026-10-06T04:57:26.0708584Z,2026-10-06T04:57:26.167Z
2103,10916.9,10917,0.1,11015,98,expression,10 summarize-results-model-port,,cell:mechanic:project-gemini-structured-request.operation.1:expression.else.fields.payload.fields.disposition.else.when.right,mechanic,completed,VALUE,sda-semantic-value-graph-provider.v1,2026-10-06T04:57:26.0709067Z,2026-10-06T04:57:26.0710395Z,2026-10-06T04:57:26.169Z
2104,10917.1,10917.1,0,11017,99.9,nested edge,10 summarize-results-model-port,,cell:mechanic:project-gemini-structured-request.operation.1:expression.else.fields.payload.fields.disposition.else.when:dependency:result,,admitted,,,2026-10-06T04:57:26.0711028Z,2026-10-06T04:57:26.0711163Z,2026-10-06T04:57:26.171Z
2105,10917.1,10917.3,0.1,11020,102.7,expression,10 summarize-results-model-port,,cell:mechanic:project-gemini-structured-request.operation.1:expression.else.fields.payload.fields.disposition.else.when,mechanic,completed,FALSE,sda-semantic-value-graph-provider.v1,2026-10-06T04:57:26.0711666Z,2026-10-06T04:57:26.0713149Z,2026-10-06T04:57:26.174Z
2106,10917.4,10917.4,0,11022,104.6,nested edge,10 summarize-results-model-port,,cell:mechanic:project-gemini-structured-request.operation.1:expression.else.fields.payload.fields.disposition.else:selection:predicate,,admitted,,,2026-10-06T04:57:26.0713756Z,2026-10-06T04:57:26.0713862Z,2026-10-06T04:57:26.176Z
2107,10917.4,10917.5,0.1,11025,107.4,expression,10 summarize-results-model-port,,cell:mechanic:project-gemini-structured-request.operation.1:expression.else.fields.payload.fields.disposition.else:selection,mechanic,completed,FALSE,,2026-10-06T04:57:26.0714439Z,2026-10-06T04:57:26.0715556Z,2026-10-06T04:57:26.179Z
2108,10917.6,10917.6,0,11028,110.4,nested edge,10 summarize-results-model-port,,cell:mechanic:project-gemini-structured-request.operation.1:expression.else.fields.payload.fields.disposition.else:selection:false,,admitted,,,2026-10-06T04:57:26.0716077Z,2026-10-06T04:57:26.0716175Z,2026-10-06T04:57:26.182Z
2109,10917.6,10917.8,0.1,11031,113.2,expression,10 summarize-results-model-port,,cell:mechanic:project-gemini-structured-request.operation.1:expression.else.fields.payload.fields.disposition.else.else.when.left,mechanic,completed,VALUE,sda-semantic-value-graph-provider.v1,2026-10-06T04:57:26.0716589Z,2026-10-06T04:57:26.0717841Z,2026-10-06T04:57:26.185Z
2110,10917.8,10917.8,0,11035,117.1,nested edge,10 summarize-results-model-port,,cell:mechanic:project-gemini-structured-request.operation.1:expression.else.fields.payload.fields.disposition.else.else.when:dependency:1,,admitted,,,2026-10-06T04:57:26.0718414Z,2026-10-06T04:57:26.0718528Z,2026-10-06T04:57:26.189Z
2111,10917.9,10918,0.1,11038,120,expression,10 summarize-results-model-port,,cell:mechanic:project-gemini-structured-request.operation.1:expression.else.fields.payload.fields.disposition.else.else.when.right,mechanic,completed,VALUE,sda-semantic-value-graph-provider.v1,2026-10-06T04:57:26.0718950Z,2026-10-06T04:57:26.0720354Z,2026-10-06T04:57:26.192Z
2112,10918.1,10918.1,0,11040,121.9,nested edge,10 summarize-results-model-port,,cell:mechanic:project-gemini-structured-request.operation.1:expression.else.fields.payload.fields.disposition.else.else.when:dependency:result,,admitted,,,2026-10-06T04:57:26.0721004Z,2026-10-06T04:57:26.0721154Z,2026-10-06T04:57:26.194Z
2113,10918.1,10918.3,0.1,11042,123.7,expression,10 summarize-results-model-port,,cell:mechanic:project-gemini-structured-request.operation.1:expression.else.fields.payload.fields.disposition.else.else.when,mechanic,completed,FALSE,sda-semantic-value-graph-provider.v1,2026-10-06T04:57:26.0721627Z,2026-10-06T04:57:26.0723071Z,2026-10-06T04:57:26.196Z
2114,10918.4,10918.4,0,11044,125.6,nested edge,10 summarize-results-model-port,,cell:mechanic:project-gemini-structured-request.operation.1:expression.else.fields.payload.fields.disposition.else.else:selection:predicate,,admitted,,,2026-10-06T04:57:26.0723780Z,2026-10-06T04:57:26.0723911Z,2026-10-06T04:57:26.198Z
2115,10918.4,10918.7,0.2,11045,126.3,expression,10 summarize-results-model-port,,cell:mechanic:project-gemini-structured-request.operation.1:expression.else.fields.payload.fields.disposition.else.else:selection,mechanic,completed,FALSE,,2026-10-06T04:57:26.0724443Z,2026-10-06T04:57:26.0726916Z,2026-10-06T04:57:26.199Z
2116,10918.7,10918.7,0,11048,129.2,nested edge,10 summarize-results-model-port,,cell:mechanic:project-gemini-structured-request.operation.1:expression.else.fields.payload.fields.disposition.else.else:selection:false,,admitted,,,2026-10-06T04:57:26.0727497Z,2026-10-06T04:57:26.0727635Z,2026-10-06T04:57:26.202Z
2117,10918.8,10919,0.1,11050,131,expression,10 summarize-results-model-port,,cell:mechanic:project-gemini-structured-request.operation.1:expression.else.fields.payload.fields.disposition.else.else.else.when.left,mechanic,completed,VALUE,sda-semantic-value-graph-provider.v1,2026-10-06T04:57:26.0728339Z,2026-10-06T04:57:26.0729760Z,2026-10-06T04:57:26.204Z
2118,10919,10919,0,11051,132,nested edge,10 summarize-results-model-port,,cell:mechanic:project-gemini-structured-request.operation.1:expression.else.fields.payload.fields.disposition.else.else.else.when:dependency:1,,admitted,,,2026-10-06T04:57:26.0730365Z,2026-10-06T04:57:26.0730463Z,2026-10-06T04:57:26.205Z
2119,10919.1,10919.2,0.1,11053,133.8,expression,10 summarize-results-model-port,,cell:mechanic:project-gemini-structured-request.operation.1:expression.else.fields.payload.fields.disposition.else.else.else.when.right,mechanic,completed,VALUE,sda-semantic-value-graph-provider.v1,2026-10-06T04:57:26.0730913Z,2026-10-06T04:57:26.0732277Z,2026-10-06T04:57:26.207Z
2120,10919.3,10919.3,0,11054,134.7,nested edge,10 summarize-results-model-port,,cell:mechanic:project-gemini-structured-request.operation.1:expression.else.fields.payload.fields.disposition.else.else.else.when:dependency:result,,admitted,,,2026-10-06T04:57:26.0732867Z,2026-10-06T04:57:26.0733011Z,2026-10-06T04:57:26.208Z
2121,10919.3,10919.4,0.1,11056,136.5,expression,10 summarize-results-model-port,,cell:mechanic:project-gemini-structured-request.operation.1:expression.else.fields.payload.fields.disposition.else.else.else.when,mechanic,completed,FALSE,sda-semantic-value-graph-provider.v1,2026-10-06T04:57:26.0733379Z,2026-10-06T04:57:26.0734666Z,2026-10-06T04:57:26.210Z
2122,10919.5,10919.5,0,11058,138.5,nested edge,10 summarize-results-model-port,,cell:mechanic:project-gemini-structured-request.operation.1:expression.else.fields.payload.fields.disposition.else.else.else:selection:predicate,,admitted,,,2026-10-06T04:57:26.0735229Z,2026-10-06T04:57:26.0735323Z,2026-10-06T04:57:26.212Z
2123,10919.5,10919.7,0.1,11060,140.3,expression,10 summarize-results-model-port,,cell:mechanic:project-gemini-structured-request.operation.1:expression.else.fields.payload.fields.disposition.else.else.else:selection,mechanic,completed,FALSE,,2026-10-06T04:57:26.0735719Z,2026-10-06T04:57:26.0736810Z,2026-10-06T04:57:26.214Z
2124,10919.7,10919.7,0,11062,142.3,nested edge,10 summarize-results-model-port,,cell:mechanic:project-gemini-structured-request.operation.1:expression.else.fields.payload.fields.disposition.else.else.else:selection:false,,admitted,,,2026-10-06T04:57:26.0737359Z,2026-10-06T04:57:26.0737481Z,2026-10-06T04:57:26.216Z
2125,10919.8,10919.9,0.1,11064,144.1,expression,10 summarize-results-model-port,,cell:mechanic:project-gemini-structured-request.operation.1:expression.else.fields.payload.fields.disposition.else.else.else.else,mechanic,completed,VALUE,sda-semantic-value-graph-provider.v1,2026-10-06T04:57:26.0737951Z,2026-10-06T04:57:26.0739367Z,2026-10-06T04:57:26.218Z
2126,10920,10920,0,11066,146,nested edge,10 summarize-results-model-port,,cell:mechanic:project-gemini-structured-request.operation.1:expression.else.fields.payload.fields.disposition.else.else.else:else-result,,admitted,,,2026-10-06T04:57:26.0739954Z,2026-10-06T04:57:26.0740056Z,2026-10-06T04:57:26.220Z
2127,10920,10920.1,0.1,11067,146.8,expression,10 summarize-results-model-port,,cell:mechanic:project-gemini-structured-request.operation.1:expression.else.fields.payload.fields.disposition.else.else.else,mechanic,completed,VALUE,sda-semantic-value-graph-provider.v1,2026-10-06T04:57:26.0740444Z,2026-10-06T04:57:26.0741558Z,2026-10-06T04:57:26.221Z
2128,10920.2,10920.2,0,11069,148.8,nested edge,10 summarize-results-model-port,,cell:mechanic:project-gemini-structured-request.operation.1:expression.else.fields.payload.fields.disposition.else.else:else-result,,admitted,,,2026-10-06T04:57:26.0742096Z,2026-10-06T04:57:26.0742174Z,2026-10-06T04:57:26.223Z
2129,10920.2,10920.3,0.1,11071,150.6,expression,10 summarize-results-model-port,,cell:mechanic:project-gemini-structured-request.operation.1:expression.else.fields.payload.fields.disposition.else.else,mechanic,completed,VALUE,sda-semantic-value-graph-provider.v1,2026-10-06T04:57:26.0742566Z,2026-10-06T04:57:26.0743656Z,2026-10-06T04:57:26.225Z
2130,10920.4,10920.4,0,11073,152.6,nested edge,10 summarize-results-model-port,,cell:mechanic:project-gemini-structured-request.operation.1:expression.else.fields.payload.fields.disposition.else:else-result,,admitted,,,2026-10-06T04:57:26.0744381Z,2026-10-06T04:57:26.0744490Z,2026-10-06T04:57:26.227Z
2131,10920.5,10920.6,0.1,11075,154.4,expression,10 summarize-results-model-port,,cell:mechanic:project-gemini-structured-request.operation.1:expression.else.fields.payload.fields.disposition.else,mechanic,completed,VALUE,sda-semantic-value-graph-provider.v1,2026-10-06T04:57:26.0744897Z,2026-10-06T04:57:26.0746043Z,2026-10-06T04:57:26.229Z
2132,10920.6,10920.6,0,11076,155.3,nested edge,10 summarize-results-model-port,,cell:mechanic:project-gemini-structured-request.operation.1:expression.else.fields.payload.fields.disposition:else-result,,admitted,,,2026-10-06T04:57:26.0746566Z,2026-10-06T04:57:26.0746653Z,2026-10-06T04:57:26.230Z
2133,10920.7,10920.8,0.1,11079,158.2,expression,10 summarize-results-model-port,,cell:mechanic:project-gemini-structured-request.operation.1:expression.else.fields.payload.fields.disposition,mechanic,completed,VALUE,sda-semantic-value-graph-provider.v1,2026-10-06T04:57:26.0747022Z,2026-10-06T04:57:26.0748230Z,2026-10-06T04:57:26.233Z
2134,10920.9,10920.9,0,11081,160.1,nested edge,10 summarize-results-model-port,,cell:mechanic:project-gemini-structured-request.operation.1:expression.else.fields.payload:dependency:2,,admitted,,,2026-10-06T04:57:26.0748860Z,2026-10-06T04:57:26.0748981Z,2026-10-06T04:57:26.235Z
2135,10920.9,10921,0.1,11083,161.9,expression,10 summarize-results-model-port,,cell:mechanic:project-gemini-structured-request.operation.1:expression.else.fields.payload.fields.endpointFact.when.left,mechanic,completed,VALUE,sda-semantic-value-graph-provider.v1,2026-10-06T04:57:26.0749382Z,2026-10-06T04:57:26.0750652Z,2026-10-06T04:57:26.237Z
2136,10921.1,10921.1,0,11084,162.9,nested edge,10 summarize-results-model-port,,cell:mechanic:project-gemini-structured-request.operation.1:expression.else.fields.payload.fields.endpointFact.when:dependency:1,,admitted,,,2026-10-06T04:57:26.0751226Z,2026-10-06T04:57:26.0751330Z,2026-10-06T04:57:26.238Z
2137,10921.2,10921.3,0.1,11087,165.7,expression,10 summarize-results-model-port,,cell:mechanic:project-gemini-structured-request.operation.1:expression.else.fields.payload.fields.endpointFact.when.right,mechanic,completed,VALUE,sda-semantic-value-graph-provider.v1,2026-10-06T04:57:26.0751757Z,2026-10-06T04:57:26.0752967Z,2026-10-06T04:57:26.241Z
2138,10921.3,10921.3,0,11089,167.6,nested edge,10 summarize-results-model-port,,cell:mechanic:project-gemini-structured-request.operation.1:expression.else.fields.payload.fields.endpointFact.when:dependency:result,,admitted,,,2026-10-06T04:57:26.0753529Z,2026-10-06T04:57:26.0753625Z,2026-10-06T04:57:26.243Z
2139,10921.4,10921.5,0.1,11091,169.4,expression,10 summarize-results-model-port,,cell:mechanic:project-gemini-structured-request.operation.1:expression.else.fields.payload.fields.endpointFact.when,mechanic,completed,FALSE,sda-semantic-value-graph-provider.v1,2026-10-06T04:57:26.0754111Z,2026-10-06T04:57:26.0755591Z,2026-10-06T04:57:26.245Z
2140,10921.6,10921.6,0,11093,171.4,nested edge,10 summarize-results-model-port,,cell:mechanic:project-gemini-structured-request.operation.1:expression.else.fields.payload.fields.endpointFact:selection:predicate,,admitted,,,2026-10-06T04:57:26.0756211Z,2026-10-06T04:57:26.0756361Z,2026-10-06T04:57:26.247Z
2141,10921.7,10921.8,0.1,11094,172.2,expression,10 summarize-results-model-port,,cell:mechanic:project-gemini-structured-request.operation.1:expression.else.fields.payload.fields.endpointFact:selection,mechanic,completed,FALSE,,2026-10-06T04:57:26.0756930Z,2026-10-06T04:57:26.0758201Z,2026-10-06T04:57:26.248Z
2142,10921.9,10921.9,0,11096,174.1,nested edge,10 summarize-results-model-port,,cell:mechanic:project-gemini-structured-request.operation.1:expression.else.fields.payload.fields.endpointFact:selection:false,,admitted,,,2026-10-06T04:57:26.0758766Z,2026-10-06T04:57:26.0758902Z,2026-10-06T04:57:26.250Z
2143,10921.9,10922.1,0.1,11098,175.9,expression,10 summarize-results-model-port,,cell:mechanic:project-gemini-structured-request.operation.1:expression.else.fields.payload.fields.endpointFact.else,mechanic,completed,VALUE,sda-semantic-value-graph-provider.v1,2026-10-06T04:57:26.0759428Z,2026-10-06T04:57:26.0760829Z,2026-10-06T04:57:26.252Z
2144,10922.1,10922.1,0,11100,177.8,nested edge,10 summarize-results-model-port,,cell:mechanic:project-gemini-structured-request.operation.1:expression.else.fields.payload.fields.endpointFact:else-result,,admitted,,,2026-10-06T04:57:26.0761478Z,2026-10-06T04:57:26.0761590Z,2026-10-06T04:57:26.254Z
2145,10922.2,10922.5,0.3,11102,179.5,expression,10 summarize-results-model-port,,cell:mechanic:project-gemini-structured-request.operation.1:expression.else.fields.payload.fields.endpointFact,mechanic,completed,VALUE,sda-semantic-value-graph-provider.v1,2026-10-06T04:57:26.0762103Z,2026-10-06T04:57:26.0765154Z,2026-10-06T04:57:26.256Z
2146,10922.6,10922.6,0,11105,182.4,nested edge,10 summarize-results-model-port,,cell:mechanic:project-gemini-structured-request.operation.1:expression.else.fields.payload:dependency:3,,admitted,,,2026-10-06T04:57:26.0765815Z,2026-10-06T04:57:26.0765950Z,2026-10-06T04:57:26.259Z
2147,10922.6,10922.8,0.1,11107,184.2,expression,10 summarize-results-model-port,,cell:mechanic:project-gemini-structured-request.operation.1:expression.else.fields.payload.fields.networkExchangeCount,mechanic,completed,VALUE,sda-semantic-value-graph-provider.v1,2026-10-06T04:57:26.0766444Z,2026-10-06T04:57:26.0767809Z,2026-10-06T04:57:26.261Z
2148,10922.8,10922.9,0,11111,188.1,nested edge,10 summarize-results-model-port,,cell:mechanic:project-gemini-structured-request.operation.1:expression.else.fields.payload:dependency:4,,admitted,,,2026-10-06T04:57:26.0768614Z,2026-10-06T04:57:26.0768743Z,2026-10-06T04:57:26.265Z
2149,10922.9,10923,0.1,11114,191,expression,10 summarize-results-model-port,,cell:mechanic:project-gemini-structured-request.operation.1:expression.else.fields.payload.fields.normalizedTestimony.when.left,mechanic,completed,VALUE,sda-semantic-value-graph-provider.v1,2026-10-06T04:57:26.0769193Z,2026-10-06T04:57:26.0770431Z,2026-10-06T04:57:26.268Z
2150,10923.1,10923.1,0,11116,192.9,nested edge,10 summarize-results-model-port,,cell:mechanic:project-gemini-structured-request.operation.1:expression.else.fields.payload.fields.normalizedTestimony.when:dependency:1,,admitted,,,2026-10-06T04:57:26.0770984Z,2026-10-06T04:57:26.0771105Z,2026-10-06T04:57:26.270Z
2151,10923.1,10923.3,0.1,11118,194.7,expression,10 summarize-results-model-port,,cell:mechanic:project-gemini-structured-request.operation.1:expression.else.fields.payload.fields.normalizedTestimony.when.right,mechanic,completed,VALUE,sda-semantic-value-graph-provider.v1,2026-10-06T04:57:26.0771595Z,2026-10-06T04:57:26.0772976Z,2026-10-06T04:57:26.272Z
2152,10923.3,10923.4,0,11120,196.6,nested edge,10 summarize-results-model-port,,cell:mechanic:project-gemini-structured-request.operation.1:expression.else.fields.payload.fields.normalizedTestimony.when:dependency:result,,admitted,,,2026-10-06T04:57:26.0773653Z,2026-10-06T04:57:26.0773784Z,2026-10-06T04:57:26.274Z
2153,10923.4,10923.5,0.1,11122,198.5,expression,10 summarize-results-model-port,,cell:mechanic:project-gemini-structured-request.operation.1:expression.else.fields.payload.fields.normalizedTestimony.when,mechanic,completed,FALSE,sda-semantic-value-graph-provider.v1,2026-10-06T04:57:26.0774219Z,2026-10-06T04:57:26.0775435Z,2026-10-06T04:57:26.276Z
2154,10923.6,10923.6,0,11125,201.4,nested edge,10 summarize-results-model-port,,cell:mechanic:project-gemini-structured-request.operation.1:expression.else.fields.payload.fields.normalizedTestimony:selection:predicate,,admitted,,,2026-10-06T04:57:26.0775981Z,2026-10-06T04:57:26.0776069Z,2026-10-06T04:57:26.279Z
2155,10923.6,10923.7,0.1,11127,203.2,expression,10 summarize-results-model-port,,cell:mechanic:project-gemini-structured-request.operation.1:expression.else.fields.payload.fields.normalizedTestimony:selection,mechanic,completed,FALSE,,2026-10-06T04:57:26.0776450Z,2026-10-06T04:57:26.0777536Z,2026-10-06T04:57:26.281Z
2156,10923.8,10923.8,0,11129,205.2,nested edge,10 summarize-results-model-port,,cell:mechanic:project-gemini-structured-request.operation.1:expression.else.fields.payload.fields.normalizedTestimony:selection:false,,admitted,,,2026-10-06T04:57:26.0778032Z,2026-10-06T04:57:26.0778130Z,2026-10-06T04:57:26.283Z
2157,10923.9,10924,0.1,11133,209,expression,10 summarize-results-model-port,,cell:mechanic:project-gemini-structured-request.operation.1:expression.else.fields.payload.fields.normalizedTestimony.else.when.left,mechanic,completed,VALUE,sda-semantic-value-graph-provider.v1,2026-10-06T04:57:26.0778761Z,2026-10-06T04:57:26.0779964Z,2026-10-06T04:57:26.287Z
2158,10924,10924,0,11136,211.9,nested edge,10 summarize-results-model-port,,cell:mechanic:project-gemini-structured-request.operation.1:expression.else.fields.payload.fields.normalizedTestimony.else.when:dependency:1,,admitted,,,2026-10-06T04:57:26.0780488Z,2026-10-06T04:57:26.0780569Z,2026-10-06T04:57:26.290Z
2159,10924.1,10924.2,0.1,11138,213.8,expression,10 summarize-results-model-port,,cell:mechanic:project-gemini-structured-request.operation.1:expression.else.fields.payload.fields.normalizedTestimony.else.when.right,mechanic,completed,VALUE,sda-semantic-value-graph-provider.v1,2026-10-06T04:57:26.0780949Z,2026-10-06T04:57:26.0782050Z,2026-10-06T04:57:26.292Z
2160,10924.2,10924.2,0,11140,215.7,nested edge,10 summarize-results-model-port,,cell:mechanic:project-gemini-structured-request.operation.1:expression.else.fields.payload.fields.normalizedTestimony.else.when:dependency:result,,admitted,,,2026-10-06T04:57:26.0782565Z,2026-10-06T04:57:26.0782659Z,2026-10-06T04:57:26.294Z
2161,10924.3,10924.4,0.1,11142,217.6,expression,10 summarize-results-model-port,,cell:mechanic:project-gemini-structured-request.operation.1:expression.else.fields.payload.fields.normalizedTestimony.else.when,mechanic,completed,FALSE,sda-semantic-value-graph-provider.v1,2026-10-06T04:57:26.0783044Z,2026-10-06T04:57:26.0784294Z,2026-10-06T04:57:26.296Z
2162,10924.5,10924.5,0,11144,219.5,nested edge,10 summarize-results-model-port,,cell:mechanic:project-gemini-structured-request.operation.1:expression.else.fields.payload.fields.normalizedTestimony.else:selection:predicate,,admitted,,,2026-10-06T04:57:26.0784827Z,2026-10-06T04:57:26.0784918Z,2026-10-06T04:57:26.298Z
2163,10924.5,10924.6,0.1,11146,221.3,expression,10 summarize-results-model-port,,cell:mechanic:project-gemini-structured-request.operation.1:expression.else.fields.payload.fields.normalizedTestimony.else:selection,mechanic,completed,FALSE,,2026-10-06T04:57:26.0785310Z,2026-10-06T04:57:26.0786596Z,2026-10-06T04:57:26.300Z
2164,10924.7,10924.7,0,11148,223.3,nested edge,10 summarize-results-model-port,,cell:mechanic:project-gemini-structured-request.operation.1:expression.else.fields.payload.fields.normalizedTestimony.else:selection:false,,admitted,,,2026-10-06T04:57:26.0786975Z,2026-10-06T04:57:26.0787035Z,2026-10-06T04:57:26.302Z
2165,10924.7,10924.8,0.1,11150,225.2,expression,10 summarize-results-model-port,,cell:mechanic:project-gemini-structured-request.operation.1:expression.else.fields.payload.fields.normalizedTestimony.else.else,mechanic,completed,VALUE,sda-semantic-value-graph-provider.v1,2026-10-06T04:57:26.0787313Z,2026-10-06T04:57:26.0788019Z,2026-10-06T04:57:26.304Z
2166,10925,10925,0,11152,227,nested edge,10 summarize-results-model-port,,cell:mechanic:project-gemini-structured-request.operation.1:expression.else.fields.payload.fields.normalizedTestimony.else:else-result,,admitted,,,2026-10-06T04:57:26.0789785Z,2026-10-06T04:57:26.0789950Z,2026-10-06T04:57:26.306Z
2167,10925,10925.1,0.1,11154,228.8,expression,10 summarize-results-model-port,,cell:mechanic:project-gemini-structured-request.operation.1:expression.else.fields.payload.fields.normalizedTestimony.else,mechanic,completed,VALUE,sda-semantic-value-graph-provider.v1,2026-10-06T04:57:26.0790471Z,2026-10-06T04:57:26.0791724Z,2026-10-06T04:57:26.308Z
2168,10925.2,10925.2,0,11155,229.8,nested edge,10 summarize-results-model-port,,cell:mechanic:project-gemini-structured-request.operation.1:expression.else.fields.payload.fields.normalizedTestimony:else-result,,admitted,,,2026-10-06T04:57:26.0792300Z,2026-10-06T04:57:26.0792395Z,2026-10-06T04:57:26.309Z
2169,10925.3,10925.4,0.1,11157,231.6,expression,10 summarize-results-model-port,,cell:mechanic:project-gemini-structured-request.operation.1:expression.else.fields.payload.fields.normalizedTestimony,mechanic,completed,VALUE,sda-semantic-value-graph-provider.v1,2026-10-06T04:57:26.0792827Z,2026-10-06T04:57:26.0794151Z,2026-10-06T04:57:26.311Z
2170,10925.5,10925.5,0,11159,233.5,nested edge,10 summarize-results-model-port,,cell:mechanic:project-gemini-structured-request.operation.1:expression.else.fields.payload:dependency:5,,admitted,,,2026-10-06T04:57:26.0794744Z,2026-10-06T04:57:26.0794879Z,2026-10-06T04:57:26.313Z
2171,10925.5,10925.7,0.1,11161,235.3,expression,10 summarize-results-model-port,,cell:mechanic:project-gemini-structured-request.operation.1:expression.else.fields.payload.fields.providerKind,mechanic,completed,VALUE,sda-semantic-value-graph-provider.v1,2026-10-06T04:57:26.0795373Z,2026-10-06T04:57:26.0796795Z,2026-10-06T04:57:26.315Z
2172,10925.7,10925.7,0,11163,237.3,nested edge,10 summarize-results-model-port,,cell:mechanic:project-gemini-structured-request.operation.1:expression.else.fields.payload:dependency:6,,admitted,,,2026-10-06T04:57:26.0797357Z,2026-10-06T04:57:26.0797481Z,2026-10-06T04:57:26.317Z
2173,10925.8,10925.9,0.1,11165,239.1,expression,10 summarize-results-model-port,,cell:mechanic:project-gemini-structured-request.operation.1:expression.else.fields.payload.fields.rejectionReason.when.left,mechanic,completed,VALUE,sda-semantic-value-graph-provider.v1,2026-10-06T04:57:26.0797916Z,2026-10-06T04:57:26.0799378Z,2026-10-06T04:57:26.319Z
2174,10926,10926,0,11167,241,nested edge,10 summarize-results-model-port,,cell:mechanic:project-gemini-structured-request.operation.1:expression.else.fields.payload.fields.rejectionReason.when:dependency:1,,admitted,,,2026-10-06T04:57:26.0800008Z,2026-10-06T04:57:26.0800135Z,2026-10-06T04:57:26.321Z
2175,10926,10926.5,0.5,11169,242.4,expression,10 summarize-results-model-port,,cell:mechanic:project-gemini-structured-request.operation.1:expression.else.fields.payload.fields.rejectionReason.when.right,mechanic,completed,VALUE,sda-semantic-value-graph-provider.v1,2026-10-06T04:57:26.0800628Z,2026-10-06T04:57:26.0805721Z,2026-10-06T04:57:26.323Z
2176,10926.6,10926.6,0,11170,243.4,nested edge,10 summarize-results-model-port,,cell:mechanic:project-gemini-structured-request.operation.1:expression.else.fields.payload.fields.rejectionReason.when:dependency:result,,admitted,,,2026-10-06T04:57:26.0806363Z,2026-10-06T04:57:26.0806488Z,2026-10-06T04:57:26.324Z
2177,10926.7,10926.9,0.2,11173,246.1,expression,10 summarize-results-model-port,,cell:mechanic:project-gemini-structured-request.operation.1:expression.else.fields.payload.fields.rejectionReason.when,mechanic,completed,FALSE,sda-semantic-value-graph-provider.v1,2026-10-06T04:57:26.0806984Z,2026-10-06T04:57:26.0808988Z,2026-10-06T04:57:26.327Z
2178,10926.9,10926.9,0,11174,247,nested edge,10 summarize-results-model-port,,cell:mechanic:project-gemini-structured-request.operation.1:expression.else.fields.payload.fields.rejectionReason:selection:predicate,,admitted,,,2026-10-06T04:57:26.0809547Z,2026-10-06T04:57:26.0809644Z,2026-10-06T04:57:26.328Z
2179,10927,10927.1,0.1,11176,248.9,expression,10 summarize-results-model-port,,cell:mechanic:project-gemini-structured-request.operation.1:expression.else.fields.payload.fields.rejectionReason:selection,mechanic,completed,FALSE,,2026-10-06T04:57:26.0810067Z,2026-10-06T04:57:26.0811311Z,2026-10-06T04:57:26.330Z
2180,10927.2,10927.2,0,11178,250.8,nested edge,10 summarize-results-model-port,,cell:mechanic:project-gemini-structured-request.operation.1:expression.else.fields.payload.fields.rejectionReason:selection:false,,admitted,,,2026-10-06T04:57:26.0811973Z,2026-10-06T04:57:26.0812096Z,2026-10-06T04:57:26.332Z
2181,10927.2,10927.3,0.1,11180,252.6,expression,10 summarize-results-model-port,,cell:mechanic:project-gemini-structured-request.operation.1:expression.else.fields.payload.fields.rejectionReason.else,mechanic,completed,VALUE,sda-semantic-value-graph-provider.v1,2026-10-06T04:57:26.0812531Z,2026-10-06T04:57:26.0813732Z,2026-10-06T04:57:26.334Z
2182,10927.4,10927.4,0,11182,254.6,nested edge,10 summarize-results-model-port,,cell:mechanic:project-gemini-structured-request.operation.1:expression.else.fields.payload.fields.rejectionReason:else-result,,admitted,,,2026-10-06T04:57:26.0814252Z,2026-10-06T04:57:26.0814343Z,2026-10-06T04:57:26.336Z
2183,10927.5,10927.6,0.1,11184,256.4,expression,10 summarize-results-model-port,,cell:mechanic:project-gemini-structured-request.operation.1:expression.else.fields.payload.fields.rejectionReason,mechanic,completed,VALUE,sda-semantic-value-graph-provider.v1,2026-10-06T04:57:26.0814796Z,2026-10-06T04:57:26.0816222Z,2026-10-06T04:57:26.338Z
2184,10927.7,10927.7,0,11186,258.3,nested edge,10 summarize-results-model-port,,cell:mechanic:project-gemini-structured-request.operation.1:expression.else.fields.payload:dependency:7,,admitted,,,2026-10-06T04:57:26.0816753Z,2026-10-06T04:57:26.0816833Z,2026-10-06T04:57:26.340Z
2185,10927.7,10927.8,0.1,11188,260.2,expression,10 summarize-results-model-port,,cell:mechanic:project-gemini-structured-request.operation.1:expression.else.fields.payload.fields.repairCount,mechanic,completed,VALUE,sda-semantic-value-graph-provider.v1,2026-10-06T04:57:26.0817206Z,2026-10-06T04:57:26.0818342Z,2026-10-06T04:57:26.342Z
2186,10927.9,10927.9,0,11189,261.1,nested edge,10 summarize-results-model-port,,cell:mechanic:project-gemini-structured-request.operation.1:expression.else.fields.payload:dependency:8,,admitted,,,2026-10-06T04:57:26.0818826Z,2026-10-06T04:57:26.0818909Z,2026-10-06T04:57:26.343Z
2187,10927.9,10928,0.1,11191,263,expression,10 summarize-results-model-port,,cell:mechanic:project-gemini-structured-request.operation.1:expression.else.fields.payload.fields.retryCount,mechanic,completed,VALUE,sda-semantic-value-graph-provider.v1,2026-10-06T04:57:26.0819264Z,2026-10-06T04:57:26.0820395Z,2026-10-06T04:57:26.345Z
2188,10928.1,10928.1,0,11193,264.9,nested edge,10 summarize-results-model-port,,cell:mechanic:project-gemini-structured-request.operation.1:expression.else.fields.payload:dependency:9,,admitted,,,2026-10-06T04:57:26.0820879Z,2026-10-06T04:57:26.0820964Z,2026-10-06T04:57:26.347Z
2189,10928.1,10928.2,0.1,11195,266.8,expression,10 summarize-results-model-port,,cell:mechanic:project-gemini-structured-request.operation.1:expression.else.fields.payload.fields.wireRequest.when.left,mechanic,completed,VALUE,sda-semantic-value-graph-provider.v1,2026-10-06T04:57:26.0821350Z,2026-10-06T04:57:26.0822487Z,2026-10-06T04:57:26.349Z
2190,10928.3,10928.3,0,11196,267.7,nested edge,10 summarize-results-model-port,,cell:mechanic:project-gemini-structured-request.operation.1:expression.else.fields.payload.fields.wireRequest.when:dependency:1,,admitted,,,2026-10-06T04:57:26.0822963Z,2026-10-06T04:57:26.0823065Z,2026-10-06T04:57:26.350Z
2191,10928.3,10928.4,0.1,11198,269.5,expression,10 summarize-results-model-port,,cell:mechanic:project-gemini-structured-request.operation.1:expression.else.fields.payload.fields.wireRequest.when.right,mechanic,completed,VALUE,sda-semantic-value-graph-provider.v1,2026-10-06T04:57:26.0823449Z,2026-10-06T04:57:26.0824585Z,2026-10-06T04:57:26.352Z
2192,10928.5,10928.5,0,11200,271.5,nested edge,10 summarize-results-model-port,,cell:mechanic:project-gemini-structured-request.operation.1:expression.else.fields.payload.fields.wireRequest.when:dependency:result,,admitted,,,2026-10-06T04:57:26.0825082Z,2026-10-06T04:57:26.0825165Z,2026-10-06T04:57:26.354Z
2193,10928.5,10928.6,0.1,11202,273.3,expression,10 summarize-results-model-port,,cell:mechanic:project-gemini-structured-request.operation.1:expression.else.fields.payload.fields.wireRequest.when,mechanic,completed,FALSE,sda-semantic-value-graph-provider.v1,2026-10-06T04:57:26.0825547Z,2026-10-06T04:57:26.0826670Z,2026-10-06T04:57:26.356Z
2194,10928.7,10928.7,0,11205,276.3,nested edge,10 summarize-results-model-port,,cell:mechanic:project-gemini-structured-request.operation.1:expression.else.fields.payload.fields.wireRequest:selection:predicate,,admitted,,,2026-10-06T04:57:26.0827160Z,2026-10-06T04:57:26.0827240Z,2026-10-06T04:57:26.359Z
2195,10928.7,10928.8,0.1,11207,278.1,expression,10 summarize-results-model-port,,cell:mechanic:project-gemini-structured-request.operation.1:expression.else.fields.payload.fields.wireRequest:selection,mechanic,completed,FALSE,,2026-10-06T04:57:26.0827611Z,2026-10-06T04:57:26.0828656Z,2026-10-06T04:57:26.361Z
2196,10928.9,10928.9,0,11209,280.1,nested edge,10 summarize-results-model-port,,cell:mechanic:project-gemini-structured-request.operation.1:expression.else.fields.payload.fields.wireRequest:selection:false,,admitted,,,2026-10-06T04:57:26.0829142Z,2026-10-06T04:57:26.0829238Z,2026-10-06T04:57:26.363Z
2197,10929.3,10929.4,0.1,11210,280.6,expression,10 summarize-results-model-port,,cell:mechanic:project-gemini-structured-request.operation.1:expression.else.fields.payload.fields.wireRequest.else.when.left,mechanic,completed,VALUE,sda-semantic-value-graph-provider.v1,2026-10-06T04:57:26.0832753Z,2026-10-06T04:57:26.0834207Z,2026-10-06T04:57:26.364Z
2198,10929.5,10929.5,0,11212,282.5,nested edge,10 summarize-results-model-port,,cell:mechanic:project-gemini-structured-request.operation.1:expression.else.fields.payload.fields.wireRequest.else.when:dependency:1,,admitted,,,2026-10-06T04:57:26.0834848Z,2026-10-06T04:57:26.0834955Z,2026-10-06T04:57:26.366Z
2199,10929.5,10929.7,0.1,11215,285.3,expression,10 summarize-results-model-port,,cell:mechanic:project-gemini-structured-request.operation.1:expression.else.fields.payload.fields.wireRequest.else.when.right,mechanic,completed,VALUE,sda-semantic-value-graph-provider.v1,2026-10-06T04:57:26.0835401Z,2026-10-06T04:57:26.0836748Z,2026-10-06T04:57:26.369Z
2200,10929.7,10929.7,0,11217,287.3,nested edge,10 summarize-results-model-port,,cell:mechanic:project-gemini-structured-request.operation.1:expression.else.fields.payload.fields.wireRequest.else.when:dependency:result,,admitted,,,2026-10-06T04:57:26.0837335Z,2026-10-06T04:57:26.0837469Z,2026-10-06T04:57:26.371Z
2201,10929.8,10929.9,0.1,11218,288.1,expression,10 summarize-results-model-port,,cell:mechanic:project-gemini-structured-request.operation.1:expression.else.fields.payload.fields.wireRequest.else.when,mechanic,completed,TRUE,sda-semantic-value-graph-provider.v1,2026-10-06T04:57:26.0837909Z,2026-10-06T04:57:26.0839372Z,2026-10-06T04:57:26.372Z
2202,10930,10930,0,11220,290,nested edge,10 summarize-results-model-port,,cell:mechanic:project-gemini-structured-request.operation.1:expression.else.fields.payload.fields.wireRequest.else:selection:predicate,,admitted,,,2026-10-06T04:57:26.0839969Z,2026-10-06T04:57:26.0840110Z,2026-10-06T04:57:26.374Z
2203,10930,10930.2,0.1,11223,292.8,expression,10 summarize-results-model-port,,cell:mechanic:project-gemini-structured-request.operation.1:expression.else.fields.payload.fields.wireRequest.else:selection,mechanic,completed,TRUE,,2026-10-06T04:57:26.0840578Z,2026-10-06T04:57:26.0841867Z,2026-10-06T04:57:26.377Z
2204,10930.2,10930.2,0,11226,295.7,nested edge,10 summarize-results-model-port,,cell:mechanic:project-gemini-structured-request.operation.1:expression.else.fields.payload.fields.wireRequest.else:selection:true,,admitted,,,2026-10-06T04:57:26.0842537Z,2026-10-06T04:57:26.0842682Z,2026-10-06T04:57:26.380Z
2205,10930.3,10930.7,0.4,11227,296.2,expression,10 summarize-results-model-port,,cell:mechanic:project-gemini-structured-request.operation.1:expression.else.fields.payload.fields.wireRequest.else.then.fields.contents,mechanic,completed,VALUE,sda-semantic-value-graph-provider.v1,2026-10-06T04:57:26.0843188Z,2026-10-06T04:57:26.0847602Z,2026-10-06T04:57:26.381Z
2206,10931.3,10931.4,0,11229,297.6,nested edge,10 summarize-results-model-port,,cell:mechanic:project-gemini-structured-request.operation.1:expression.else.fields.payload.fields.wireRequest.else.then:dependency:1,,admitted,,,2026-10-06T04:57:26.0853689Z,2026-10-06T04:57:26.0853950Z,2026-10-06T04:57:26.383Z
2207,10931.4,10931.6,0.1,11231,299.4,expression,10 summarize-results-model-port,,cell:mechanic:project-gemini-structured-request.operation.1:expression.else.fields.payload.fields.wireRequest.else.then.fields.generationConfig.fields.maxOutputTokens,mechanic,completed,VALUE,sda-semantic-value-graph-provider.v1,2026-10-06T04:57:26.0854428Z,2026-10-06T04:57:26.0855846Z,2026-10-06T04:57:26.385Z
2208,10931.6,10931.6,0,11233,301.3,nested edge,10 summarize-results-model-port,,cell:mechanic:project-gemini-structured-request.operation.1:expression.else.fields.payload.fields.wireRequest.else.then.fields.generationConfig:dependency:1,,admitted,,,2026-10-06T04:57:26.0856409Z,2026-10-06T04:57:26.0856512Z,2026-10-06T04:57:26.387Z
2209,10931.7,10931.8,0.1,11235,303.2,expression,10 summarize-results-model-port,,cell:mechanic:project-gemini-structured-request.operation.1:expression.else.fields.payload.fields.wireRequest.else.then.fields.generationConfig.fields.responseMimeType,mechanic,completed,VALUE,sda-semantic-value-graph-provider.v1,2026-10-06T04:57:26.0856977Z,2026-10-06T04:57:26.0858211Z,2026-10-06T04:57:26.389Z
2210,10931.9,10931.9,0,11237,305.1,nested edge,10 summarize-results-model-port,,cell:mechanic:project-gemini-structured-request.operation.1:expression.else.fields.payload.fields.wireRequest.else.then.fields.generationConfig:dependency:2,,admitted,,,2026-10-06T04:57:26.0858877Z,2026-10-06T04:57:26.0858978Z,2026-10-06T04:57:26.391Z
2211,10931.9,10932,0.1,11240,307.9,expression,10 summarize-results-model-port,,cell:mechanic:project-gemini-structured-request.operation.1:expression.else.fields.payload.fields.wireRequest.else.then.fields.generationConfig.fields.responseSchema,mechanic,completed,VALUE,sda-semantic-value-graph-provider.v1,2026-10-06T04:57:26.0859399Z,2026-10-06T04:57:26.0860638Z,2026-10-06T04:57:26.394Z
2212,10932.1,10932.1,0,11243,310.9,nested edge,10 summarize-results-model-port,,cell:mechanic:project-gemini-structured-request.operation.1:expression.else.fields.payload.fields.wireRequest.else.then.fields.generationConfig:dependency:3,,admitted,,,2026-10-06T04:57:26.0861177Z,2026-10-06T04:57:26.0861305Z,2026-10-06T04:57:26.397Z
2213,10932.1,10932.3,0.1,11245,312.7,expression,10 summarize-results-model-port,,cell:mechanic:project-gemini-structured-request.operation.1:expression.else.fields.payload.fields.wireRequest.else.then.fields.generationConfig.fields.temperature,mechanic,completed,VALUE,sda-semantic-value-graph-provider.v1,2026-10-06T04:57:26.0861702Z,2026-10-06T04:57:26.0862808Z,2026-10-06T04:57:26.399Z
2214,10932.3,10932.3,0,11248,315.7,nested edge,10 summarize-results-model-port,,cell:mechanic:project-gemini-structured-request.operation.1:expression.else.fields.payload.fields.wireRequest.else.then.fields.generationConfig:dependency:result,,admitted,,,2026-10-06T04:57:26.0863252Z,2026-10-06T04:57:26.0863318Z,2026-10-06T04:57:26.402Z
2215,10932.3,10932.4,0.1,11250,317.6,expression,10 summarize-results-model-port,,cell:mechanic:project-gemini-structured-request.operation.1:expression.else.fields.payload.fields.wireRequest.else.then.fields.generationConfig,mechanic,completed,VALUE,sda-semantic-value-graph-provider.v1,2026-10-06T04:57:26.0863590Z,2026-10-06T04:57:26.0864406Z,2026-10-06T04:57:26.404Z
2216,10932.5,10932.5,0,11252,319.5,nested edge,10 summarize-results-model-port,,cell:mechanic:project-gemini-structured-request.operation.1:expression.else.fields.payload.fields.wireRequest.else.then:dependency:2,,admitted,,,2026-10-06T04:57:26.0864818Z,2026-10-06T04:57:26.0864915Z,2026-10-06T04:57:26.406Z
2217,10932.5,10932.6,0.1,11254,321.4,expression,10 summarize-results-model-port,,cell:mechanic:project-gemini-structured-request.operation.1:expression.else.fields.payload.fields.wireRequest.else.then.fields.systemInstruction,mechanic,completed,VALUE,sda-semantic-value-graph-provider.v1,2026-10-06T04:57:26.0865199Z,2026-10-06T04:57:26.0866048Z,2026-10-06T04:57:26.408Z
2218,10932.6,10932.6,0,11256,323.3,nested edge,10 summarize-results-model-port,,cell:mechanic:project-gemini-structured-request.operation.1:expression.else.fields.payload.fields.wireRequest.else.then:dependency:result,,admitted,,,2026-10-06T04:57:26.0866481Z,2026-10-06T04:57:26.0866568Z,2026-10-06T04:57:26.410Z
2219,10932.7,10932.8,0.1,11258,325.2,expression,10 summarize-results-model-port,,cell:mechanic:project-gemini-structured-request.operation.1:expression.else.fields.payload.fields.wireRequest.else.then,mechanic,completed,VALUE,sda-semantic-value-graph-provider.v1,2026-10-06T04:57:26.0866831Z,2026-10-06T04:57:26.0867802Z,2026-10-06T04:57:26.412Z
2220,10932.8,10932.8,0,11260,327.2,nested edge,10 summarize-results-model-port,,cell:mechanic:project-gemini-structured-request.operation.1:expression.else.fields.payload.fields.wireRequest.else:then-result,,admitted,,,2026-10-06T04:57:26.0868253Z,2026-10-06T04:57:26.0868409Z,2026-10-06T04:57:26.414Z
2221,10932.8,10932.9,0.1,11262,329,expression,10 summarize-results-model-port,,cell:mechanic:project-gemini-structured-request.operation.1:expression.else.fields.payload.fields.wireRequest.else,mechanic,completed,VALUE,sda-semantic-value-graph-provider.v1,2026-10-06T04:57:26.0868669Z,2026-10-06T04:57:26.0869614Z,2026-10-06T04:57:26.416Z
2222,10933,10933,0,11263,330,nested edge,10 summarize-results-model-port,,cell:mechanic:project-gemini-structured-request.operation.1:expression.else.fields.payload.fields.wireRequest:else-result,,admitted,,,2026-10-06T04:57:26.0870058Z,2026-10-06T04:57:26.0870201Z,2026-10-06T04:57:26.417Z
2223,10933,10933.1,0.1,11265,331.9,expression,10 summarize-results-model-port,,cell:mechanic:project-gemini-structured-request.operation.1:expression.else.fields.payload.fields.wireRequest,mechanic,completed,VALUE,sda-semantic-value-graph-provider.v1,2026-10-06T04:57:26.0870486Z,2026-10-06T04:57:26.0871414Z,2026-10-06T04:57:26.419Z
2224,10933.2,10933.2,0,11267,333.8,nested edge,10 summarize-results-model-port,,cell:mechanic:project-gemini-structured-request.operation.1:expression.else.fields.payload:dependency:result,,admitted,,,2026-10-06T04:57:26.0871854Z,2026-10-06T04:57:26.0871997Z,2026-10-06T04:57:26.421Z
2225,10933.2,10933.3,0.1,11269,335.6,expression,10 summarize-results-model-port,,cell:mechanic:project-gemini-structured-request.operation.1:expression.else.fields.payload,mechanic,completed,projected,sda-semantic-value-graph-provider.v1,2026-10-06T04:57:26.0872230Z,2026-10-06T04:57:26.0873592Z,2026-10-06T04:57:26.423Z
2226,10933.5,10933.5,0,11271,337.4,nested edge,10 summarize-results-model-port,,cell:mechanic:project-gemini-structured-request.operation.1:expression.else:dependency:result,,admitted,,,2026-10-06T04:57:26.0875147Z,2026-10-06T04:57:26.0875571Z,2026-10-06T04:57:26.425Z
2227,10933.6,10933.8,0.2,11273,339.1,expression,10 summarize-results-model-port,,cell:mechanic:project-gemini-structured-request.operation.1:expression.else,mechanic,completed,VALUE,sda-semantic-value-graph-provider.v1,2026-10-06T04:57:26.0876106Z,2026-10-06T04:57:26.0878589Z,2026-10-06T04:57:26.427Z
2228,10933.9,10934,0,11275,341,nested edge,10 summarize-results-model-port,,cell:mechanic:project-gemini-structured-request.operation.1:expression:else-result,,admitted,,,2026-10-06T04:57:26.0879430Z,2026-10-06T04:57:26.0879797Z,2026-10-06T04:57:26.429Z
2229,10934,10934.2,0.2,11276,341.8,expression,10 summarize-results-model-port,,cell:mechanic:project-gemini-structured-request.operation.1:expression,mechanic,completed,VALUE,sda-semantic-value-graph-provider.v1,2026-10-06T04:57:26.0880238Z,2026-10-06T04:57:26.0882275Z,2026-10-06T04:57:26.430Z
2230,10934.3,10934.3,0,11279,344.6,nested edge,10 summarize-results-model-port,,edge:return:cell:mechanic:project-gemini-structured-request.operation.1:expression:cell:mechanic:project-gemini-structured-request.operation.1:0,,admitted,,,2026-10-06T04:57:26.0883203Z,2026-10-06T04:57:26.0883561Z,2026-10-06T04:57:26.433Z
2232,10934.7,10934.7,0,11282,347.3,nested edge,10 summarize-results-model-port,,edge:return:project-gemini-structured-request,,admitted,,,2026-10-06T04:57:26.0887066Z,2026-10-06T04:57:26.0887353Z,2026-10-06T04:57:26.436Z
2233,10934.8,10934.9,0.1,11284,349.1,nested scenario,10 summarize-results-model-port,,cell:scenario:project-gemini-structured-request,scenario,completed,TERMINAL,,2026-10-06T04:57:26.0887779Z,2026-10-06T04:57:26.0889108Z,2026-10-06T04:57:26.438Z
2235,10936.2,10936.3,0.1,11288,351.7,nested edge,10 summarize-results-model-port,,edge:sequence:execute-projected-model-provider-attempt:1,,admitted,,,2026-10-06T04:57:26.0902376Z,2026-10-06T04:57:26.0902972Z,2026-10-06T04:57:26.442Z
2256,10936.3,10944.5,8.1,11329,384.5,nested step,10 summarize-results-model-port,prepare-request-body-port,cell:mechanic:execute-projected-model-provider-attempt.operation.2,mechanic,completed,SUCCESS,sda-semantic-value-graph-provider.v1,2026-10-06T04:57:26.0903656Z,2026-10-06T04:57:26.0984837Z,2026-10-06T04:57:26.483Z
2236,10936.5,10936.8,0.3,11289,352.2,expression,10 summarize-results-model-port,,cell:mechanic:execute-projected-model-provider-attempt.operation.2:expression.values.0,mechanic,completed,VALUE,sda-semantic-value-graph-provider.v1,2026-10-06T04:57:26.0904964Z,2026-10-06T04:57:26.0908128Z,2026-10-06T04:57:26.443Z
2237,10936.9,10937,0.1,11291,354,nested edge,10 summarize-results-model-port,,cell:mechanic:execute-projected-model-provider-attempt.operation.2:expression:dependency:1,,admitted,,,2026-10-06T04:57:26.0909341Z,2026-10-06T04:57:26.0909934Z,2026-10-06T04:57:26.445Z
2238,10937,10939.1,2.1,11293,353.8,expression,10 summarize-results-model-port,,cell:mechanic:execute-projected-model-provider-attempt.operation.2:expression.values.1.fields.requestBodyProjectionRequest.fields.contractId,mechanic,completed,VALUE,sda-semantic-value-graph-provider.v1,2026-10-06T04:57:26.0910508Z,2026-10-06T04:57:26.0931697Z,2026-10-06T04:57:26.447Z
2239,10939.3,10939.3,0,11295,355.7,nested edge,10 summarize-results-model-port,,cell:mechanic:execute-projected-model-provider-attempt.operation.2:expression.values.1.fields.requestBodyProjectionRequest:dependency:1,,admitted,,,2026-10-06T04:57:26.0933132Z,2026-10-06T04:57:26.0933263Z,2026-10-06T04:57:26.449Z
2240,10939.3,10939.5,0.1,11296,356.5,expression,10 summarize-results-model-port,,cell:mechanic:execute-projected-model-provider-attempt.operation.2:expression.values.1.fields.requestBodyProjectionRequest.fields.payload.fields.invocationIdentity,mechanic,completed,VALUE,sda-semantic-value-graph-provider.v1,2026-10-06T04:57:26.0933650Z,2026-10-06T04:57:26.0935086Z,2026-10-06T04:57:26.450Z
2241,10939.6,10939.6,0,11298,358.4,nested edge,10 summarize-results-model-port,,cell:mechanic:execute-projected-model-provider-attempt.operation.2:expression.values.1.fields.requestBodyProjectionRequest.fields.payload:dependency:1,,admitted,,,2026-10-06T04:57:26.0935854Z,2026-10-06T04:57:26.0935954Z,2026-10-06T04:57:26.452Z
2242,10939.6,10939.7,0.1,11300,360.2,expression,10 summarize-results-model-port,,cell:mechanic:execute-projected-model-provider-attempt.operation.2:expression.values.1.fields.requestBodyProjectionRequest.fields.payload.fields.projectionAuthorityIdentity,mechanic,completed,VALUE,sda-semantic-value-graph-provider.v1,2026-10-06T04:57:26.0936379Z,2026-10-06T04:57:26.0937595Z,2026-10-06T04:57:26.454Z
2243,10939.8,10939.8,0,11302,362.2,nested edge,10 summarize-results-model-port,,cell:mechanic:execute-projected-model-provider-attempt.operation.2:expression.values.1.fields.requestBodyProjectionRequest.fields.payload:dependency:2,,admitted,,,2026-10-06T04:57:26.0938121Z,2026-10-06T04:57:26.0938200Z,2026-10-06T04:57:26.456Z
2244,10939.8,10940,0.1,11304,364,expression,10 summarize-results-model-port,,cell:mechanic:execute-projected-model-provider-attempt.operation.2:expression.values.1.fields.requestBodyProjectionRequest.fields.payload.fields.providerAdapterIdentity,mechanic,completed,VALUE,sda-semantic-value-graph-provider.v1,2026-10-06T04:57:26.0938609Z,2026-10-06T04:57:26.0939750Z,2026-10-06T04:57:26.458Z
2245,10940,10940,0,11308,368,nested edge,10 summarize-results-model-port,,cell:mechanic:execute-projected-model-provider-attempt.operation.2:expression.values.1.fields.requestBodyProjectionRequest.fields.payload:dependency:3,,admitted,,,2026-10-06T04:57:26.0940248Z,2026-10-06T04:57:26.0940321Z,2026-10-06T04:57:26.462Z
2246,10940,10942.7,2.6,11310,367.3,expression,10 summarize-results-model-port,,cell:mechanic:execute-projected-model-provider-attempt.operation.2:expression.values.1.fields.requestBodyProjectionRequest.fields.payload.fields.wireRequestDocument,mechanic,completed,VALUE,sda-semantic-value-graph-provider.v1,2026-10-06T04:57:26.0940677Z,2026-10-06T04:57:26.0966982Z,2026-10-06T04:57:26.464Z
2247,10942.8,10942.8,0.1,11312,369.2,nested edge,10 summarize-results-model-port,,cell:mechanic:execute-projected-model-provider-attempt.operation.2:expression.values.1.fields.requestBodyProjectionRequest.fields.payload:dependency:result,,admitted,,,2026-10-06T04:57:26.0967859Z,2026-10-06T04:57:26.0968363Z,2026-10-06T04:57:26.466Z
2248,10942.9,10943.1,0.2,11314,370.9,expression,10 summarize-results-model-port,,cell:mechanic:execute-projected-model-provider-attempt.operation.2:expression.values.1.fields.requestBodyProjectionRequest.fields.payload,mechanic,completed,VALUE,sda-semantic-value-graph-provider.v1,2026-10-06T04:57:26.0968855Z,2026-10-06T04:57:26.0970752Z,2026-10-06T04:57:26.468Z
2249,10943.1,10943.1,0,11315,371.8,nested edge,10 summarize-results-model-port,,cell:mechanic:execute-projected-model-provider-attempt.operation.2:expression.values.1.fields.requestBodyProjectionRequest:dependency:result,,admitted,,,2026-10-06T04:57:26.0971478Z,2026-10-06T04:57:26.0971726Z,2026-10-06T04:57:26.469Z
2250,10943.2,10943.4,0.2,11317,373.6,expression,10 summarize-results-model-port,,cell:mechanic:execute-projected-model-provider-attempt.operation.2:expression.values.1.fields.requestBodyProjectionRequest,mechanic,completed,VALUE,sda-semantic-value-graph-provider.v1,2026-10-06T04:57:26.0972130Z,2026-10-06T04:57:26.0973926Z,2026-10-06T04:57:26.471Z
2251,10943.4,10943.5,0,11319,375.5,nested edge,10 summarize-results-model-port,,cell:mechanic:execute-projected-model-provider-attempt.operation.2:expression.values.1:dependency:result,,admitted,,,2026-10-06T04:57:26.0974594Z,2026-10-06T04:57:26.0974805Z,2026-10-06T04:57:26.473Z
2252,10943.5,10943.6,0.2,11321,377.3,expression,10 summarize-results-model-port,,cell:mechanic:execute-projected-model-provider-attempt.operation.2:expression.values.1,mechanic,completed,VALUE,sda-semantic-value-graph-provider.v1,2026-10-06T04:57:26.0975128Z,2026-10-06T04:57:26.0976716Z,2026-10-06T04:57:26.475Z
2253,10943.7,10943.7,0,11323,379.2,nested edge,10 summarize-results-model-port,,cell:mechanic:execute-projected-model-provider-attempt.operation.2:expression:dependency:result,,admitted,,,2026-10-06T04:57:26.0977357Z,2026-10-06T04:57:26.0977576Z,2026-10-06T04:57:26.477Z
2254,10943.8,10944,0.2,11325,381,expression,10 summarize-results-model-port,,cell:mechanic:execute-projected-model-provider-attempt.operation.2:expression,mechanic,completed,VALUE,sda-semantic-value-graph-provider.v1,2026-10-06T04:57:26.0977895Z,2026-10-06T04:57:26.0980229Z,2026-10-06T04:57:26.479Z
2255,10944.1,10944.2,0.1,11327,382.8,nested edge,10 summarize-results-model-port,,edge:return:cell:mechanic:execute-projected-model-provider-attempt.operation.2:expression:cell:mechanic:execute-projected-model-provider-attempt.operation.2:0,,admitted,,,2026-10-06T04:57:26.0981302Z,2026-10-06T04:57:26.0981824Z,2026-10-06T04:57:26.481Z
2257,10944.6,10944.7,0.1,11331,386.3,nested edge,10 summarize-results-model-port,,edge:sequence:execute-projected-model-provider-attempt:2,,admitted,,,2026-10-06T04:57:26.0986515Z,2026-10-06T04:57:26.0987152Z,2026-10-06T04:57:26.485Z
2258,10944.7,10963.5,18.7,11333,369.5,nested step,10 summarize-results-model-port,project-request-body-port,cell:mechanic:execute-projected-model-provider-attempt.operation.3,mechanic,completed,SUCCESS,node:provider:sda-projected-capability-invocation-port.v2,2026-10-06T04:57:26.0987539Z,2026-10-06T04:57:26.1174966Z,2026-10-06T04:57:26.487Z
2259,10965,10965.1,0.1,11334,368.9,nested edge,10 summarize-results-model-port,,edge:sequence:execute-projected-model-provider-attempt:3,,admitted,,,2026-10-06T04:57:26.1189916Z,2026-10-06T04:57:26.1190764Z,2026-10-06T04:57:26.488Z
2284,10965.1,10982.4,17.3,11380,397.6,nested step,10 summarize-results-model-port,prepare-credential-binding-port,cell:mechanic:execute-projected-model-provider-attempt.operation.4,mechanic,completed,SUCCESS,sda-semantic-value-graph-provider.v1,2026-10-06T04:57:26.1191188Z,2026-10-06T04:57:26.1364256Z,2026-10-06T04:57:26.534Z
2260,10965.3,10965.6,0.4,11336,370.4,expression,10 summarize-results-model-port,,cell:mechanic:execute-projected-model-provider-attempt.operation.4:expression.values.0,mechanic,completed,VALUE,sda-semantic-value-graph-provider.v1,2026-10-06T04:57:26.1192938Z,2026-10-06T04:57:26.1196478Z,2026-10-06T04:57:26.490Z
2261,10965.8,10965.9,0.1,11338,372.1,nested edge,10 summarize-results-model-port,,cell:mechanic:execute-projected-model-provider-attempt.operation.4:expression:dependency:1,,admitted,,,2026-10-06T04:57:26.1198474Z,2026-10-06T04:57:26.1199230Z,2026-10-06T04:57:26.492Z
2262,10969.2,10969.5,0.3,11340,370.5,expression,10 summarize-results-model-port,,cell:mechanic:execute-projected-model-provider-attempt.operation.4:expression.values.1.fields.credentialBindingRequest.fields.contractId,mechanic,completed,VALUE,sda-semantic-value-graph-provider.v1,2026-10-06T04:57:26.1232226Z,2026-10-06T04:57:26.1234864Z,2026-10-06T04:57:26.494Z
2263,10970.2,10970.2,0,11342,371.7,nested edge,10 summarize-results-model-port,,cell:mechanic:execute-projected-model-provider-attempt.operation.4:expression.values.1.fields.credentialBindingRequest:dependency:1,,admitted,,,2026-10-06T04:57:26.1242478Z,2026-10-06T04:57:26.1242686Z,2026-10-06T04:57:26.496Z
2264,10970.5,10970.7,0.2,11344,373.3,expression,10 summarize-results-model-port,,cell:mechanic:execute-projected-model-provider-attempt.operation.4:expression.values.1.fields.credentialBindingRequest.fields.payload.fields.credentialReference,mechanic,completed,VALUE,sda-semantic-value-graph-provider.v1,2026-10-06T04:57:26.1245402Z,2026-10-06T04:57:26.1247016Z,2026-10-06T04:57:26.498Z
2265,10970.9,10970.9,0,11345,374,nested edge,10 summarize-results-model-port,,cell:mechanic:execute-projected-model-provider-attempt.operation.4:expression.values.1.fields.credentialBindingRequest.fields.payload:dependency:1,,admitted,,,2026-10-06T04:57:26.1249407Z,2026-10-06T04:57:26.1249608Z,2026-10-06T04:57:26.499Z
2266,10972.3,10972.5,0.2,11347,374.5,expression,10 summarize-results-model-port,,cell:mechanic:execute-projected-model-provider-attempt.operation.4:expression.values.1.fields.credentialBindingRequest.fields.payload.fields.effectLineage,mechanic,completed,VALUE,sda-semantic-value-graph-provider.v1,2026-10-06T04:57:26.1263418Z,2026-10-06T04:57:26.1264974Z,2026-10-06T04:57:26.501Z
2267,10972.5,10972.6,0,11349,376.4,nested edge,10 summarize-results-model-port,,cell:mechanic:execute-projected-model-provider-attempt.operation.4:expression.values.1.fields.credentialBindingRequest.fields.payload:dependency:2,,admitted,,,2026-10-06T04:57:26.1265669Z,2026-10-06T04:57:26.1265786Z,2026-10-06T04:57:26.503Z
2268,10972.6,10972.7,0.1,11351,378.2,expression,10 summarize-results-model-port,,cell:mechanic:execute-projected-model-provider-attempt.operation.4:expression.values.1.fields.credentialBindingRequest.fields.payload.fields.effectScope,mechanic,completed,VALUE,sda-semantic-value-graph-provider.v1,2026-10-06T04:57:26.1266178Z,2026-10-06T04:57:26.1267591Z,2026-10-06T04:57:26.505Z
2269,10972.8,10972.8,0,11353,380.2,nested edge,10 summarize-results-model-port,,cell:mechanic:execute-projected-model-provider-attempt.operation.4:expression.values.1.fields.credentialBindingRequest.fields.payload:dependency:3,,admitted,,,2026-10-06T04:57:26.1268149Z,2026-10-06T04:57:26.1268229Z,2026-10-06T04:57:26.507Z
2270,10972.8,10974.4,1.6,11355,380.5,expression,10 summarize-results-model-port,,cell:mechanic:execute-projected-model-provider-attempt.operation.4:expression.values.1.fields.credentialBindingRequest.fields.payload.fields.endpointAuthorityDigest,mechanic,completed,VALUE,sda-semantic-value-graph-provider.v1,2026-10-06T04:57:26.1268606Z,2026-10-06T04:57:26.1284603Z,2026-10-06T04:57:26.509Z
2271,10974.5,10974.5,0,11357,382.5,nested edge,10 summarize-results-model-port,,cell:mechanic:execute-projected-model-provider-attempt.operation.4:expression.values.1.fields.credentialBindingRequest.fields.payload:dependency:4,,admitted,,,2026-10-06T04:57:26.1285281Z,2026-10-06T04:57:26.1285409Z,2026-10-06T04:57:26.511Z
2272,10974.6,10974.7,0.2,11359,384.3,expression,10 summarize-results-model-port,,cell:mechanic:execute-projected-model-provider-attempt.operation.4:expression.values.1.fields.credentialBindingRequest.fields.payload.fields.invocationIdentity,mechanic,completed,VALUE,sda-semantic-value-graph-provider.v1,2026-10-06T04:57:26.1285834Z,2026-10-06T04:57:26.1287441Z,2026-10-06T04:57:26.513Z
2273,10974.8,10976.8,2,11361,384.2,nested edge,10 summarize-results-model-port,,cell:mechanic:execute-projected-model-provider-attempt.operation.4:expression.values.1.fields.credentialBindingRequest.fields.payload:dependency:5,,admitted,,,2026-10-06T04:57:26.1288021Z,2026-10-06T04:57:26.1308245Z,2026-10-06T04:57:26.515Z
2274,10976.9,10977,0.2,11362,385,expression,10 summarize-results-model-port,,cell:mechanic:execute-projected-model-provider-attempt.operation.4:expression.values.1.fields.credentialBindingRequest.fields.payload.fields.requestingCapabilityId,mechanic,completed,VALUE,sda-semantic-value-graph-provider.v1,2026-10-06T04:57:26.1308920Z,2026-10-06T04:57:26.1310433Z,2026-10-06T04:57:26.516Z
2275,10977.1,10977.1,0,11364,386.9,nested edge,10 summarize-results-model-port,,cell:mechanic:execute-projected-model-provider-attempt.operation.4:expression.values.1.fields.credentialBindingRequest.fields.payload:dependency:result,,admitted,,,2026-10-06T04:57:26.1311054Z,2026-10-06T04:57:26.1311178Z,2026-10-06T04:57:26.518Z
2276,10977.1,10977.3,0.2,11366,388.7,expression,10 summarize-results-model-port,,cell:mechanic:execute-projected-model-provider-attempt.operation.4:expression.values.1.fields.credentialBindingRequest.fields.payload,mechanic,completed,VALUE,sda-semantic-value-graph-provider.v1,2026-10-06T04:57:26.1311624Z,2026-10-06T04:57:26.1313232Z,2026-10-06T04:57:26.520Z
2277,10977.4,10977.4,0,11367,389.6,nested edge,10 summarize-results-model-port,,cell:mechanic:execute-projected-model-provider-attempt.operation.4:expression.values.1.fields.credentialBindingRequest:dependency:result,,admitted,,,2026-10-06T04:57:26.1313831Z,2026-10-06T04:57:26.1313969Z,2026-10-06T04:57:26.521Z
2278,10977.4,10977.6,0.1,11369,391.4,expression,10 summarize-results-model-port,,cell:mechanic:execute-projected-model-provider-attempt.operation.4:expression.values.1.fields.credentialBindingRequest,mechanic,completed,VALUE,sda-semantic-value-graph-provider.v1,2026-10-06T04:57:26.1314345Z,2026-10-06T04:57:26.1315829Z,2026-10-06T04:57:26.523Z
2279,10977.6,10977.6,0,11371,393.4,nested edge,10 summarize-results-model-port,,cell:mechanic:execute-projected-model-provider-attempt.operation.4:expression.values.1:dependency:result,,admitted,,,2026-10-06T04:57:26.1316345Z,2026-10-06T04:57:26.1316497Z,2026-10-06T04:57:26.525Z
2280,10977.7,10977.8,0.2,11373,395.1,expression,10 summarize-results-model-port,,cell:mechanic:execute-projected-model-provider-attempt.operation.4:expression.values.1,mechanic,completed,VALUE,sda-semantic-value-graph-provider.v1,2026-10-06T04:57:26.1316915Z,2026-10-06T04:57:26.1318732Z,2026-10-06T04:57:26.527Z
2281,10977.9,10977.9,0,11375,397,nested edge,10 summarize-results-model-port,,cell:mechanic:execute-projected-model-provider-attempt.operation.4:expression:dependency:result,,admitted,,,2026-10-06T04:57:26.1319421Z,2026-10-06T04:57:26.1319627Z,2026-10-06T04:57:26.529Z
2282,10978,10978.3,0.3,11376,397.7,expression,10 summarize-results-model-port,,cell:mechanic:execute-projected-model-provider-attempt.operation.4:expression,mechanic,completed,VALUE,sda-semantic-value-graph-provider.v1,2026-10-06T04:57:26.1320100Z,2026-10-06T04:57:26.1323417Z,2026-10-06T04:57:26.530Z
2283,10978.5,10979.1,0.6,11378,398.9,nested edge,10 summarize-results-model-port,,edge:return:cell:mechanic:execute-projected-model-provider-attempt.operation.4:expression:cell:mechanic:execute-projected-model-provider-attempt.operation.4:0,,admitted,,,2026-10-06T04:57:26.1325002Z,2026-10-06T04:57:26.1330919Z,2026-10-06T04:57:26.532Z
2285,10982.6,10982.7,0.1,11382,399.2,nested edge,10 summarize-results-model-port,,edge:sequence:execute-projected-model-provider-attempt:4,,admitted,,,2026-10-06T04:57:26.1366709Z,2026-10-06T04:57:26.1367687Z,2026-10-06T04:57:26.536Z
2286,10982.8,11021.3,38.5,11384,362.7,nested step,10 summarize-results-model-port,bind-credential-port,cell:mechanic:execute-projected-model-provider-attempt.operation.5,mechanic,completed,SUCCESS,node:provider:sda-projected-capability-invocation-port.v2,2026-10-06T04:57:26.1368505Z,2026-10-06T04:57:26.1753286Z,2026-10-06T04:57:26.538Z
2287,11021.6,11021.7,0.1,11386,364.2,nested edge,10 summarize-results-model-port,,edge:sequence:execute-projected-model-provider-attempt:5,,admitted,,,2026-10-06T04:57:26.1756586Z,2026-10-06T04:57:26.1757598Z,2026-10-06T04:57:26.540Z
2338,11021.8,11035.4,13.7,11487,451.5,nested step,10 summarize-results-model-port,prepare-http-exchange-port,cell:mechanic:execute-projected-model-provider-attempt.operation.6,mechanic,completed,SUCCESS,sda-semantic-value-graph-provider.v1,2026-10-06T04:57:26.1758067Z,2026-10-06T04:57:26.1894653Z,2026-10-06T04:57:26.641Z
2288,11021.9,11022.3,0.4,11388,365.6,expression,10 summarize-results-model-port,,cell:mechanic:execute-projected-model-provider-attempt.operation.6:expression.values.0,mechanic,completed,VALUE,sda-semantic-value-graph-provider.v1,2026-10-06T04:57:26.1759588Z,2026-10-06T04:57:26.1763699Z,2026-10-06T04:57:26.542Z
2289,11022.9,11023,0.1,11389,365.9,nested edge,10 summarize-results-model-port,,cell:mechanic:execute-projected-model-provider-attempt.operation.6:expression:dependency:1,,admitted,,,2026-10-06T04:57:26.1769675Z,2026-10-06T04:57:26.1770675Z,2026-10-06T04:57:26.543Z
2290,11023.1,11024.8,1.7,11391,366.2,expression,10 summarize-results-model-port,,cell:mechanic:execute-projected-model-provider-attempt.operation.6:expression.values.1.fields.httpExchangeRequest.fields.contractId,mechanic,completed,VALUE,sda-semantic-value-graph-provider.v1,2026-10-06T04:57:26.1771162Z,2026-10-06T04:57:26.1787749Z,2026-10-06T04:57:26.545Z
2291,11025.2,11025.5,0.4,11393,367.4,nested edge,10 summarize-results-model-port,,cell:mechanic:execute-projected-model-provider-attempt.operation.6:expression.values.1.fields.httpExchangeRequest:dependency:1,,admitted,,,2026-10-06T04:57:26.1791839Z,2026-10-06T04:57:26.1795646Z,2026-10-06T04:57:26.547Z
2292,11025.6,11025.8,0.2,11395,369.2,expression,10 summarize-results-model-port,,cell:mechanic:execute-projected-model-provider-attempt.operation.6:expression.values.1.fields.httpExchangeRequest.fields.payload.fields.allowedResponseHeaders,mechanic,completed,VALUE,sda-semantic-value-graph-provider.v1,2026-10-06T04:57:26.1796271Z,2026-10-06T04:57:26.1797962Z,2026-10-06T04:57:26.549Z
2293,11025.8,11025.8,0,11397,371.1,nested edge,10 summarize-results-model-port,,cell:mechanic:execute-projected-model-provider-attempt.operation.6:expression.values.1.fields.httpExchangeRequest.fields.payload:dependency:1,,admitted,,,2026-10-06T04:57:26.1798599Z,2026-10-06T04:57:26.1798733Z,2026-10-06T04:57:26.551Z
2294,11025.9,11027,1.1,11399,372,expression,10 summarize-results-model-port,,cell:mechanic:execute-projected-model-provider-attempt.operation.6:expression.values.1.fields.httpExchangeRequest.fields.payload.fields.cancellationScopeReference,mechanic,completed,VALUE,sda-semantic-value-graph-provider.v1,2026-10-06T04:57:26.1799187Z,2026-10-06T04:57:26.1809951Z,2026-10-06T04:57:26.553Z
2295,11027,11027.1,0,11400,372.9,nested edge,10 summarize-results-model-port,,cell:mechanic:execute-projected-model-provider-attempt.operation.6:expression.values.1.fields.httpExchangeRequest.fields.payload:dependency:2,,admitted,,,2026-10-06T04:57:26.1810668Z,2026-10-06T04:57:26.1810821Z,2026-10-06T04:57:26.554Z
2296,11027.1,11027.2,0.1,11402,374.7,expression,10 summarize-results-model-port,,cell:mechanic:execute-projected-model-provider-attempt.operation.6:expression.values.1.fields.httpExchangeRequest.fields.payload.fields.credentialInjectionRuleId,mechanic,completed,VALUE,sda-semantic-value-graph-provider.v1,2026-10-06T04:57:26.1811306Z,2026-10-06T04:57:26.1812719Z,2026-10-06T04:57:26.556Z
2297,11027.3,11027.3,0,11404,376.7,nested edge,10 summarize-results-model-port,,cell:mechanic:execute-projected-model-provider-attempt.operation.6:expression.values.1.fields.httpExchangeRequest.fields.payload:dependency:3,,admitted,,,2026-10-06T04:57:26.1813336Z,2026-10-06T04:57:26.1813446Z,2026-10-06T04:57:26.558Z
2298,11027.4,11027.5,0.1,11406,378.5,expression,10 summarize-results-model-port,,cell:mechanic:execute-projected-model-provider-attempt.operation.6:expression.values.1.fields.httpExchangeRequest.fields.payload.fields.effectLineage,mechanic,completed,VALUE,sda-semantic-value-graph-provider.v1,2026-10-06T04:57:26.1813941Z,2026-10-06T04:57:26.1815248Z,2026-10-06T04:57:26.560Z
2299,11027.6,11027.6,0,11408,380.4,nested edge,10 summarize-results-model-port,,cell:mechanic:execute-projected-model-provider-attempt.operation.6:expression.values.1.fields.httpExchangeRequest.fields.payload:dependency:4,,admitted,,,2026-10-06T04:57:26.1815827Z,2026-10-06T04:57:26.1815953Z,2026-10-06T04:57:26.562Z
2300,11027.6,11027.7,0.1,11411,383.2,expression,10 summarize-results-model-port,,cell:mechanic:execute-projected-model-provider-attempt.operation.6:expression.values.1.fields.httpExchangeRequest.fields.payload.fields.endpointAuthorityDigest,mechanic,completed,VALUE,sda-semantic-value-graph-provider.v1,2026-10-06T04:57:26.1816442Z,2026-10-06T04:57:26.1817711Z,2026-10-06T04:57:26.565Z
2301,11027.8,11027.8,0,11413,385.2,nested edge,10 summarize-results-model-port,,cell:mechanic:execute-projected-model-provider-attempt.operation.6:expression.values.1.fields.httpExchangeRequest.fields.payload:dependency:5,,admitted,,,2026-10-06T04:57:26.1818296Z,2026-10-06T04:57:26.1818413Z,2026-10-06T04:57:26.567Z
2302,11027.9,11028.1,0.2,11415,386.9,expression,10 summarize-results-model-port,,cell:mechanic:execute-projected-model-provider-attempt.operation.6:expression.values.1.fields.httpExchangeRequest.fields.payload.fields.exchangeKind,mechanic,completed,VALUE,sda-semantic-value-graph-provider.v1,2026-10-06T04:57:26.1818862Z,2026-10-06T04:57:26.1821143Z,2026-10-06T04:57:26.569Z
2303,11028.2,11028.2,0,11417,388.8,nested edge,10 summarize-results-model-port,,cell:mechanic:execute-projected-model-provider-attempt.operation.6:expression.values.1.fields.httpExchangeRequest.fields.payload:dependency:6,,admitted,,,2026-10-06T04:57:26.1821870Z,2026-10-06T04:57:26.1822007Z,2026-10-06T04:57:26.571Z
2304,11028.2,11029.3,1.1,11418,388.7,expression,10 summarize-results-model-port,,cell:mechanic:execute-projected-model-provider-attempt.operation.6:expression.values.1.fields.httpExchangeRequest.fields.payload.fields.invocationIdentity,mechanic,completed,VALUE,sda-semantic-value-graph-provider.v1,2026-10-06T04:57:26.1822579Z,2026-10-06T04:57:26.1833455Z,2026-10-06T04:57:26.572Z
2305,11029.4,11029.4,0,11421,391.6,nested edge,10 summarize-results-model-port,,cell:mechanic:execute-projected-model-provider-attempt.operation.6:expression.values.1.fields.httpExchangeRequest.fields.payload:dependency:7,,admitted,,,2026-10-06T04:57:26.1834098Z,2026-10-06T04:57:26.1834194Z,2026-10-06T04:57:26.575Z
2306,11029.4,11029.6,0.1,11423,393.4,expression,10 summarize-results-model-port,,cell:mechanic:execute-projected-model-provider-attempt.operation.6:expression.values.1.fields.httpExchangeRequest.fields.payload.fields.lineageId,mechanic,completed,VALUE,sda-semantic-value-graph-provider.v1,2026-10-06T04:57:26.1834620Z,2026-10-06T04:57:26.1836007Z,2026-10-06T04:57:26.577Z
2307,11029.6,11029.6,0,11425,395.3,nested edge,10 summarize-results-model-port,,cell:mechanic:execute-projected-model-provider-attempt.operation.6:expression.values.1.fields.httpExchangeRequest.fields.payload:dependency:8,,admitted,,,2026-10-06T04:57:26.1836639Z,2026-10-06T04:57:26.1836738Z,2026-10-06T04:57:26.579Z
2308,11029.7,11029.9,0.2,11426,396.1,expression,10 summarize-results-model-port,,cell:mechanic:execute-projected-model-provider-attempt.operation.6:expression.values.1.fields.httpExchangeRequest.fields.payload.fields.maxResponseBytes,mechanic,completed,VALUE,sda-semantic-value-graph-provider.v1,2026-10-06T04:57:26.1837192Z,2026-10-06T04:57:26.1838874Z,2026-10-06T04:57:26.580Z
2309,11029.9,11029.9,0,11430,400,nested edge,10 summarize-results-model-port,,cell:mechanic:execute-projected-model-provider-attempt.operation.6:expression.values.1.fields.httpExchangeRequest.fields.payload:dependency:9,,admitted,,,2026-10-06T04:57:26.1839480Z,2026-10-06T04:57:26.1839595Z,2026-10-06T04:57:26.584Z
2310,11030,11030.1,0.1,11432,401.8,expression,10 summarize-results-model-port,,cell:mechanic:execute-projected-model-provider-attempt.operation.6:expression.values.1.fields.httpExchangeRequest.fields.payload.fields.method,mechanic,completed,VALUE,sda-semantic-value-graph-provider.v1,2026-10-06T04:57:26.1840069Z,2026-10-06T04:57:26.1841549Z,2026-10-06T04:57:26.586Z
2311,11030.2,11030.2,0,11434,403.8,nested edge,10 summarize-results-model-port,,cell:mechanic:execute-projected-model-provider-attempt.operation.6:expression.values.1.fields.httpExchangeRequest.fields.payload:dependency:10,,admitted,,,2026-10-06T04:57:26.1842140Z,2026-10-06T04:57:26.1842263Z,2026-10-06T04:57:26.588Z
2312,11030.2,11030.5,0.3,11436,405.5,expression,10 summarize-results-model-port,,cell:mechanic:execute-projected-model-provider-attempt.operation.6:expression.values.1.fields.httpExchangeRequest.fields.payload.fields.opaqueCredentialBinding.fields.bindingId,mechanic,completed,VALUE,sda-semantic-value-graph-provider.v1,2026-10-06T04:57:26.1842738Z,2026-10-06T04:57:26.1845277Z,2026-10-06T04:57:26.590Z
2313,11030.6,11030.6,0,11438,407.4,nested edge,10 summarize-results-model-port,,cell:mechanic:execute-projected-model-provider-attempt.operation.6:expression.values.1.fields.httpExchangeRequest.fields.payload.fields.opaqueCredentialBinding:dependency:1,,admitted,,,2026-10-06T04:57:26.1845851Z,2026-10-06T04:57:26.1845972Z,2026-10-06T04:57:26.592Z
2314,11030.6,11030.8,0.1,11439,408.2,expression,10 summarize-results-model-port,,cell:mechanic:execute-projected-model-provider-attempt.operation.6:expression.values.1.fields.httpExchangeRequest.fields.payload.fields.opaqueCredentialBinding.fields.credentialInjectionRuleId,mechanic,completed,VALUE,sda-semantic-value-graph-provider.v1,2026-10-06T04:57:26.1846485Z,2026-10-06T04:57:26.1847767Z,2026-10-06T04:57:26.593Z
2315,11030.8,11030.9,0,11441,410.1,nested edge,10 summarize-results-model-port,,cell:mechanic:execute-projected-model-provider-attempt.operation.6:expression.values.1.fields.httpExchangeRequest.fields.payload.fields.opaqueCredentialBinding:dependency:result,,admitted,,,2026-10-06T04:57:26.1848724Z,2026-10-06T04:57:26.1848899Z,2026-10-06T04:57:26.595Z
2316,11030.9,11031.1,0.2,11446,414.9,expression,10 summarize-results-model-port,,cell:mechanic:execute-projected-model-provider-attempt.operation.6:expression.values.1.fields.httpExchangeRequest.fields.payload.fields.opaqueCredentialBinding,mechanic,completed,VALUE,sda-semantic-value-graph-provider.v1,2026-10-06T04:57:26.1849492Z,2026-10-06T04:57:26.1851168Z,2026-10-06T04:57:26.600Z
2317,11031.2,11031.2,0,11447,415.8,nested edge,10 summarize-results-model-port,,cell:mechanic:execute-projected-model-provider-attempt.operation.6:expression.values.1.fields.httpExchangeRequest.fields.payload:dependency:11,,admitted,,,2026-10-06T04:57:26.1851890Z,2026-10-06T04:57:26.1852065Z,2026-10-06T04:57:26.601Z
2318,11031.2,11031.4,0.2,11449,417.6,expression,10 summarize-results-model-port,,cell:mechanic:execute-projected-model-provider-attempt.operation.6:expression.values.1.fields.httpExchangeRequest.fields.payload.fields.redirectPolicy,mechanic,completed,VALUE,sda-semantic-value-graph-provider.v1,2026-10-06T04:57:26.1852683Z,2026-10-06T04:57:26.1854337Z,2026-10-06T04:57:26.603Z
2319,11032.7,11032.7,0,11451,418.3,nested edge,10 summarize-results-model-port,,cell:mechanic:execute-projected-model-provider-attempt.operation.6:expression.values.1.fields.httpExchangeRequest.fields.payload:dependency:12,,admitted,,,2026-10-06T04:57:26.1866850Z,2026-10-06T04:57:26.1867029Z,2026-10-06T04:57:26.605Z
2320,11032.7,11032.9,0.2,11453,420.1,expression,10 summarize-results-model-port,,cell:mechanic:execute-projected-model-provider-attempt.operation.6:expression.values.1.fields.httpExchangeRequest.fields.payload.fields.requestBodyText,mechanic,completed,VALUE,sda-semantic-value-graph-provider.v1,2026-10-06T04:57:26.1867557Z,2026-10-06T04:57:26.1869299Z,2026-10-06T04:57:26.607Z
2321,11033,11033,0,11455,422,nested edge,10 summarize-results-model-port,,cell:mechanic:execute-projected-model-provider-attempt.operation.6:expression.values.1.fields.httpExchangeRequest.fields.payload:dependency:13,,admitted,,,2026-10-06T04:57:26.1870024Z,2026-10-06T04:57:26.1870182Z,2026-10-06T04:57:26.609Z
2322,11033,11033.2,0.2,11457,423.8,expression,10 summarize-results-model-port,,cell:mechanic:execute-projected-model-provider-attempt.operation.6:expression.values.1.fields.httpExchangeRequest.fields.payload.fields.requestUrl,mechanic,completed,VALUE,sda-semantic-value-graph-provider.v1,2026-10-06T04:57:26.1870597Z,2026-10-06T04:57:26.1872137Z,2026-10-06T04:57:26.611Z
2323,11033.2,11033.3,0,11459,425.7,nested edge,10 summarize-results-model-port,,cell:mechanic:execute-projected-model-provider-attempt.operation.6:expression.values.1.fields.httpExchangeRequest.fields.payload:dependency:14,,admitted,,,2026-10-06T04:57:26.1872705Z,2026-10-06T04:57:26.1872803Z,2026-10-06T04:57:26.613Z
2324,11033.3,11033.4,0.1,11460,426.6,expression,10 summarize-results-model-port,,cell:mechanic:execute-projected-model-provider-attempt.operation.6:expression.values.1.fields.httpExchangeRequest.fields.payload.fields.safeHeaders.fields.content-type,mechanic,completed,VALUE,sda-semantic-value-graph-provider.v1,2026-10-06T04:57:26.1873111Z,2026-10-06T04:57:26.1873969Z,2026-10-06T04:57:26.614Z
2325,11033.4,11033.4,0,11462,428.6,nested edge,10 summarize-results-model-port,,cell:mechanic:execute-projected-model-provider-attempt.operation.6:expression.values.1.fields.httpExchangeRequest.fields.payload.fields.safeHeaders:dependency:result,,admitted,,,2026-10-06T04:57:26.1874358Z,2026-10-06T04:57:26.1874415Z,2026-10-06T04:57:26.616Z
2326,11033.4,11033.5,0.1,11464,430.4,expression,10 summarize-results-model-port,,cell:mechanic:execute-projected-model-provider-attempt.operation.6:expression.values.1.fields.httpExchangeRequest.fields.payload.fields.safeHeaders,mechanic,completed,VALUE,sda-semantic-value-graph-provider.v1,2026-10-06T04:57:26.1874739Z,2026-10-06T04:57:26.1875566Z,2026-10-06T04:57:26.618Z
2327,11033.6,11033.6,0,11466,432.4,nested edge,10 summarize-results-model-port,,cell:mechanic:execute-projected-model-provider-attempt.operation.6:expression.values.1.fields.httpExchangeRequest.fields.payload:dependency:15,,admitted,,,2026-10-06T04:57:26.1875981Z,2026-10-06T04:57:26.1876165Z,2026-10-06T04:57:26.620Z
2328,11033.6,11033.7,0.1,11467,433.3,expression,10 summarize-results-model-port,,cell:mechanic:execute-projected-model-provider-attempt.operation.6:expression.values.1.fields.httpExchangeRequest.fields.payload.fields.timeoutMilliseconds,mechanic,completed,VALUE,sda-semantic-value-graph-provider.v1,2026-10-06T04:57:26.1876424Z,2026-10-06T04:57:26.1877215Z,2026-10-06T04:57:26.621Z
2329,11033.7,11033.7,0,11469,435.2,nested edge,10 summarize-results-model-port,,cell:mechanic:execute-projected-model-provider-attempt.operation.6:expression.values.1.fields.httpExchangeRequest.fields.payload:dependency:result,,admitted,,,2026-10-06T04:57:26.1877595Z,2026-10-06T04:57:26.1877648Z,2026-10-06T04:57:26.623Z
2330,11033.8,11033.9,0.1,11471,437.1,expression,10 summarize-results-model-port,,cell:mechanic:execute-projected-model-provider-attempt.operation.6:expression.values.1.fields.httpExchangeRequest.fields.payload,mechanic,completed,VALUE,sda-semantic-value-graph-provider.v1,2026-10-06T04:57:26.1877902Z,2026-10-06T04:57:26.1879022Z,2026-10-06T04:57:26.625Z
2331,11033.9,11033.9,0,11473,439,nested edge,10 summarize-results-model-port,,cell:mechanic:execute-projected-model-provider-attempt.operation.6:expression.values.1.fields.httpExchangeRequest:dependency:result,,admitted,,,2026-10-06T04:57:26.1879464Z,2026-10-06T04:57:26.1879626Z,2026-10-06T04:57:26.627Z
2332,11034,11034.1,0.1,11475,440.9,expression,10 summarize-results-model-port,,cell:mechanic:execute-projected-model-provider-attempt.operation.6:expression.values.1.fields.httpExchangeRequest,mechanic,completed,VALUE,sda-semantic-value-graph-provider.v1,2026-10-06T04:57:26.1879894Z,2026-10-06T04:57:26.1881175Z,2026-10-06T04:57:26.629Z
2333,11034.1,11034.2,0,11477,442.8,nested edge,10 summarize-results-model-port,,cell:mechanic:execute-projected-model-provider-attempt.operation.6:expression.values.1:dependency:result,,admitted,,,2026-10-06T04:57:26.1881724Z,2026-10-06T04:57:26.1881889Z,2026-10-06T04:57:26.631Z
2334,11034.2,11034.3,0.1,11479,444.7,expression,10 summarize-results-model-port,,cell:mechanic:execute-projected-model-provider-attempt.operation.6:expression.values.1,mechanic,completed,VALUE,sda-semantic-value-graph-provider.v1,2026-10-06T04:57:26.1882129Z,2026-10-06T04:57:26.1883454Z,2026-10-06T04:57:26.633Z
2335,11034.4,11034.4,0,11481,446.6,nested edge,10 summarize-results-model-port,,cell:mechanic:execute-projected-model-provider-attempt.operation.6:expression:dependency:result,,admitted,,,2026-10-06T04:57:26.1883961Z,2026-10-06T04:57:26.1884118Z,2026-10-06T04:57:26.635Z
2336,11034.4,11034.7,0.2,11483,448.3,expression,10 summarize-results-model-port,,cell:mechanic:execute-projected-model-provider-attempt.operation.6:expression,mechanic,completed,VALUE,sda-semantic-value-graph-provider.v1,2026-10-06T04:57:26.1884362Z,2026-10-06T04:57:26.1886790Z,2026-10-06T04:57:26.637Z
2337,11034.8,11034.9,0.2,11485,450,nested edge,10 summarize-results-model-port,,edge:return:cell:mechanic:execute-projected-model-provider-attempt.operation.6:expression:cell:mechanic:execute-projected-model-provider-attempt.operation.6:0,,admitted,,,2026-10-06T04:57:26.1887913Z,2026-10-06T04:57:26.1889643Z,2026-10-06T04:57:26.639Z
2339,11036.3,11036.4,0.1,11489,452.6,nested edge,10 summarize-results-model-port,,edge:sequence:execute-projected-model-provider-attempt:6,,admitted,,,2026-10-06T04:57:26.1902942Z,2026-10-06T04:57:26.1904230Z,2026-10-06T04:57:26.643Z
2342,11036.5,13507.4,2471,13509,1.5,nested step,10 summarize-results-model-port,observe-http-port,cell:mechanic:execute-projected-model-provider-attempt.operation.7,mechanic,completed,SUCCESS,node:provider:sda-projected-capability-invocation-port.v2,2026-10-06T04:57:26.1904772Z,2026-10-06T04:57:28.6614544Z,2026-10-06T04:57:28.663Z
2340,,,,13498,,evidence record,10 summarize-results-model-port,,projected-capability-invocation,,completed,,,,,2026-10-06T04:57:28.652Z
2341,,,,13502,,evidence record,10 summarize-results-model-port,,projected-capability-invocation,,,,,,,2026-10-06T04:57:28.656Z
2343,13507.6,13507.8,0.1,13512,4.2,nested edge,10 summarize-results-model-port,,edge:sequence:execute-projected-model-provider-attempt:7,,admitted,,,2026-10-06T04:57:28.6616723Z,2026-10-06T04:57:28.6617972Z,2026-10-06T04:57:28.666Z
2424,13507.8,13530.4,22.6,13886,355.5,nested step,10 summarize-results-model-port,prepare-provider-normalization-port,cell:mechanic:execute-projected-model-provider-attempt.operation.8,mechanic,completed,SUCCESS,sda-semantic-value-graph-provider.v1,2026-10-06T04:57:28.6618504Z,2026-10-06T04:57:28.6844553Z,2026-10-06T04:57:29.040Z
2344,13508,13508.4,0.4,13515,6.6,expression,10 summarize-results-model-port,,cell:mechanic:execute-projected-model-provider-attempt.operation.8:expression.bindings.parsedResponse.when.left,mechanic,completed,VALUE,sda-semantic-value-graph-provider.v1,2026-10-06T04:57:28.6620512Z,2026-10-06T04:57:28.6624415Z,2026-10-06T04:57:28.669Z
2345,13508.6,13508.6,0,13518,9.4,nested edge,10 summarize-results-model-port,,cell:mechanic:execute-projected-model-provider-attempt.operation.8:expression.bindings.parsedResponse.when:dependency:1,,admitted,,,2026-10-06T04:57:28.6626273Z,2026-10-06T04:57:28.6626376Z,2026-10-06T04:57:28.672Z
2346,13508.7,13508.8,0.1,13523,14.2,expression,10 summarize-results-model-port,,cell:mechanic:execute-projected-model-provider-attempt.operation.8:expression.bindings.parsedResponse.when.right,mechanic,completed,VALUE,sda-semantic-value-graph-provider.v1,2026-10-06T04:57:28.6626767Z,2026-10-06T04:57:28.6628227Z,2026-10-06T04:57:28.677Z
2347,13509,13509,0,13525,16,nested edge,10 summarize-results-model-port,,cell:mechanic:execute-projected-model-provider-attempt.operation.8:expression.bindings.parsedResponse.when:dependency:result,,admitted,,,2026-10-06T04:57:28.6630268Z,2026-10-06T04:57:28.6630456Z,2026-10-06T04:57:28.679Z
2348,13509.1,13509.2,0.2,13530,20.7,expression,10 summarize-results-model-port,,cell:mechanic:execute-projected-model-provider-attempt.operation.8:expression.bindings.parsedResponse.when,mechanic,completed,TRUE,sda-semantic-value-graph-provider.v1,2026-10-06T04:57:28.6630964Z,2026-10-06T04:57:28.6632699Z,2026-10-06T04:57:28.684Z
2349,13509.3,13509.3,0,13533,23.6,nested edge,10 summarize-results-model-port,,cell:mechanic:execute-projected-model-provider-attempt.operation.8:expression.bindings.parsedResponse:selection:predicate,,admitted,,,2026-10-06T04:57:28.6633369Z,2026-10-06T04:57:28.6633522Z,2026-10-06T04:57:28.687Z
2350,13509.4,13509.5,0.1,13535,25.5,expression,10 summarize-results-model-port,,cell:mechanic:execute-projected-model-provider-attempt.operation.8:expression.bindings.parsedResponse:selection,mechanic,completed,TRUE,,2026-10-06T04:57:28.6634001Z,2026-10-06T04:57:28.6635376Z,2026-10-06T04:57:28.689Z
2351,13509.6,13509.6,0,13557,47.4,nested edge,10 summarize-results-model-port,,cell:mechanic:execute-projected-model-provider-attempt.operation.8:expression.bindings.parsedResponse:selection:true,,admitted,,,2026-10-06T04:57:28.6635964Z,2026-10-06T04:57:28.6636105Z,2026-10-06T04:57:28.711Z
2352,13509.6,13509.8,0.2,13568,58.2,expression,10 summarize-results-model-port,,cell:mechanic:execute-projected-model-provider-attempt.operation.8:expression.bindings.parsedResponse.then.value.value,mechanic,completed,VALUE,sda-semantic-value-graph-provider.v1,2026-10-06T04:57:28.6636583Z,2026-10-06T04:57:28.6638312Z,2026-10-06T04:57:28.722Z
2353,13509.9,13509.9,0,13583,73.1,nested edge,10 summarize-results-model-port,,cell:mechanic:execute-projected-model-provider-attempt.operation.8:expression.bindings.parsedResponse.then.value:dependency:result,,admitted,,,2026-10-06T04:57:28.6638917Z,2026-10-06T04:57:28.6639069Z,2026-10-06T04:57:28.737Z
2354,13509.9,13510.2,0.2,13611,100.8,expression,10 summarize-results-model-port,,cell:mechanic:execute-projected-model-provider-attempt.operation.8:expression.bindings.parsedResponse.then.value,mechanic,completed,VALUE,sda-semantic-value-graph-provider.v1,2026-10-06T04:57:28.6639547Z,2026-10-06T04:57:28.6641798Z,2026-10-06T04:57:28.765Z
2355,13511,13511,0,13615,103.9,nested edge,10 summarize-results-model-port,,cell:mechanic:execute-projected-model-provider-attempt.operation.8:expression.bindings.parsedResponse.then:dependency:result,,admitted,,,2026-10-06T04:57:28.6650307Z,2026-10-06T04:57:28.6650585Z,2026-10-06T04:57:28.769Z
2356,13511.1,13511.3,0.2,13618,106.7,expression,10 summarize-results-model-port,,cell:mechanic:execute-projected-model-provider-attempt.operation.8:expression.bindings.parsedResponse.then,mechanic,completed,VALUE,sda-semantic-value-graph-provider.v1,2026-10-06T04:57:28.6651112Z,2026-10-06T04:57:28.6653292Z,2026-10-06T04:57:28.772Z
2357,13511.4,13511.4,0,13623,111.6,nested edge,10 summarize-results-model-port,,cell:mechanic:execute-projected-model-provider-attempt.operation.8:expression.bindings.parsedResponse:then-result,,admitted,,,2026-10-06T04:57:28.6653832Z,2026-10-06T04:57:28.6654010Z,2026-10-06T04:57:28.777Z
2358,13511.4,13511.5,0.1,13625,113.5,expression,10 summarize-results-model-port,,cell:mechanic:execute-projected-model-provider-attempt.operation.8:expression.bindings.parsedResponse,mechanic,completed,VALUE,sda-semantic-value-graph-provider.v1,2026-10-06T04:57:28.6654285Z,2026-10-06T04:57:28.6655434Z,2026-10-06T04:57:28.779Z
2359,13511.6,13511.6,0,13631,119.4,nested edge,10 summarize-results-model-port,,cell:mechanic:execute-projected-model-provider-attempt.operation.8:expression:dependency:1,,admitted,,,2026-10-06T04:57:28.6655894Z,2026-10-06T04:57:28.6656032Z,2026-10-06T04:57:28.785Z
2360,13511.6,13511.8,0.2,13634,122.1,expression,10 summarize-results-model-port,,cell:mechanic:execute-projected-model-provider-attempt.operation.8:expression.value.values.0,mechanic,completed,VALUE,sda-semantic-value-graph-provider.v1,2026-10-06T04:57:28.6656279Z,2026-10-06T04:57:28.6658560Z,2026-10-06T04:57:28.788Z
2361,13512,13512,0.1,13638,126,nested edge,10 summarize-results-model-port,,cell:mechanic:execute-projected-model-provider-attempt.operation.8:expression.value:dependency:1,,admitted,,,2026-10-06T04:57:28.6659764Z,2026-10-06T04:57:28.6660470Z,2026-10-06T04:57:28.792Z
2362,13512.1,13512.5,0.4,13642,129.5,expression,10 summarize-results-model-port,,cell:mechanic:execute-projected-model-provider-attempt.operation.8:expression.value.values.1.fields.parsedProviderResponse,mechanic,completed,VALUE,sda-semantic-value-graph-provider.v1,2026-10-06T04:57:28.6660848Z,2026-10-06T04:57:28.6664887Z,2026-10-06T04:57:28.796Z
2363,13512.7,13512.7,0,13644,131.3,nested edge,10 summarize-results-model-port,,cell:mechanic:execute-projected-model-provider-attempt.operation.8:expression.value.values.1:dependency:1,,admitted,,,2026-10-06T04:57:28.6667039Z,2026-10-06T04:57:28.6667180Z,2026-10-06T04:57:28.798Z
2364,13512.7,13512.9,0.2,13645,132.1,expression,10 summarize-results-model-port,,cell:mechanic:execute-projected-model-provider-attempt.operation.8:expression.value.values.1.fields.protocolNormalizationRequest.fields.contractId,mechanic,completed,VALUE,sda-semantic-value-graph-provider.v1,2026-10-06T04:57:28.6667723Z,2026-10-06T04:57:28.6669392Z,2026-10-06T04:57:28.799Z
2365,13513,13513,0,13649,136,nested edge,10 summarize-results-model-port,,cell:mechanic:execute-projected-model-provider-attempt.operation.8:expression.value.values.1.fields.protocolNormalizationRequest:dependency:1,,admitted,,,2026-10-06T04:57:28.6670051Z,2026-10-06T04:57:28.6670186Z,2026-10-06T04:57:28.803Z
2366,13513,13513.2,0.2,13652,138.8,expression,10 summarize-results-model-port,,cell:mechanic:execute-projected-model-provider-attempt.operation.8:expression.value.values.1.fields.protocolNormalizationRequest.fields.payload.fields.adapterIdentity,mechanic,completed,VALUE,sda-semantic-value-graph-provider.v1,2026-10-06T04:57:28.6670711Z,2026-10-06T04:57:28.6672358Z,2026-10-06T04:57:28.806Z
2367,13513.3,13513.3,0,13656,142.7,nested edge,10 summarize-results-model-port,,cell:mechanic:execute-projected-model-provider-attempt.operation.8:expression.value.values.1.fields.protocolNormalizationRequest.fields.payload:dependency:1,,admitted,,,2026-10-06T04:57:28.6673005Z,2026-10-06T04:57:28.6673161Z,2026-10-06T04:57:28.810Z
2368,13513.3,13514.2,0.8,13659,144.8,expression,10 summarize-results-model-port,,cell:mechanic:execute-projected-model-provider-attempt.operation.8:expression.value.values.1.fields.protocolNormalizationRequest.fields.payload.fields.observation.fields.finishReason.when.left,mechanic,completed,VALUE,sda-semantic-value-graph-provider.v1,2026-10-06T04:57:28.6673688Z,2026-10-06T04:57:28.6682136Z,2026-10-06T04:57:28.813Z
2369,13514.3,13514.4,0,13663,148.6,nested edge,10 summarize-results-model-port,,cell:mechanic:execute-projected-model-provider-attempt.operation.8:expression.value.values.1.fields.protocolNormalizationRequest.fields.payload.fields.observation.fields.finishReason.when:dependency:1,,admitted,,,2026-10-06T04:57:28.6683709Z,2026-10-06T04:57:28.6683867Z,2026-10-06T04:57:28.817Z
2370,13514.4,13514.6,0.2,13665,150.4,expression,10 summarize-results-model-port,,cell:mechanic:execute-projected-model-provider-attempt.operation.8:expression.value.values.1.fields.protocolNormalizationRequest.fields.payload.fields.observation.fields.finishReason.when.right,mechanic,completed,VALUE,sda-semantic-value-graph-provider.v1,2026-10-06T04:57:28.6684362Z,2026-10-06T04:57:28.6685891Z,2026-10-06T04:57:28.819Z
2371,13514.6,13514.6,0,13671,156.3,nested edge,10 summarize-results-model-port,,cell:mechanic:execute-projected-model-provider-attempt.operation.8:expression.value.values.1.fields.protocolNormalizationRequest.fields.payload.fields.observation.fields.finishReason.when:dependency:result,,admitted,,,2026-10-06T04:57:28.6686480Z,2026-10-06T04:57:28.6686563Z,2026-10-06T04:57:28.825Z
2372,13514.7,13514.9,0.2,13674,159.1,expression,10 summarize-results-model-port,,cell:mechanic:execute-projected-model-provider-attempt.operation.8:expression.value.values.1.fields.protocolNormalizationRequest.fields.payload.fields.observation.fields.finishReason.when,mechanic,completed,TRUE,sda-semantic-value-graph-provider.v1,2026-10-06T04:57:28.6687008Z,2026-10-06T04:57:28.6688854Z,2026-10-06T04:57:28.828Z
2373,13514.9,13514.9,0,13680,165,nested edge,10 summarize-results-model-port,,cell:mechanic:execute-projected-model-provider-attempt.operation.8:expression.value.values.1.fields.protocolNormalizationRequest.fields.payload.fields.observation.fields.finishReason:selection:predicate,,admitted,,,2026-10-06T04:57:28.6689524Z,2026-10-06T04:57:28.6689669Z,2026-10-06T04:57:28.834Z
2374,13515,13515.1,0.1,13683,167.8,expression,10 summarize-results-model-port,,cell:mechanic:execute-projected-model-provider-attempt.operation.8:expression.value.values.1.fields.protocolNormalizationRequest.fields.payload.fields.observation.fields.finishReason:selection,mechanic,completed,TRUE,,2026-10-06T04:57:28.6690233Z,2026-10-06T04:57:28.6691566Z,2026-10-06T04:57:28.837Z
2375,13515.2,13515.2,0,13686,170.7,nested edge,10 summarize-results-model-port,,cell:mechanic:execute-projected-model-provider-attempt.operation.8:expression.value.values.1.fields.protocolNormalizationRequest.fields.payload.fields.observation.fields.finishReason:selection:true,,admitted,,,2026-10-06T04:57:28.6692259Z,2026-10-06T04:57:28.6692627Z,2026-10-06T04:57:28.840Z
2376,13515.3,13515.5,0.2,13705,189.5,expression,10 summarize-results-model-port,,cell:mechanic:execute-projected-model-provider-attempt.operation.8:expression.value.values.1.fields.protocolNormalizationRequest.fields.payload.fields.observation.fields.finishReason.then,mechanic,completed,VALUE,sda-semantic-value-graph-provider.v1,2026-10-06T04:57:28.6693286Z,2026-10-06T04:57:28.6694911Z,2026-10-06T04:57:28.859Z
2377,13515.5,13515.5,0,13711,195.4,nested edge,10 summarize-results-model-port,,cell:mechanic:execute-projected-model-provider-attempt.operation.8:expression.value.values.1.fields.protocolNormalizationRequest.fields.payload.fields.observation.fields.finishReason:then-result,,admitted,,,2026-10-06T04:57:28.6695547Z,2026-10-06T04:57:28.6695669Z,2026-10-06T04:57:28.865Z
2378,13515.6,13515.8,0.2,13714,198.2,expression,10 summarize-results-model-port,,cell:mechanic:execute-projected-model-provider-attempt.operation.8:expression.value.values.1.fields.protocolNormalizationRequest.fields.payload.fields.observation.fields.finishReason,mechanic,completed,VALUE,sda-semantic-value-graph-provider.v1,2026-10-06T04:57:28.6696211Z,2026-10-06T04:57:28.6697821Z,2026-10-06T04:57:28.868Z
2379,13515.8,13515.8,0,13720,204.1,nested edge,10 summarize-results-model-port,,cell:mechanic:execute-projected-model-provider-attempt.operation.8:expression.value.values.1.fields.protocolNormalizationRequest.fields.payload.fields.observation:dependency:1,,admitted,,,2026-10-06T04:57:28.6698421Z,2026-10-06T04:57:28.6698547Z,2026-10-06T04:57:28.874Z
2380,13515.9,13516,0.2,13723,206.9,expression,10 summarize-results-model-port,,cell:mechanic:execute-projected-model-provider-attempt.operation.8:expression.value.values.1.fields.protocolNormalizationRequest.fields.payload.fields.observation.fields.text.when.left,mechanic,completed,VALUE,sda-semantic-value-graph-provider.v1,2026-10-06T04:57:28.6699084Z,2026-10-06T04:57:28.6700704Z,2026-10-06T04:57:28.877Z
2381,13516.1,13516.1,0,13730,213.9,nested edge,10 summarize-results-model-port,,cell:mechanic:execute-projected-model-provider-attempt.operation.8:expression.value.values.1.fields.protocolNormalizationRequest.fields.payload.fields.observation.fields.text.when:dependency:1,,admitted,,,2026-10-06T04:57:28.6701297Z,2026-10-06T04:57:28.6701406Z,2026-10-06T04:57:28.884Z
2382,13516.2,13516.3,0.1,13734,217.7,expression,10 summarize-results-model-port,,cell:mechanic:execute-projected-model-provider-attempt.operation.8:expression.value.values.1.fields.protocolNormalizationRequest.fields.payload.fields.observation.fields.text.when.right,mechanic,completed,VALUE,sda-semantic-value-graph-provider.v1,2026-10-06T04:57:28.6701860Z,2026-10-06T04:57:28.6703352Z,2026-10-06T04:57:28.888Z
2383,13516.4,13516.4,0,13737,220.6,nested edge,10 summarize-results-model-port,,cell:mechanic:execute-projected-model-provider-attempt.operation.8:expression.value.values.1.fields.protocolNormalizationRequest.fields.payload.fields.observation.fields.text.when:dependency:result,,admitted,,,2026-10-06T04:57:28.6703927Z,2026-10-06T04:57:28.6704014Z,2026-10-06T04:57:28.891Z
2384,13516.4,13516.6,0.2,13739,222.4,expression,10 summarize-results-model-port,,cell:mechanic:execute-projected-model-provider-attempt.operation.8:expression.value.values.1.fields.protocolNormalizationRequest.fields.payload.fields.observation.fields.text.when,mechanic,completed,TRUE,sda-semantic-value-graph-provider.v1,2026-10-06T04:57:28.6704436Z,2026-10-06T04:57:28.6706033Z,2026-10-06T04:57:28.893Z
2385,13516.6,13516.6,0,13742,225.3,nested edge,10 summarize-results-model-port,,cell:mechanic:execute-projected-model-provider-attempt.operation.8:expression.value.values.1.fields.protocolNormalizationRequest.fields.payload.fields.observation.fields.text:selection:predicate,,admitted,,,2026-10-06T04:57:28.6706587Z,2026-10-06T04:57:28.6706680Z,2026-10-06T04:57:28.896Z
2386,13516.7,13517.3,0.6,13744,226.7,expression,10 summarize-results-model-port,,cell:mechanic:execute-projected-model-provider-attempt.operation.8:expression.value.values.1.fields.protocolNormalizationRequest.fields.payload.fields.observation.fields.text:selection,mechanic,completed,TRUE,,2026-10-06T04:57:28.6707114Z,2026-10-06T04:57:28.6712881Z,2026-10-06T04:57:28.898Z
2387,13517.3,13517.3,0,13747,229.6,nested edge,10 summarize-results-model-port,,cell:mechanic:execute-projected-model-provider-attempt.operation.8:expression.value.values.1.fields.protocolNormalizationRequest.fields.payload.fields.observation.fields.text:selection:true,,admitted,,,2026-10-06T04:57:28.6713562Z,2026-10-06T04:57:28.6713720Z,2026-10-06T04:57:28.901Z
2388,13517.4,13517.6,0.2,13750,232.4,expression,10 summarize-results-model-port,,cell:mechanic:execute-projected-model-provider-attempt.operation.8:expression.value.values.1.fields.protocolNormalizationRequest.fields.payload.fields.observation.fields.text.then.when.in,mechanic,completed,VALUE,sda-semantic-value-graph-provider.v1,2026-10-06T04:57:28.6714290Z,2026-10-06T04:57:28.6716070Z,2026-10-06T04:57:28.904Z
2389,13517.7,13517.7,0,13753,235.3,nested edge,10 summarize-results-model-port,,cell:mechanic:execute-projected-model-provider-attempt.operation.8:expression.value.values.1.fields.protocolNormalizationRequest.fields.payload.fields.observation.fields.text.then.when:dependency:1,,admitted,,,2026-10-06T04:57:28.6716789Z,2026-10-06T04:57:28.6716941Z,2026-10-06T04:57:28.907Z
2390,13517.7,13517.9,0.2,13756,238.1,expression,10 summarize-results-model-port,,cell:mechanic:execute-projected-model-provider-attempt.operation.8:expression.value.values.1.fields.protocolNormalizationRequest.fields.payload.fields.observation.fields.text.then.when.value,mechanic,completed,VALUE,sda-semantic-value-graph-provider.v1,2026-10-06T04:57:28.6717445Z,2026-10-06T04:57:28.6719098Z,2026-10-06T04:57:28.910Z
2391,13518,13518,0,13759,241,nested edge,10 summarize-results-model-port,,cell:mechanic:execute-projected-model-provider-attempt.operation.8:expression.value.values.1.fields.protocolNormalizationRequest.fields.payload.fields.observation.fields.text.then.when:dependency:result,,admitted,,,2026-10-06T04:57:28.6719765Z,2026-10-06T04:57:28.6719901Z,2026-10-06T04:57:28.913Z
2392,13518,13518.4,0.4,13761,242.6,expression,10 summarize-results-model-port,,cell:mechanic:execute-projected-model-provider-attempt.operation.8:expression.value.values.1.fields.protocolNormalizationRequest.fields.payload.fields.observation.fields.text.then.when,mechanic,completed,FALSE,sda-semantic-value-graph-provider.v1,2026-10-06T04:57:28.6720444Z,2026-10-06T04:57:28.6724118Z,2026-10-06T04:57:28.915Z
2393,13518.5,13518.5,0,13764,245.5,nested edge,10 summarize-results-model-port,,cell:mechanic:execute-projected-model-provider-attempt.operation.8:expression.value.values.1.fields.protocolNormalizationRequest.fields.payload.fields.observation.fields.text.then:selection:predicate,,admitted,,,2026-10-06T04:57:28.6724811Z,2026-10-06T04:57:28.6724959Z,2026-10-06T04:57:28.918Z
2394,13518.5,13518.7,0.1,13770,251.3,expression,10 summarize-results-model-port,,cell:mechanic:execute-projected-model-provider-attempt.operation.8:expression.value.values.1.fields.protocolNormalizationRequest.fields.payload.fields.observation.fields.text.then:selection,mechanic,completed,FALSE,,2026-10-06T04:57:28.6725494Z,2026-10-06T04:57:28.6726817Z,2026-10-06T04:57:28.924Z
2395,13518.7,13518.7,0,13774,255.2,nested edge,10 summarize-results-model-port,,cell:mechanic:execute-projected-model-provider-attempt.operation.8:expression.value.values.1.fields.protocolNormalizationRequest.fields.payload.fields.observation.fields.text.then:selection:false,,admitted,,,2026-10-06T04:57:28.6727458Z,2026-10-06T04:57:28.6727589Z,2026-10-06T04:57:28.928Z
2396,13518.8,13519,0.2,13779,260,expression,10 summarize-results-model-port,,cell:mechanic:execute-projected-model-provider-attempt.operation.8:expression.value.values.1.fields.protocolNormalizationRequest.fields.payload.fields.observation.fields.text.then.else.value.from,mechanic,completed,VALUE,sda-semantic-value-graph-provider.v1,2026-10-06T04:57:28.6728350Z,2026-10-06T04:57:28.6729900Z,2026-10-06T04:57:28.933Z
2397,13519,13519,0,13782,262.9,nested edge,10 summarize-results-model-port,,cell:mechanic:execute-projected-model-provider-attempt.operation.8:expression.value.values.1.fields.protocolNormalizationRequest.fields.payload.fields.observation.fields.text.then.else.value:dependency:1,,admitted,,,2026-10-06T04:57:28.6730542Z,2026-10-06T04:57:28.6730646Z,2026-10-06T04:57:28.936Z
2398,13519.1,13519.2,0.1,13787,267.8,expression,10 summarize-results-model-port,,cell:mechanic:execute-projected-model-provider-attempt.operation.8:expression.value.values.1.fields.protocolNormalizationRequest.fields.payload.fields.observation.fields.text.then.else.value.value,mechanic,completed,VALUE,sda-semantic-value-graph-provider.v1,2026-10-06T04:57:28.6731125Z,2026-10-06T04:57:28.6732473Z,2026-10-06T04:57:28.941Z
2399,13519.3,13519.3,0,13806,286.7,nested edge,10 summarize-results-model-port,,cell:mechanic:execute-projected-model-provider-attempt.operation.8:expression.value.values.1.fields.protocolNormalizationRequest.fields.payload.fields.observation.fields.text.then.else.value:dependency:result,,admitted,,,2026-10-06T04:57:28.6733022Z,2026-10-06T04:57:28.6733105Z,2026-10-06T04:57:28.960Z
2400,13519.3,13519.7,0.3,13811,291.3,expression,10 summarize-results-model-port,,cell:mechanic:execute-projected-model-provider-attempt.operation.8:expression.value.values.1.fields.protocolNormalizationRequest.fields.payload.fields.observation.fields.text.then.else.value,mechanic,completed,VALUE,sda-semantic-value-graph-provider.v1,2026-10-06T04:57:28.6733529Z,2026-10-06T04:57:28.6736947Z,2026-10-06T04:57:28.965Z
2401,13519.8,13519.9,0.1,13812,292.1,nested edge,10 summarize-results-model-port,,cell:mechanic:execute-projected-model-provider-attempt.operation.8:expression.value.values.1.fields.protocolNormalizationRequest.fields.payload.fields.observation.fields.text.then.else:dependency:result,,admitted,,,2026-10-06T04:57:28.6738242Z,2026-10-06T04:57:28.6738992Z,2026-10-06T04:57:28.966Z
2402,13519.9,13520.2,0.3,13814,293.7,expression,10 summarize-results-model-port,,cell:mechanic:execute-projected-model-provider-attempt.operation.8:expression.value.values.1.fields.protocolNormalizationRequest.fields.payload.fields.observation.fields.text.then.else,mechanic,completed,VALUE,sda-semantic-value-graph-provider.v1,2026-10-06T04:57:28.6739313Z,2026-10-06T04:57:28.6742555Z,2026-10-06T04:57:28.968Z
2403,13520.5,13520.6,0.1,13816,295.4,nested edge,10 summarize-results-model-port,,cell:mechanic:execute-projected-model-provider-attempt.operation.8:expression.value.values.1.fields.protocolNormalizationRequest.fields.payload.fields.observation.fields.text.then:else-result,,admitted,,,2026-10-06T04:57:28.6744951Z,2026-10-06T04:57:28.6746056Z,2026-10-06T04:57:28.970Z
2404,13520.6,13521.2,0.5,13818,296.8,expression,10 summarize-results-model-port,,cell:mechanic:execute-projected-model-provider-attempt.operation.8:expression.value.values.1.fields.protocolNormalizationRequest.fields.payload.fields.observation.fields.text.then,mechanic,completed,VALUE,sda-semantic-value-graph-provider.v1,2026-10-06T04:57:28.6746593Z,2026-10-06T04:57:28.6751920Z,2026-10-06T04:57:28.972Z
2405,13521.5,13521.6,0.1,13824,302.4,nested edge,10 summarize-results-model-port,,cell:mechanic:execute-projected-model-provider-attempt.operation.8:expression.value.values.1.fields.protocolNormalizationRequest.fields.payload.fields.observation.fields.text:then-result,,admitted,,,2026-10-06T04:57:28.6754900Z,2026-10-06T04:57:28.6756023Z,2026-10-06T04:57:28.978Z
2406,13521.6,13522.1,0.5,13826,303.8,expression,10 summarize-results-model-port,,cell:mechanic:execute-projected-model-provider-attempt.operation.8:expression.value.values.1.fields.protocolNormalizationRequest.fields.payload.fields.observation.fields.text,mechanic,completed,VALUE,sda-semantic-value-graph-provider.v1,2026-10-06T04:57:28.6756528Z,2026-10-06T04:57:28.6761707Z,2026-10-06T04:57:28.980Z
2407,13522.5,13522.6,0.1,13828,305.4,nested edge,10 summarize-results-model-port,,cell:mechanic:execute-projected-model-provider-attempt.operation.8:expression.value.values.1.fields.protocolNormalizationRequest.fields.payload.fields.observation:dependency:result,,admitted,,,2026-10-06T04:57:28.6765039Z,2026-10-06T04:57:28.6766288Z,2026-10-06T04:57:28.982Z
2408,13522.7,13523.1,0.4,13830,306.8,expression,10 summarize-results-model-port,,cell:mechanic:execute-projected-model-provider-attempt.operation.8:expression.value.values.1.fields.protocolNormalizationRequest.fields.payload.fields.observation,mechanic,completed,VALUE,sda-semantic-value-graph-provider.v1,2026-10-06T04:57:28.6767109Z,2026-10-06T04:57:28.6771508Z,2026-10-06T04:57:28.984Z
2409,13523.3,13523.5,0.1,13832,308.5,nested edge,10 summarize-results-model-port,,cell:mechanic:execute-projected-model-provider-attempt.operation.8:expression.value.values.1.fields.protocolNormalizationRequest.fields.payload:dependency:2,,admitted,,,2026-10-06T04:57:28.6773622Z,2026-10-06T04:57:28.6775031Z,2026-10-06T04:57:28.986Z
2410,13523.5,13523.9,0.4,13834,310.1,expression,10 summarize-results-model-port,,cell:mechanic:execute-projected-model-provider-attempt.operation.8:expression.value.values.1.fields.protocolNormalizationRequest.fields.payload.fields.providerKind,mechanic,completed,VALUE,sda-semantic-value-graph-provider.v1,2026-10-06T04:57:28.6775665Z,2026-10-06T04:57:28.6779372Z,2026-10-06T04:57:28.988Z
2411,13524.1,13524.1,0,13846,321.9,nested edge,10 summarize-results-model-port,,cell:mechanic:execute-projected-model-provider-attempt.operation.8:expression.value.values.1.fields.protocolNormalizationRequest.fields.payload:dependency:3,,admitted,,,2026-10-06T04:57:28.6781329Z,2026-10-06T04:57:28.6781452Z,2026-10-06T04:57:29.000Z
2412,13524.2,13524.3,0.2,13848,323.6,expression,10 summarize-results-model-port,,cell:mechanic:execute-projected-model-provider-attempt.operation.8:expression.value.values.1.fields.protocolNormalizationRequest.fields.payload.fields.requestType,mechanic,completed,VALUE,sda-semantic-value-graph-provider.v1,2026-10-06T04:57:28.6781965Z,2026-10-06T04:57:28.6783723Z,2026-10-06T04:57:29.002Z
2413,13524.4,13524.4,0,13855,330.5,nested edge,10 summarize-results-model-port,,cell:mechanic:execute-projected-model-provider-attempt.operation.8:expression.value.values.1.fields.protocolNormalizationRequest.fields.payload:dependency:result,,admitted,,,2026-10-06T04:57:28.6784395Z,2026-10-06T04:57:28.6784545Z,2026-10-06T04:57:29.009Z
2414,13524.5,13524.9,0.4,13863,338.1,expression,10 summarize-results-model-port,,cell:mechanic:execute-projected-model-provider-attempt.operation.8:expression.value.values.1.fields.protocolNormalizationRequest.fields.payload,mechanic,completed,VALUE,sda-semantic-value-graph-provider.v1,2026-10-06T04:57:28.6785049Z,2026-10-06T04:57:28.6789241Z,2026-10-06T04:57:29.017Z
2415,13525.1,13525.2,0.1,13866,340.8,nested edge,10 summarize-results-model-port,,cell:mechanic:execute-projected-model-provider-attempt.operation.8:expression.value.values.1.fields.protocolNormalizationRequest:dependency:result,,admitted,,,2026-10-06T04:57:28.6791220Z,2026-10-06T04:57:28.6792387Z,2026-10-06T04:57:29.020Z
2416,13525.3,13525.8,0.6,13868,342.1,expression,10 summarize-results-model-port,,cell:mechanic:execute-projected-model-provider-attempt.operation.8:expression.value.values.1.fields.protocolNormalizationRequest,mechanic,completed,VALUE,sda-semantic-value-graph-provider.v1,2026-10-06T04:57:28.6792901Z,2026-10-06T04:57:28.6798635Z,2026-10-06T04:57:29.022Z
2417,13526.2,13526.3,0.1,13870,343.7,nested edge,10 summarize-results-model-port,,cell:mechanic:execute-projected-model-provider-attempt.operation.8:expression.value.values.1:dependency:result,,admitted,,,2026-10-06T04:57:28.6801852Z,2026-10-06T04:57:28.6803262Z,2026-10-06T04:57:29.024Z
2418,13526.3,13526.9,0.6,13872,345,expression,10 summarize-results-model-port,,cell:mechanic:execute-projected-model-provider-attempt.operation.8:expression.value.values.1,mechanic,completed,VALUE,sda-semantic-value-graph-provider.v1,2026-10-06T04:57:28.6803716Z,2026-10-06T04:57:28.6809729Z,2026-10-06T04:57:29.026Z
2419,13527.3,13527.4,0.1,13874,346.6,nested edge,10 summarize-results-model-port,,cell:mechanic:execute-projected-model-provider-attempt.operation.8:expression.value:dependency:result,,admitted,,,2026-10-06T04:57:28.6812774Z,2026-10-06T04:57:28.6813966Z,2026-10-06T04:57:29.028Z
2420,13527.4,13528,0.6,13876,347.9,expression,10 summarize-results-model-port,,cell:mechanic:execute-projected-model-provider-attempt.operation.8:expression.value,mechanic,completed,VALUE,sda-semantic-value-graph-provider.v1,2026-10-06T04:57:28.6814678Z,2026-10-06T04:57:28.6820544Z,2026-10-06T04:57:29.030Z
2421,13528.3,13528.4,0.1,13879,350.5,nested edge,10 summarize-results-model-port,,cell:mechanic:execute-projected-model-provider-attempt.operation.8:expression:dependency:result,,admitted,,,2026-10-06T04:57:28.6823489Z,2026-10-06T04:57:28.6824691Z,2026-10-06T04:57:29.033Z
2422,13528.5,13529.2,0.7,13881,351.8,expression,10 summarize-results-model-port,,cell:mechanic:execute-projected-model-provider-attempt.operation.8:expression,mechanic,completed,VALUE,sda-semantic-value-graph-provider.v1,2026-10-06T04:57:28.6825170Z,2026-10-06T04:57:28.6831979Z,2026-10-06T04:57:29.035Z
2423,13529.6,13529.7,0.2,13883,353.2,nested edge,10 summarize-results-model-port,,edge:return:cell:mechanic:execute-projected-model-provider-attempt.operation.8:expression:cell:mechanic:execute-projected-model-provider-attempt.operation.8:0,,admitted,,,2026-10-06T04:57:28.6835910Z,2026-10-06T04:57:28.6837630Z,2026-10-06T04:57:29.037Z
2425,13530.8,13531,0.1,13891,360,nested edge,10 summarize-results-model-port,,edge:sequence:execute-projected-model-provider-attempt:8,,admitted,,,2026-10-06T04:57:28.6848520Z,2026-10-06T04:57:28.6849832Z,2026-10-06T04:57:29.045Z
2583,13531,13974.5,443.5,14479,504.5,nested step,10 summarize-results-model-port,normalize-provider-protocol-port,cell:mechanic:execute-projected-model-provider-attempt.operation.9,mechanic,completed,SUCCESS,node:provider:sda-projected-capability-invocation-port.v2,2026-10-06T04:57:28.6850297Z,2026-10-06T04:57:29.1284923Z,2026-10-06T04:57:29.633Z
2434,13914.5,13915.6,1.1,13958,42.4,nested step,10 summarize-results-model-port,,cell:mechanic:project-model-provider-protocol.operation.1,mechanic,completed,normalize-observation,sda-semantic-value-graph-provider.v1,2026-10-06T04:57:29.0685621Z,2026-10-06T04:57:29.0696357Z,2026-10-06T04:57:29.112Z
2426,13914.6,13914.8,0.2,13918,3.2,expression,10 summarize-results-model-port,,cell:mechanic:project-model-provider-protocol.operation.1:expression.values.0,mechanic,completed,VALUE,sda-semantic-value-graph-provider.v1,2026-10-06T04:57:29.0685882Z,2026-10-06T04:57:29.0687868Z,2026-10-06T04:57:29.072Z
2427,13914.9,13914.9,0,13923,8.1,nested edge,10 summarize-results-model-port,,cell:mechanic:project-model-provider-protocol.operation.1:expression:dependency:1,,admitted,,,2026-10-06T04:57:29.0689030Z,2026-10-06T04:57:29.0689193Z,2026-10-06T04:57:29.077Z
2428,13914.9,13915.1,0.1,13930,14.9,expression,10 summarize-results-model-port,,cell:mechanic:project-model-provider-protocol.operation.1:expression.values.1.fields.route,mechanic,completed,VALUE,sda-semantic-value-graph-provider.v1,2026-10-06T04:57:29.0689583Z,2026-10-06T04:57:29.0690769Z,2026-10-06T04:57:29.084Z
2429,13915.1,13915.1,0,13932,16.9,nested edge,10 summarize-results-model-port,,cell:mechanic:project-model-provider-protocol.operation.1:expression.values.1:dependency:result,,admitted,,,2026-10-06T04:57:29.0691279Z,2026-10-06T04:57:29.0691358Z,2026-10-06T04:57:29.086Z
2430,13915.1,13915.2,0.1,13935,19.7,expression,10 summarize-results-model-port,,cell:mechanic:project-model-provider-protocol.operation.1:expression.values.1,mechanic,completed,normalize-observation,sda-semantic-value-graph-provider.v1,2026-10-06T04:57:29.0691697Z,2026-10-06T04:57:29.0692711Z,2026-10-06T04:57:29.089Z
2431,13915.3,13915.3,0,13939,23.7,nested edge,10 summarize-results-model-port,,cell:mechanic:project-model-provider-protocol.operation.1:expression:dependency:result,,admitted,,,2026-10-06T04:57:29.0693193Z,2026-10-06T04:57:29.0693283Z,2026-10-06T04:57:29.093Z
2432,13915.3,13915.5,0.1,13945,29.5,expression,10 summarize-results-model-port,,cell:mechanic:project-model-provider-protocol.operation.1:expression,mechanic,completed,normalize-observation,sda-semantic-value-graph-provider.v1,2026-10-06T04:57:29.0693597Z,2026-10-06T04:57:29.0694750Z,2026-10-06T04:57:29.099Z
2433,13915.5,13915.5,0,13950,34.5,nested edge,10 summarize-results-model-port,,edge:return:cell:mechanic:project-model-provider-protocol.operation.1:expression:cell:mechanic:project-model-provider-protocol.operation.1:0,,admitted,,,2026-10-06T04:57:29.0695248Z,2026-10-06T04:57:29.0695376Z,2026-10-06T04:57:29.104Z
2435,13915.7,13915.7,0,13963,47.3,nested edge,10 summarize-results-model-port,,edge:return:project-model-provider-protocol,,admitted,,,2026-10-06T04:57:29.0696852Z,2026-10-06T04:57:29.0696971Z,2026-10-06T04:57:29.117Z
2436,13915.7,13915.8,0.1,13965,49.2,nested scenario,10 summarize-results-model-port,,cell:scenario:project-model-provider-protocol,scenario,completed,normalize-observation,,2026-10-06T04:57:29.0697307Z,2026-10-06T04:57:29.0697934Z,2026-10-06T04:57:29.119Z
2437,13915.8,13915.8,0,13967,51.1,nested edge,10 summarize-results-model-port,,edge:route-normalize-observation,,admitted,,,2026-10-06T04:57:29.0698404Z,2026-10-06T04:57:29.0698525Z,2026-10-06T04:57:29.121Z
2580,13915.9,13971.3,55.4,14472,500.6,nested step,10 summarize-results-model-port,,cell:mechanic:normalize-gemini-success-testimony.operation.1,mechanic,completed,SUCCESS,sda-semantic-value-graph-provider.v1,2026-10-06T04:57:29.0699126Z,2026-10-06T04:57:29.1253610Z,2026-10-06T04:57:29.626Z
2438,13915.9,13916,0.1,13971,55,expression,10 summarize-results-model-port,,cell:mechanic:normalize-gemini-success-testimony.operation.1:expression.when.left,mechanic,completed,VALUE,sda-semantic-value-graph-provider.v1,2026-10-06T04:57:29.0699353Z,2026-10-06T04:57:29.0700442Z,2026-10-06T04:57:29.125Z
2439,13916.1,13916.1,0,13974,57.9,nested edge,10 summarize-results-model-port,,cell:mechanic:normalize-gemini-success-testimony.operation.1:expression.when:dependency:1,,admitted,,,2026-10-06T04:57:29.0701064Z,2026-10-06T04:57:29.0701152Z,2026-10-06T04:57:29.128Z
2440,13916.1,13916.2,0.1,13980,63.8,expression,10 summarize-results-model-port,,cell:mechanic:normalize-gemini-success-testimony.operation.1:expression.when.right,mechanic,completed,VALUE,sda-semantic-value-graph-provider.v1,2026-10-06T04:57:29.0701466Z,2026-10-06T04:57:29.0702419Z,2026-10-06T04:57:29.134Z
2441,13918.4,13918.4,0,13984,65.5,nested edge,10 summarize-results-model-port,,cell:mechanic:normalize-gemini-success-testimony.operation.1:expression.when:dependency:result,,admitted,,,2026-10-06T04:57:29.0724344Z,2026-10-06T04:57:29.0724546Z,2026-10-06T04:57:29.138Z
2442,13918.7,13918.8,0.2,13989,70.1,expression,10 summarize-results-model-port,,cell:mechanic:normalize-gemini-success-testimony.operation.1:expression.when,mechanic,completed,FALSE,sda-semantic-value-graph-provider.v1,2026-10-06T04:57:29.0727137Z,2026-10-06T04:57:29.0728741Z,2026-10-06T04:57:29.143Z
2443,13918.9,13918.9,0,14009,90.1,nested edge,10 summarize-results-model-port,,cell:mechanic:normalize-gemini-success-testimony.operation.1:expression:selection:predicate,,admitted,,,2026-10-06T04:57:29.0729400Z,2026-10-06T04:57:29.0729494Z,2026-10-06T04:57:29.163Z
2444,13919,13919.1,0.1,14012,92.9,expression,10 summarize-results-model-port,,cell:mechanic:normalize-gemini-success-testimony.operation.1:expression:selection,mechanic,completed,FALSE,,2026-10-06T04:57:29.0729882Z,2026-10-06T04:57:29.0730966Z,2026-10-06T04:57:29.166Z
2445,13919.1,13919.1,0,14015,95.8,nested edge,10 summarize-results-model-port,,cell:mechanic:normalize-gemini-success-testimony.operation.1:expression:selection:false,,admitted,,,2026-10-06T04:57:29.0731475Z,2026-10-06T04:57:29.0731559Z,2026-10-06T04:57:29.169Z
2446,13919.2,13919.3,0.1,14017,97.7,expression,10 summarize-results-model-port,,cell:mechanic:normalize-gemini-success-testimony.operation.1:expression.else.fields.contractId,mechanic,completed,VALUE,sda-semantic-value-graph-provider.v1,2026-10-06T04:57:29.0731928Z,2026-10-06T04:57:29.0733020Z,2026-10-06T04:57:29.171Z
2447,13919.3,13919.3,0,14020,100.6,nested edge,10 summarize-results-model-port,,cell:mechanic:normalize-gemini-success-testimony.operation.1:expression.else:dependency:1,,admitted,,,2026-10-06T04:57:29.0733528Z,2026-10-06T04:57:29.0733626Z,2026-10-06T04:57:29.174Z
2448,13919.4,13919.5,0.1,14027,107.5,expression,10 summarize-results-model-port,,cell:mechanic:normalize-gemini-success-testimony.operation.1:expression.else.fields.payload.fields.adapterIdentity,mechanic,completed,VALUE,sda-semantic-value-graph-provider.v1,2026-10-06T04:57:29.0733978Z,2026-10-06T04:57:29.0735034Z,2026-10-06T04:57:29.181Z
2449,13919.6,13919.6,0,14029,109.4,nested edge,10 summarize-results-model-port,,cell:mechanic:normalize-gemini-success-testimony.operation.1:expression.else.fields.payload:dependency:1,,admitted,,,2026-10-06T04:57:29.0735799Z,2026-10-06T04:57:29.0735884Z,2026-10-06T04:57:29.183Z
2450,13923.9,13924.2,0.3,14031,106.8,expression,10 summarize-results-model-port,,cell:mechanic:normalize-gemini-success-testimony.operation.1:expression.else.fields.payload.fields.disposition.when.left,mechanic,completed,VALUE,sda-semantic-value-graph-provider.v1,2026-10-06T04:57:29.0778798Z,2026-10-06T04:57:29.0782071Z,2026-10-06T04:57:29.185Z
2451,13924.4,13924.5,0,14035,110.5,nested edge,10 summarize-results-model-port,,cell:mechanic:normalize-gemini-success-testimony.operation.1:expression.else.fields.payload.fields.disposition.when:dependency:1,,admitted,,,2026-10-06T04:57:29.0784635Z,2026-10-06T04:57:29.0784775Z,2026-10-06T04:57:29.189Z
2452,13924.7,13924.8,0.1,14037,112.2,expression,10 summarize-results-model-port,,cell:mechanic:normalize-gemini-success-testimony.operation.1:expression.else.fields.payload.fields.disposition.when.right,mechanic,completed,VALUE,sda-semantic-value-graph-provider.v1,2026-10-06T04:57:29.0786987Z,2026-10-06T04:57:29.0788157Z,2026-10-06T04:57:29.191Z
2453,13925.1,13925.1,0,14041,115.9,nested edge,10 summarize-results-model-port,,cell:mechanic:normalize-gemini-success-testimony.operation.1:expression.else.fields.payload.fields.disposition.when:dependency:result,,admitted,,,2026-10-06T04:57:29.0790839Z,2026-10-06T04:57:29.0790994Z,2026-10-06T04:57:29.195Z
2454,13925.3,13925.4,0.1,14044,118.6,expression,10 summarize-results-model-port,,cell:mechanic:normalize-gemini-success-testimony.operation.1:expression.else.fields.payload.fields.disposition.when,mechanic,completed,FALSE,sda-semantic-value-graph-provider.v1,2026-10-06T04:57:29.0793187Z,2026-10-06T04:57:29.0794377Z,2026-10-06T04:57:29.198Z
2455,13925.7,13925.7,0,14047,121.3,nested edge,10 summarize-results-model-port,,cell:mechanic:normalize-gemini-success-testimony.operation.1:expression.else.fields.payload.fields.disposition:selection:predicate,,admitted,,,2026-10-06T04:57:29.0796855Z,2026-10-06T04:57:29.0796990Z,2026-10-06T04:57:29.201Z
2456,13925.9,13926,0.1,14054,128,expression,10 summarize-results-model-port,,cell:mechanic:normalize-gemini-success-testimony.operation.1:expression.else.fields.payload.fields.disposition:selection,mechanic,completed,FALSE,,2026-10-06T04:57:29.0799189Z,2026-10-06T04:57:29.0800316Z,2026-10-06T04:57:29.208Z
2457,13926.2,13926.3,0,14057,130.7,nested edge,10 summarize-results-model-port,,cell:mechanic:normalize-gemini-success-testimony.operation.1:expression.else.fields.payload.fields.disposition:selection:false,,admitted,,,2026-10-06T04:57:29.0802661Z,2026-10-06T04:57:29.0802815Z,2026-10-06T04:57:29.211Z
2458,13926.8,13926.9,0.1,14060,133,expression,10 summarize-results-model-port,,cell:mechanic:normalize-gemini-success-testimony.operation.1:expression.else.fields.payload.fields.disposition.else.when.left,mechanic,completed,VALUE,sda-semantic-value-graph-provider.v1,2026-10-06T04:57:29.0808292Z,2026-10-06T04:57:29.0809537Z,2026-10-06T04:57:29.214Z
2459,13927.7,13927.7,0,14062,134.3,nested edge,10 summarize-results-model-port,,cell:mechanic:normalize-gemini-success-testimony.operation.1:expression.else.fields.payload.fields.disposition.else.when:dependency:1,,admitted,,,2026-10-06T04:57:29.0816969Z,2026-10-06T04:57:29.0817154Z,2026-10-06T04:57:29.216Z
2460,13927.7,13927.9,0.1,14066,138.1,expression,10 summarize-results-model-port,,cell:mechanic:normalize-gemini-success-testimony.operation.1:expression.else.fields.payload.fields.disposition.else.when.right,mechanic,completed,VALUE,sda-semantic-value-graph-provider.v1,2026-10-06T04:57:29.0817739Z,2026-10-06T04:57:29.0819045Z,2026-10-06T04:57:29.220Z
2461,13927.9,13927.9,0,14070,142,nested edge,10 summarize-results-model-port,,cell:mechanic:normalize-gemini-success-testimony.operation.1:expression.else.fields.payload.fields.disposition.else.when:dependency:result,,admitted,,,2026-10-06T04:57:29.0819604Z,2026-10-06T04:57:29.0819703Z,2026-10-06T04:57:29.224Z
2462,13928,13928.1,0.1,14072,143.9,expression,10 summarize-results-model-port,,cell:mechanic:normalize-gemini-success-testimony.operation.1:expression.else.fields.payload.fields.disposition.else.when,mechanic,completed,FALSE,sda-semantic-value-graph-provider.v1,2026-10-06T04:57:29.0820084Z,2026-10-06T04:57:29.0821126Z,2026-10-06T04:57:29.226Z
2463,13928.1,13928.1,0,14075,146.8,nested edge,10 summarize-results-model-port,,cell:mechanic:normalize-gemini-success-testimony.operation.1:expression.else.fields.payload.fields.disposition.else:selection:predicate,,admitted,,,2026-10-06T04:57:29.0821604Z,2026-10-06T04:57:29.0821680Z,2026-10-06T04:57:29.229Z
2464,13928.2,13928.3,0.1,14077,148.7,expression,10 summarize-results-model-port,,cell:mechanic:normalize-gemini-success-testimony.operation.1:expression.else.fields.payload.fields.disposition.else:selection,mechanic,completed,FALSE,,2026-10-06T04:57:29.0822110Z,2026-10-06T04:57:29.0823102Z,2026-10-06T04:57:29.231Z
2465,13928.3,13928.3,0,14081,152.6,nested edge,10 summarize-results-model-port,,cell:mechanic:normalize-gemini-success-testimony.operation.1:expression.else.fields.payload.fields.disposition.else:selection:false,,admitted,,,2026-10-06T04:57:29.0823580Z,2026-10-06T04:57:29.0823658Z,2026-10-06T04:57:29.235Z
2466,13928.4,13928.5,0.1,14086,157.5,expression,10 summarize-results-model-port,,cell:mechanic:normalize-gemini-success-testimony.operation.1:expression.else.fields.payload.fields.disposition.else.else.when.left,mechanic,completed,VALUE,sda-semantic-value-graph-provider.v1,2026-10-06T04:57:29.0824036Z,2026-10-06T04:57:29.0825060Z,2026-10-06T04:57:29.240Z
2467,13928.5,13928.5,0,14109,180.4,nested edge,10 summarize-results-model-port,,cell:mechanic:normalize-gemini-success-testimony.operation.1:expression.else.fields.payload.fields.disposition.else.else.when:dependency:1,,admitted,,,2026-10-06T04:57:29.0825550Z,2026-10-06T04:57:29.0825642Z,2026-10-06T04:57:29.263Z
2468,13928.6,13928.7,0.1,14113,184.3,expression,10 summarize-results-model-port,,cell:mechanic:normalize-gemini-success-testimony.operation.1:expression.else.fields.payload.fields.disposition.else.else.when.right,mechanic,completed,VALUE,sda-semantic-value-graph-provider.v1,2026-10-06T04:57:29.0826008Z,2026-10-06T04:57:29.0826986Z,2026-10-06T04:57:29.267Z
2469,13928.7,13928.7,0,14119,190.2,nested edge,10 summarize-results-model-port,,cell:mechanic:normalize-gemini-success-testimony.operation.1:expression.else.fields.payload.fields.disposition.else.else.when:dependency:result,,admitted,,,2026-10-06T04:57:29.0827476Z,2026-10-06T04:57:29.0827558Z,2026-10-06T04:57:29.273Z
2470,13928.8,13928.9,0.1,14123,194.1,expression,10 summarize-results-model-port,,cell:mechanic:normalize-gemini-success-testimony.operation.1:expression.else.fields.payload.fields.disposition.else.else.when,mechanic,completed,TRUE,sda-semantic-value-graph-provider.v1,2026-10-06T04:57:29.0827943Z,2026-10-06T04:57:29.0829012Z,2026-10-06T04:57:29.277Z
2471,13928.9,13928.9,0,14127,198,nested edge,10 summarize-results-model-port,,cell:mechanic:normalize-gemini-success-testimony.operation.1:expression.else.fields.payload.fields.disposition.else.else:selection:predicate,,admitted,,,2026-10-06T04:57:29.0829503Z,2026-10-06T04:57:29.0829587Z,2026-10-06T04:57:29.281Z
2472,13929,13929.1,0.1,14129,199.9,expression,10 summarize-results-model-port,,cell:mechanic:normalize-gemini-success-testimony.operation.1:expression.else.fields.payload.fields.disposition.else.else:selection,mechanic,completed,TRUE,,2026-10-06T04:57:29.0829938Z,2026-10-06T04:57:29.0830881Z,2026-10-06T04:57:29.283Z
2473,13929.1,13929.1,0,14131,201.9,nested edge,10 summarize-results-model-port,,cell:mechanic:normalize-gemini-success-testimony.operation.1:expression.else.fields.payload.fields.disposition.else.else:selection:true,,admitted,,,2026-10-06T04:57:29.0831312Z,2026-10-06T04:57:29.0831393Z,2026-10-06T04:57:29.285Z
2474,13929.2,13929.2,0.1,14133,203.7,expression,10 summarize-results-model-port,,cell:mechanic:normalize-gemini-success-testimony.operation.1:expression.else.fields.payload.fields.disposition.else.else.then,mechanic,completed,VALUE,sda-semantic-value-graph-provider.v1,2026-10-06T04:57:29.0831761Z,2026-10-06T04:57:29.0832736Z,2026-10-06T04:57:29.287Z
2475,13929.3,13929.3,0,14140,210.7,nested edge,10 summarize-results-model-port,,cell:mechanic:normalize-gemini-success-testimony.operation.1:expression.else.fields.payload.fields.disposition.else.else:then-result,,admitted,,,2026-10-06T04:57:29.0833199Z,2026-10-06T04:57:29.0833284Z,2026-10-06T04:57:29.294Z
2476,13929.3,13929.4,0.1,14143,213.5,expression,10 summarize-results-model-port,,cell:mechanic:normalize-gemini-success-testimony.operation.1:expression.else.fields.payload.fields.disposition.else.else,mechanic,completed,VALUE,sda-semantic-value-graph-provider.v1,2026-10-06T04:57:29.0833636Z,2026-10-06T04:57:29.0834577Z,2026-10-06T04:57:29.297Z
2477,13929.5,13929.5,0,14145,215.5,nested edge,10 summarize-results-model-port,,cell:mechanic:normalize-gemini-success-testimony.operation.1:expression.else.fields.payload.fields.disposition.else:else-result,,admitted,,,2026-10-06T04:57:29.0835050Z,2026-10-06T04:57:29.0835124Z,2026-10-06T04:57:29.299Z
2478,13929.5,13929.6,0.1,14147,217.4,expression,10 summarize-results-model-port,,cell:mechanic:normalize-gemini-success-testimony.operation.1:expression.else.fields.payload.fields.disposition.else,mechanic,completed,VALUE,sda-semantic-value-graph-provider.v1,2026-10-06T04:57:29.0835488Z,2026-10-06T04:57:29.0836433Z,2026-10-06T04:57:29.301Z
2479,13930.4,13930.4,0,14150,219.6,nested edge,10 summarize-results-model-port,,cell:mechanic:normalize-gemini-success-testimony.operation.1:expression.else.fields.payload.fields.disposition:else-result,,admitted,,,2026-10-06T04:57:29.0843934Z,2026-10-06T04:57:29.0844135Z,2026-10-06T04:57:29.304Z
2480,13934.7,13934.9,0.2,14153,218.1,expression,10 summarize-results-model-port,,cell:mechanic:normalize-gemini-success-testimony.operation.1:expression.else.fields.payload.fields.disposition,mechanic,completed,VALUE,sda-semantic-value-graph-provider.v1,2026-10-06T04:57:29.0887328Z,2026-10-06T04:57:29.0888848Z,2026-10-06T04:57:29.307Z
2481,13934.9,13934.9,0,14155,220,nested edge,10 summarize-results-model-port,,cell:mechanic:normalize-gemini-success-testimony.operation.1:expression.else.fields.payload:dependency:2,,admitted,,,2026-10-06T04:57:29.0889454Z,2026-10-06T04:57:29.0889563Z,2026-10-06T04:57:29.309Z
2482,13935,13935.1,0.1,14158,222.9,expression,10 summarize-results-model-port,,cell:mechanic:normalize-gemini-success-testimony.operation.1:expression.else.fields.payload.fields.endpointFact.when.left,mechanic,completed,VALUE,sda-semantic-value-graph-provider.v1,2026-10-06T04:57:29.0889972Z,2026-10-06T04:57:29.0891049Z,2026-10-06T04:57:29.312Z
2483,13935.1,13935.1,0,14161,225.8,nested edge,10 summarize-results-model-port,,cell:mechanic:normalize-gemini-success-testimony.operation.1:expression.else.fields.payload.fields.endpointFact.when:dependency:1,,admitted,,,2026-10-06T04:57:29.0891568Z,2026-10-06T04:57:29.0891654Z,2026-10-06T04:57:29.315Z
2484,13935.2,13935.3,0.1,14164,228.7,expression,10 summarize-results-model-port,,cell:mechanic:normalize-gemini-success-testimony.operation.1:expression.else.fields.payload.fields.endpointFact.when.right,mechanic,completed,VALUE,sda-semantic-value-graph-provider.v1,2026-10-06T04:57:29.0892041Z,2026-10-06T04:57:29.0893061Z,2026-10-06T04:57:29.318Z
2485,13935.3,13935.3,0,14166,230.6,nested edge,10 summarize-results-model-port,,cell:mechanic:normalize-gemini-success-testimony.operation.1:expression.else.fields.payload.fields.endpointFact.when:dependency:result,,admitted,,,2026-10-06T04:57:29.0893551Z,2026-10-06T04:57:29.0893644Z,2026-10-06T04:57:29.320Z
2486,13935.4,13938.8,3.5,14169,230.1,expression,10 summarize-results-model-port,,cell:mechanic:normalize-gemini-success-testimony.operation.1:expression.else.fields.payload.fields.endpointFact.when,mechanic,completed,FALSE,sda-semantic-value-graph-provider.v1,2026-10-06T04:57:29.0894014Z,2026-10-06T04:57:29.0928615Z,2026-10-06T04:57:29.323Z
2487,13938.9,13938.9,0,14172,233.1,nested edge,10 summarize-results-model-port,,cell:mechanic:normalize-gemini-success-testimony.operation.1:expression.else.fields.payload.fields.endpointFact:selection:predicate,,admitted,,,2026-10-06T04:57:29.0929373Z,2026-10-06T04:57:29.0929480Z,2026-10-06T04:57:29.326Z
2488,13939,13939.1,0.1,14175,235.9,expression,10 summarize-results-model-port,,cell:mechanic:normalize-gemini-success-testimony.operation.1:expression.else.fields.payload.fields.endpointFact:selection,mechanic,completed,FALSE,,2026-10-06T04:57:29.0929898Z,2026-10-06T04:57:29.0931062Z,2026-10-06T04:57:29.329Z
2489,13939.1,13939.1,0,14177,237.8,nested edge,10 summarize-results-model-port,,cell:mechanic:normalize-gemini-success-testimony.operation.1:expression.else.fields.payload.fields.endpointFact:selection:false,,admitted,,,2026-10-06T04:57:29.0931580Z,2026-10-06T04:57:29.0931681Z,2026-10-06T04:57:29.331Z
2490,13939.2,13939.3,0.1,14180,240.7,expression,10 summarize-results-model-port,,cell:mechanic:normalize-gemini-success-testimony.operation.1:expression.else.fields.payload.fields.endpointFact.else,mechanic,completed,VALUE,sda-semantic-value-graph-provider.v1,2026-10-06T04:57:29.0932169Z,2026-10-06T04:57:29.0933371Z,2026-10-06T04:57:29.334Z
2491,13939.4,13939.4,0,14182,242.6,nested edge,10 summarize-results-model-port,,cell:mechanic:normalize-gemini-success-testimony.operation.1:expression.else.fields.payload.fields.endpointFact:else-result,,admitted,,,2026-10-06T04:57:29.0933912Z,2026-10-06T04:57:29.0934008Z,2026-10-06T04:57:29.336Z
2492,13939.4,13941.8,2.4,14185,243.1,expression,10 summarize-results-model-port,,cell:mechanic:normalize-gemini-success-testimony.operation.1:expression.else.fields.payload.fields.endpointFact,mechanic,completed,VALUE,sda-semantic-value-graph-provider.v1,2026-10-06T04:57:29.0934474Z,2026-10-06T04:57:29.0958718Z,2026-10-06T04:57:29.339Z
2493,13941.9,13941.9,0,14188,246.1,nested edge,10 summarize-results-model-port,,cell:mechanic:normalize-gemini-success-testimony.operation.1:expression.else.fields.payload:dependency:3,,admitted,,,2026-10-06T04:57:29.0959396Z,2026-10-06T04:57:29.0959497Z,2026-10-06T04:57:29.342Z
2494,13942,13942.1,0.1,14206,263.9,expression,10 summarize-results-model-port,,cell:mechanic:normalize-gemini-success-testimony.operation.1:expression.else.fields.payload.fields.networkExchangeCount,mechanic,completed,VALUE,sda-semantic-value-graph-provider.v1,2026-10-06T04:57:29.0960071Z,2026-10-06T04:57:29.0961165Z,2026-10-06T04:57:29.360Z
2495,13942.1,13942.2,0,14210,267.8,nested edge,10 summarize-results-model-port,,cell:mechanic:normalize-gemini-success-testimony.operation.1:expression.else.fields.payload:dependency:4,,admitted,,,2026-10-06T04:57:29.0961669Z,2026-10-06T04:57:29.0961768Z,2026-10-06T04:57:29.364Z
2496,13942.2,13942.3,0.1,14212,269.7,expression,10 summarize-results-model-port,,cell:mechanic:normalize-gemini-success-testimony.operation.1:expression.else.fields.payload.fields.normalizedTestimony.when.left,mechanic,completed,VALUE,sda-semantic-value-graph-provider.v1,2026-10-06T04:57:29.0962194Z,2026-10-06T04:57:29.0963416Z,2026-10-06T04:57:29.366Z
2497,13942.4,13942.4,0,14215,272.6,nested edge,10 summarize-results-model-port,,cell:mechanic:normalize-gemini-success-testimony.operation.1:expression.else.fields.payload.fields.normalizedTestimony.when:dependency:1,,admitted,,,2026-10-06T04:57:29.0963949Z,2026-10-06T04:57:29.0964047Z,2026-10-06T04:57:29.369Z
2498,13942.4,13942.5,0.1,14217,274.4,expression,10 summarize-results-model-port,,cell:mechanic:normalize-gemini-success-testimony.operation.1:expression.else.fields.payload.fields.normalizedTestimony.when.right,mechanic,completed,VALUE,sda-semantic-value-graph-provider.v1,2026-10-06T04:57:29.0964451Z,2026-10-06T04:57:29.0965546Z,2026-10-06T04:57:29.371Z
2499,13942.6,13942.6,0,14220,277.4,nested edge,10 summarize-results-model-port,,cell:mechanic:normalize-gemini-success-testimony.operation.1:expression.else.fields.payload.fields.normalizedTestimony.when:dependency:result,,admitted,,,2026-10-06T04:57:29.0966151Z,2026-10-06T04:57:29.0966270Z,2026-10-06T04:57:29.374Z
2500,13942.7,13942.8,0.2,14222,279.2,expression,10 summarize-results-model-port,,cell:mechanic:normalize-gemini-success-testimony.operation.1:expression.else.fields.payload.fields.normalizedTestimony.when,mechanic,completed,TRUE,sda-semantic-value-graph-provider.v1,2026-10-06T04:57:29.0966820Z,2026-10-06T04:57:29.0968370Z,2026-10-06T04:57:29.376Z
2501,13942.9,13942.9,0,14226,283.1,nested edge,10 summarize-results-model-port,,cell:mechanic:normalize-gemini-success-testimony.operation.1:expression.else.fields.payload.fields.normalizedTestimony:selection:predicate,,admitted,,,2026-10-06T04:57:29.0968941Z,2026-10-06T04:57:29.0969048Z,2026-10-06T04:57:29.380Z
2502,13943,13943.1,0.1,14228,284.9,expression,10 summarize-results-model-port,,cell:mechanic:normalize-gemini-success-testimony.operation.1:expression.else.fields.payload.fields.normalizedTestimony:selection,mechanic,completed,TRUE,,2026-10-06T04:57:29.0969830Z,2026-10-06T04:57:29.0970897Z,2026-10-06T04:57:29.382Z
2503,13943.1,13943.1,0,14231,287.9,nested edge,10 summarize-results-model-port,,cell:mechanic:normalize-gemini-success-testimony.operation.1:expression.else.fields.payload.fields.normalizedTestimony:selection:true,,admitted,,,2026-10-06T04:57:29.0971357Z,2026-10-06T04:57:29.0971451Z,2026-10-06T04:57:29.385Z
2504,13943.2,13943.4,0.1,14234,290.6,expression,10 summarize-results-model-port,,cell:mechanic:normalize-gemini-success-testimony.operation.1:expression.else.fields.payload.fields.normalizedTestimony.then.fields.candidateText,mechanic,completed,VALUE,sda-semantic-value-graph-provider.v1,2026-10-06T04:57:29.0972651Z,2026-10-06T04:57:29.0973792Z,2026-10-06T04:57:29.388Z
2505,13943.4,13943.4,0,14236,292.6,nested edge,10 summarize-results-model-port,,cell:mechanic:normalize-gemini-success-testimony.operation.1:expression.else.fields.payload.fields.normalizedTestimony.then:dependency:1,,admitted,,,2026-10-06T04:57:29.0974328Z,2026-10-06T04:57:29.0974436Z,2026-10-06T04:57:29.390Z
2506,13943.5,13943.6,0.1,14239,295.4,expression,10 summarize-results-model-port,,cell:mechanic:normalize-gemini-success-testimony.operation.1:expression.else.fields.payload.fields.normalizedTestimony.then.fields.finishReason,mechanic,completed,VALUE,sda-semantic-value-graph-provider.v1,2026-10-06T04:57:29.0974857Z,2026-10-06T04:57:29.0975983Z,2026-10-06T04:57:29.393Z
2507,13948,13948,0,14242,294,nested edge,10 summarize-results-model-port,,cell:mechanic:normalize-gemini-success-testimony.operation.1:expression.else.fields.payload.fields.normalizedTestimony.then:dependency:2,,admitted,,,2026-10-06T04:57:29.1020154Z,2026-10-06T04:57:29.1020358Z,2026-10-06T04:57:29.396Z
2508,13948.3,13948.4,0.1,14244,295.6,expression,10 summarize-results-model-port,,cell:mechanic:normalize-gemini-success-testimony.operation.1:expression.else.fields.payload.fields.normalizedTestimony.then.fields.textPartCount,mechanic,completed,VALUE,sda-semantic-value-graph-provider.v1,2026-10-06T04:57:29.1022945Z,2026-10-06T04:57:29.1024258Z,2026-10-06T04:57:29.398Z
2509,13948.7,13948.7,0,14247,298.3,nested edge,10 summarize-results-model-port,,cell:mechanic:normalize-gemini-success-testimony.operation.1:expression.else.fields.payload.fields.normalizedTestimony.then:dependency:result,,admitted,,,2026-10-06T04:57:29.1027308Z,2026-10-06T04:57:29.1027485Z,2026-10-06T04:57:29.401Z
2510,13949,13949.1,0.1,14249,299.9,expression,10 summarize-results-model-port,,cell:mechanic:normalize-gemini-success-testimony.operation.1:expression.else.fields.payload.fields.normalizedTestimony.then,mechanic,completed,VALUE,sda-semantic-value-graph-provider.v1,2026-10-06T04:57:29.1029962Z,2026-10-06T04:57:29.1031387Z,2026-10-06T04:57:29.403Z
2511,13949.2,13949.3,0,14252,302.7,nested edge,10 summarize-results-model-port,,cell:mechanic:normalize-gemini-success-testimony.operation.1:expression.else.fields.payload.fields.normalizedTestimony:then-result,,admitted,,,2026-10-06T04:57:29.1032603Z,2026-10-06T04:57:29.1032800Z,2026-10-06T04:57:29.406Z
2512,13949.3,13949.4,0.1,14256,306.5,expression,10 summarize-results-model-port,,cell:mechanic:normalize-gemini-success-testimony.operation.1:expression.else.fields.payload.fields.normalizedTestimony,mechanic,completed,VALUE,sda-semantic-value-graph-provider.v1,2026-10-06T04:57:29.1033281Z,2026-10-06T04:57:29.1034564Z,2026-10-06T04:57:29.410Z
2513,13949.5,13949.5,0,14261,311.5,nested edge,10 summarize-results-model-port,,cell:mechanic:normalize-gemini-success-testimony.operation.1:expression.else.fields.payload:dependency:5,,admitted,,,2026-10-06T04:57:29.1035120Z,2026-10-06T04:57:29.1035251Z,2026-10-06T04:57:29.415Z
2514,13949.5,13949.7,0.1,14267,317.3,expression,10 summarize-results-model-port,,cell:mechanic:normalize-gemini-success-testimony.operation.1:expression.else.fields.payload.fields.providerKind,mechanic,completed,VALUE,sda-semantic-value-graph-provider.v1,2026-10-06T04:57:29.1035658Z,2026-10-06T04:57:29.1036887Z,2026-10-06T04:57:29.421Z
2515,13949.7,13949.7,0,14270,320.2,nested edge,10 summarize-results-model-port,,cell:mechanic:normalize-gemini-success-testimony.operation.1:expression.else.fields.payload:dependency:6,,admitted,,,2026-10-06T04:57:29.1037437Z,2026-10-06T04:57:29.1037545Z,2026-10-06T04:57:29.424Z
2516,13949.8,13949.9,0.1,14273,323.1,expression,10 summarize-results-model-port,,cell:mechanic:normalize-gemini-success-testimony.operation.1:expression.else.fields.payload.fields.rejectionReason.when.left,mechanic,completed,VALUE,sda-semantic-value-graph-provider.v1,2026-10-06T04:57:29.1037950Z,2026-10-06T04:57:29.1039101Z,2026-10-06T04:57:29.427Z
2517,13949.9,13950,0,14276,326,nested edge,10 summarize-results-model-port,,cell:mechanic:normalize-gemini-success-testimony.operation.1:expression.else.fields.payload.fields.rejectionReason.when:dependency:1,,admitted,,,2026-10-06T04:57:29.1039658Z,2026-10-06T04:57:29.1039774Z,2026-10-06T04:57:29.430Z
2518,13950,13950.1,0.1,14278,327.9,expression,10 summarize-results-model-port,,cell:mechanic:normalize-gemini-success-testimony.operation.1:expression.else.fields.payload.fields.rejectionReason.when.right,mechanic,completed,VALUE,sda-semantic-value-graph-provider.v1,2026-10-06T04:57:29.1040163Z,2026-10-06T04:57:29.1041266Z,2026-10-06T04:57:29.432Z
2519,13950.2,13950.2,0,14280,329.8,nested edge,10 summarize-results-model-port,,cell:mechanic:normalize-gemini-success-testimony.operation.1:expression.else.fields.payload.fields.rejectionReason.when:dependency:result,,admitted,,,2026-10-06T04:57:29.1041792Z,2026-10-06T04:57:29.1041893Z,2026-10-06T04:57:29.434Z
2520,13950.2,13950.3,0.1,14283,332.7,expression,10 summarize-results-model-port,,cell:mechanic:normalize-gemini-success-testimony.operation.1:expression.else.fields.payload.fields.rejectionReason.when,mechanic,completed,FALSE,sda-semantic-value-graph-provider.v1,2026-10-06T04:57:29.1042283Z,2026-10-06T04:57:29.1043445Z,2026-10-06T04:57:29.437Z
2521,13950.4,13950.4,0,14286,335.6,nested edge,10 summarize-results-model-port,,cell:mechanic:normalize-gemini-success-testimony.operation.1:expression.else.fields.payload.fields.rejectionReason:selection:predicate,,admitted,,,2026-10-06T04:57:29.1043939Z,2026-10-06T04:57:29.1044044Z,2026-10-06T04:57:29.440Z
2522,13950.4,13955.1,4.7,14305,349.8,expression,10 summarize-results-model-port,,cell:mechanic:normalize-gemini-success-testimony.operation.1:expression.else.fields.payload.fields.rejectionReason:selection,mechanic,completed,FALSE,,2026-10-06T04:57:29.1044425Z,2026-10-06T04:57:29.1091729Z,2026-10-06T04:57:29.459Z
2523,13955.2,13955.2,0,14307,351.7,nested edge,10 summarize-results-model-port,,cell:mechanic:normalize-gemini-success-testimony.operation.1:expression.else.fields.payload.fields.rejectionReason:selection:false,,admitted,,,2026-10-06T04:57:29.1092435Z,2026-10-06T04:57:29.1092556Z,2026-10-06T04:57:29.461Z
2524,13955.3,13955.4,0.1,14309,353.6,expression,10 summarize-results-model-port,,cell:mechanic:normalize-gemini-success-testimony.operation.1:expression.else.fields.payload.fields.rejectionReason.else,mechanic,completed,VALUE,sda-semantic-value-graph-provider.v1,2026-10-06T04:57:29.1093016Z,2026-10-06T04:57:29.1094172Z,2026-10-06T04:57:29.463Z
2525,13955.4,13955.5,0,14312,356.5,nested edge,10 summarize-results-model-port,,cell:mechanic:normalize-gemini-success-testimony.operation.1:expression.else.fields.payload.fields.rejectionReason:else-result,,admitted,,,2026-10-06T04:57:29.1094702Z,2026-10-06T04:57:29.1094790Z,2026-10-06T04:57:29.466Z
2526,13955.5,13955.6,0.1,14318,362.4,expression,10 summarize-results-model-port,,cell:mechanic:normalize-gemini-success-testimony.operation.1:expression.else.fields.payload.fields.rejectionReason,mechanic,completed,VALUE,sda-semantic-value-graph-provider.v1,2026-10-06T04:57:29.1095191Z,2026-10-06T04:57:29.1096248Z,2026-10-06T04:57:29.472Z
2527,13955.7,13955.7,0,14321,365.3,nested edge,10 summarize-results-model-port,,cell:mechanic:normalize-gemini-success-testimony.operation.1:expression.else.fields.payload:dependency:7,,admitted,,,2026-10-06T04:57:29.1096785Z,2026-10-06T04:57:29.1096868Z,2026-10-06T04:57:29.475Z
2528,13955.7,13955.8,0.1,14323,367.2,expression,10 summarize-results-model-port,,cell:mechanic:normalize-gemini-success-testimony.operation.1:expression.else.fields.payload.fields.repairCount,mechanic,completed,VALUE,sda-semantic-value-graph-provider.v1,2026-10-06T04:57:29.1097257Z,2026-10-06T04:57:29.1098383Z,2026-10-06T04:57:29.477Z
2529,13955.9,13955.9,0,14325,369.1,nested edge,10 summarize-results-model-port,,cell:mechanic:normalize-gemini-success-testimony.operation.1:expression.else.fields.payload:dependency:8,,admitted,,,2026-10-06T04:57:29.1098899Z,2026-10-06T04:57:29.1099012Z,2026-10-06T04:57:29.479Z
2530,13955.9,13956,0.1,14328,372,expression,10 summarize-results-model-port,,cell:mechanic:normalize-gemini-success-testimony.operation.1:expression.else.fields.payload.fields.retryCount,mechanic,completed,VALUE,sda-semantic-value-graph-provider.v1,2026-10-06T04:57:29.1099369Z,2026-10-06T04:57:29.1100465Z,2026-10-06T04:57:29.482Z
2531,13956.1,13956.1,0,14330,373.9,nested edge,10 summarize-results-model-port,,cell:mechanic:normalize-gemini-success-testimony.operation.1:expression.else.fields.payload:dependency:9,,admitted,,,2026-10-06T04:57:29.1100953Z,2026-10-06T04:57:29.1101048Z,2026-10-06T04:57:29.484Z
2532,13956.1,13956.2,0.1,14332,375.7,expression,10 summarize-results-model-port,,cell:mechanic:normalize-gemini-success-testimony.operation.1:expression.else.fields.payload.fields.wireRequest.when.left,mechanic,completed,VALUE,sda-semantic-value-graph-provider.v1,2026-10-06T04:57:29.1101436Z,2026-10-06T04:57:29.1102576Z,2026-10-06T04:57:29.486Z
2533,13956.3,13956.3,0,14335,378.7,nested edge,10 summarize-results-model-port,,cell:mechanic:normalize-gemini-success-testimony.operation.1:expression.else.fields.payload.fields.wireRequest.when:dependency:1,,admitted,,,2026-10-06T04:57:29.1103121Z,2026-10-06T04:57:29.1103221Z,2026-10-06T04:57:29.489Z
2534,13956.3,13956.5,0.1,14337,380.5,expression,10 summarize-results-model-port,,cell:mechanic:normalize-gemini-success-testimony.operation.1:expression.else.fields.payload.fields.wireRequest.when.right,mechanic,completed,VALUE,sda-semantic-value-graph-provider.v1,2026-10-06T04:57:29.1103618Z,2026-10-06T04:57:29.1104750Z,2026-10-06T04:57:29.491Z
2535,13956.5,13956.5,0,14339,382.5,nested edge,10 summarize-results-model-port,,cell:mechanic:normalize-gemini-success-testimony.operation.1:expression.else.fields.payload.fields.wireRequest.when:dependency:result,,admitted,,,2026-10-06T04:57:29.1105284Z,2026-10-06T04:57:29.1105371Z,2026-10-06T04:57:29.493Z
2536,13956.6,13956.7,0.1,14342,385.3,expression,10 summarize-results-model-port,,cell:mechanic:normalize-gemini-success-testimony.operation.1:expression.else.fields.payload.fields.wireRequest.when,mechanic,completed,FALSE,sda-semantic-value-graph-provider.v1,2026-10-06T04:57:29.1105767Z,2026-10-06T04:57:29.1107019Z,2026-10-06T04:57:29.496Z
2537,13960.4,13960.4,0,14344,383.5,nested edge,10 summarize-results-model-port,,cell:mechanic:normalize-gemini-success-testimony.operation.1:expression.else.fields.payload.fields.wireRequest:selection:predicate,,admitted,,,2026-10-06T04:57:29.1144432Z,2026-10-06T04:57:29.1144603Z,2026-10-06T04:57:29.498Z
2538,13960.5,13960.6,0.1,14347,386.4,expression,10 summarize-results-model-port,,cell:mechanic:normalize-gemini-success-testimony.operation.1:expression.else.fields.payload.fields.wireRequest:selection,mechanic,completed,FALSE,,2026-10-06T04:57:29.1145067Z,2026-10-06T04:57:29.1146169Z,2026-10-06T04:57:29.501Z
2539,13960.6,13960.6,0,14349,388.3,nested edge,10 summarize-results-model-port,,cell:mechanic:normalize-gemini-success-testimony.operation.1:expression.else.fields.payload.fields.wireRequest:selection:false,,admitted,,,2026-10-06T04:57:29.1146653Z,2026-10-06T04:57:29.1146737Z,2026-10-06T04:57:29.503Z
2540,13960.7,13960.8,0.1,14352,391.2,expression,10 summarize-results-model-port,,cell:mechanic:normalize-gemini-success-testimony.operation.1:expression.else.fields.payload.fields.wireRequest.else.when.left,mechanic,completed,VALUE,sda-semantic-value-graph-provider.v1,2026-10-06T04:57:29.1147220Z,2026-10-06T04:57:29.1148266Z,2026-10-06T04:57:29.506Z
2541,13960.9,13960.9,0,14354,393.1,nested edge,10 summarize-results-model-port,,cell:mechanic:normalize-gemini-success-testimony.operation.1:expression.else.fields.payload.fields.wireRequest.else.when:dependency:1,,admitted,,,2026-10-06T04:57:29.1149022Z,2026-10-06T04:57:29.1149118Z,2026-10-06T04:57:29.508Z
2542,13960.9,13961,0.1,14357,396,expression,10 summarize-results-model-port,,cell:mechanic:normalize-gemini-success-testimony.operation.1:expression.else.fields.payload.fields.wireRequest.else.when.right,mechanic,completed,VALUE,sda-semantic-value-graph-provider.v1,2026-10-06T04:57:29.1149478Z,2026-10-06T04:57:29.1150466Z,2026-10-06T04:57:29.511Z
2543,13961.1,13961.1,0,14360,398.9,nested edge,10 summarize-results-model-port,,cell:mechanic:normalize-gemini-success-testimony.operation.1:expression.else.fields.payload.fields.wireRequest.else.when:dependency:result,,admitted,,,2026-10-06T04:57:29.1150933Z,2026-10-06T04:57:29.1151034Z,2026-10-06T04:57:29.514Z
2544,13961.1,13961.2,0.1,14363,401.8,expression,10 summarize-results-model-port,,cell:mechanic:normalize-gemini-success-testimony.operation.1:expression.else.fields.payload.fields.wireRequest.else.when,mechanic,completed,FALSE,sda-semantic-value-graph-provider.v1,2026-10-06T04:57:29.1151364Z,2026-10-06T04:57:29.1152401Z,2026-10-06T04:57:29.517Z
2545,13961.3,13961.3,0,14365,403.7,nested edge,10 summarize-results-model-port,,cell:mechanic:normalize-gemini-success-testimony.operation.1:expression.else.fields.payload.fields.wireRequest.else:selection:predicate,,admitted,,,2026-10-06T04:57:29.1152897Z,2026-10-06T04:57:29.1152979Z,2026-10-06T04:57:29.519Z
2546,13961.3,13961.4,0.1,14367,405.6,expression,10 summarize-results-model-port,,cell:mechanic:normalize-gemini-success-testimony.operation.1:expression.else.fields.payload.fields.wireRequest.else:selection,mechanic,completed,FALSE,,2026-10-06T04:57:29.1153357Z,2026-10-06T04:57:29.1154301Z,2026-10-06T04:57:29.521Z
2547,13961.4,13961.5,0,14369,407.5,nested edge,10 summarize-results-model-port,,cell:mechanic:normalize-gemini-success-testimony.operation.1:expression.else.fields.payload.fields.wireRequest.else:selection:false,,admitted,,,2026-10-06T04:57:29.1154739Z,2026-10-06T04:57:29.1154828Z,2026-10-06T04:57:29.523Z
2548,13961.5,13961.6,0.1,14371,409.4,expression,10 summarize-results-model-port,,cell:mechanic:normalize-gemini-success-testimony.operation.1:expression.else.fields.payload.fields.wireRequest.else.else.when.left,mechanic,completed,VALUE,sda-semantic-value-graph-provider.v1,2026-10-06T04:57:29.1155185Z,2026-10-06T04:57:29.1156158Z,2026-10-06T04:57:29.525Z
2549,13961.6,13961.6,0,14373,411.3,nested edge,10 summarize-results-model-port,,cell:mechanic:normalize-gemini-success-testimony.operation.1:expression.else.fields.payload.fields.wireRequest.else.else.when:dependency:1,,admitted,,,2026-10-06T04:57:29.1156623Z,2026-10-06T04:57:29.1156709Z,2026-10-06T04:57:29.527Z
2550,13961.7,13961.8,0.1,14375,413.2,expression,10 summarize-results-model-port,,cell:mechanic:normalize-gemini-success-testimony.operation.1:expression.else.fields.payload.fields.wireRequest.else.else.when.right,mechanic,completed,VALUE,sda-semantic-value-graph-provider.v1,2026-10-06T04:57:29.1157048Z,2026-10-06T04:57:29.1157983Z,2026-10-06T04:57:29.529Z
2551,13961.9,13961.9,0,14379,417.1,nested edge,10 summarize-results-model-port,,cell:mechanic:normalize-gemini-success-testimony.operation.1:expression.else.fields.payload.fields.wireRequest.else.else.when:dependency:result,,admitted,,,2026-10-06T04:57:29.1158887Z,2026-10-06T04:57:29.1159066Z,2026-10-06T04:57:29.533Z
2552,13961.9,13962.1,0.1,14380,417.9,expression,10 summarize-results-model-port,,cell:mechanic:normalize-gemini-success-testimony.operation.1:expression.else.fields.payload.fields.wireRequest.else.else.when,mechanic,completed,FALSE,sda-semantic-value-graph-provider.v1,2026-10-06T04:57:29.1159544Z,2026-10-06T04:57:29.1160771Z,2026-10-06T04:57:29.534Z
2553,13962.1,13962.1,0,14383,420.8,nested edge,10 summarize-results-model-port,,cell:mechanic:normalize-gemini-success-testimony.operation.1:expression.else.fields.payload.fields.wireRequest.else.else:selection:predicate,,admitted,,,2026-10-06T04:57:29.1161446Z,2026-10-06T04:57:29.1161622Z,2026-10-06T04:57:29.537Z
2554,13962.2,13962.3,0.1,14387,424.7,expression,10 summarize-results-model-port,,cell:mechanic:normalize-gemini-success-testimony.operation.1:expression.else.fields.payload.fields.wireRequest.else.else:selection,mechanic,completed,FALSE,,2026-10-06T04:57:29.1162027Z,2026-10-06T04:57:29.1163173Z,2026-10-06T04:57:29.541Z
2555,13962.4,13962.4,0,14392,429.6,nested edge,10 summarize-results-model-port,,cell:mechanic:normalize-gemini-success-testimony.operation.1:expression.else.fields.payload.fields.wireRequest.else.else:selection:false,,admitted,,,2026-10-06T04:57:29.1163867Z,2026-10-06T04:57:29.1163953Z,2026-10-06T04:57:29.546Z
2556,13962.4,13965.1,2.6,14394,428.9,expression,10 summarize-results-model-port,,cell:mechanic:normalize-gemini-success-testimony.operation.1:expression.else.fields.payload.fields.wireRequest.else.else.else.when.left,mechanic,completed,VALUE,sda-semantic-value-graph-provider.v1,2026-10-06T04:57:29.1164453Z,2026-10-06T04:57:29.1190784Z,2026-10-06T04:57:29.548Z
2557,13966.8,13966.8,0,14399,432.2,nested edge,10 summarize-results-model-port,,cell:mechanic:normalize-gemini-success-testimony.operation.1:expression.else.fields.payload.fields.wireRequest.else.else.else.when:dependency:1,,admitted,,,2026-10-06T04:57:29.1207772Z,2026-10-06T04:57:29.1207960Z,2026-10-06T04:57:29.553Z
2558,13967,13967.5,0.4,14405,437.5,expression,10 summarize-results-model-port,,cell:mechanic:normalize-gemini-success-testimony.operation.1:expression.else.fields.payload.fields.wireRequest.else.else.else.when.right,mechanic,completed,VALUE,sda-semantic-value-graph-provider.v1,2026-10-06T04:57:29.1210626Z,2026-10-06T04:57:29.1215126Z,2026-10-06T04:57:29.559Z
2559,13967.6,13967.6,0,14408,440.4,nested edge,10 summarize-results-model-port,,cell:mechanic:normalize-gemini-success-testimony.operation.1:expression.else.fields.payload.fields.wireRequest.else.else.else.when:dependency:result,,admitted,,,2026-10-06T04:57:29.1215921Z,2026-10-06T04:57:29.1216237Z,2026-10-06T04:57:29.562Z
2560,13967.7,13967.8,0.2,14410,442.1,expression,10 summarize-results-model-port,,cell:mechanic:normalize-gemini-success-testimony.operation.1:expression.else.fields.payload.fields.wireRequest.else.else.else.when,mechanic,completed,FALSE,sda-semantic-value-graph-provider.v1,2026-10-06T04:57:29.1216858Z,2026-10-06T04:57:29.1218603Z,2026-10-06T04:57:29.564Z
2561,13967.9,13967.9,0,14414,446,nested edge,10 summarize-results-model-port,,cell:mechanic:normalize-gemini-success-testimony.operation.1:expression.else.fields.payload.fields.wireRequest.else.else.else:selection:predicate,,admitted,,,2026-10-06T04:57:29.1219347Z,2026-10-06T04:57:29.1219693Z,2026-10-06T04:57:29.568Z
2562,13968,13968.2,0.2,14417,448.8,expression,10 summarize-results-model-port,,cell:mechanic:normalize-gemini-success-testimony.operation.1:expression.else.fields.payload.fields.wireRequest.else.else.else:selection,mechanic,completed,FALSE,,2026-10-06T04:57:29.1220278Z,2026-10-06T04:57:29.1221789Z,2026-10-06T04:57:29.571Z
2563,13968.2,13968.2,0,14419,450.7,nested edge,10 summarize-results-model-port,,cell:mechanic:normalize-gemini-success-testimony.operation.1:expression.else.fields.payload.fields.wireRequest.else.else.else:selection:false,,admitted,,,2026-10-06T04:57:29.1222517Z,2026-10-06T04:57:29.1222609Z,2026-10-06T04:57:29.573Z
2564,13968.3,13968.5,0.2,14423,454.5,expression,10 summarize-results-model-port,,cell:mechanic:normalize-gemini-success-testimony.operation.1:expression.else.fields.payload.fields.wireRequest.else.else.else.else,mechanic,completed,VALUE,sda-semantic-value-graph-provider.v1,2026-10-06T04:57:29.1223334Z,2026-10-06T04:57:29.1225062Z,2026-10-06T04:57:29.577Z
2565,13968.6,13968.6,0,14426,457.4,nested edge,10 summarize-results-model-port,,cell:mechanic:normalize-gemini-success-testimony.operation.1:expression.else.fields.payload.fields.wireRequest.else.else.else:else-result,,admitted,,,2026-10-06T04:57:29.1225801Z,2026-10-06T04:57:29.1225957Z,2026-10-06T04:57:29.580Z
2566,13968.6,13968.8,0.2,14428,459.2,expression,10 summarize-results-model-port,,cell:mechanic:normalize-gemini-success-testimony.operation.1:expression.else.fields.payload.fields.wireRequest.else.else.else,mechanic,completed,VALUE,sda-semantic-value-graph-provider.v1,2026-10-06T04:57:29.1226683Z,2026-10-06T04:57:29.1228405Z,2026-10-06T04:57:29.582Z
2567,13968.9,13968.9,0,14431,462.1,nested edge,10 summarize-results-model-port,,cell:mechanic:normalize-gemini-success-testimony.operation.1:expression.else.fields.payload.fields.wireRequest.else.else:else-result,,admitted,,,2026-10-06T04:57:29.1229259Z,2026-10-06T04:57:29.1229373Z,2026-10-06T04:57:29.585Z
2568,13969,13969.1,0.2,14436,466.8,expression,10 summarize-results-model-port,,cell:mechanic:normalize-gemini-success-testimony.operation.1:expression.else.fields.payload.fields.wireRequest.else.else,mechanic,completed,VALUE,sda-semantic-value-graph-provider.v1,2026-10-06T04:57:29.1230129Z,2026-10-06T04:57:29.1231693Z,2026-10-06T04:57:29.590Z
2569,13969.3,13969.4,0,14438,468.6,nested edge,10 summarize-results-model-port,,cell:mechanic:normalize-gemini-success-testimony.operation.1:expression.else.fields.payload.fields.wireRequest.else:else-result,,admitted,,,2026-10-06T04:57:29.1233715Z,2026-10-06T04:57:29.1233944Z,2026-10-06T04:57:29.592Z
2570,13969.4,13969.6,0.2,14441,471.4,expression,10 summarize-results-model-port,,cell:mechanic:normalize-gemini-success-testimony.operation.1:expression.else.fields.payload.fields.wireRequest.else,mechanic,completed,VALUE,sda-semantic-value-graph-provider.v1,2026-10-06T04:57:29.1234451Z,2026-10-06T04:57:29.1236014Z,2026-10-06T04:57:29.595Z
2571,13969.6,13969.7,0,14443,473.3,nested edge,10 summarize-results-model-port,,cell:mechanic:normalize-gemini-success-testimony.operation.1:expression.else.fields.payload.fields.wireRequest:else-result,,admitted,,,2026-10-06T04:57:29.1236635Z,2026-10-06T04:57:29.1236792Z,2026-10-06T04:57:29.597Z
2572,13969.7,13969.8,0.1,14445,475.2,expression,10 summarize-results-model-port,,cell:mechanic:normalize-gemini-success-testimony.operation.1:expression.else.fields.payload.fields.wireRequest,mechanic,completed,VALUE,sda-semantic-value-graph-provider.v1,2026-10-06T04:57:29.1237240Z,2026-10-06T04:57:29.1238464Z,2026-10-06T04:57:29.599Z
2573,13969.9,13969.9,0,14447,477.1,nested edge,10 summarize-results-model-port,,cell:mechanic:normalize-gemini-success-testimony.operation.1:expression.else.fields.payload:dependency:result,,admitted,,,2026-10-06T04:57:29.1238994Z,2026-10-06T04:57:29.1239057Z,2026-10-06T04:57:29.601Z
2574,13969.9,13970.1,0.2,14449,478.9,expression,10 summarize-results-model-port,,cell:mechanic:normalize-gemini-success-testimony.operation.1:expression.else.fields.payload,mechanic,completed,provider-responded,sda-semantic-value-graph-provider.v1,2026-10-06T04:57:29.1239502Z,2026-10-06T04:57:29.1241027Z,2026-10-06T04:57:29.603Z
2575,13970.1,13970.2,0,14452,481.8,nested edge,10 summarize-results-model-port,,cell:mechanic:normalize-gemini-success-testimony.operation.1:expression.else:dependency:result,,admitted,,,2026-10-06T04:57:29.1241689Z,2026-10-06T04:57:29.1241838Z,2026-10-06T04:57:29.606Z
2576,13970.2,13970.4,0.1,14455,484.6,expression,10 summarize-results-model-port,,cell:mechanic:normalize-gemini-success-testimony.operation.1:expression.else,mechanic,completed,VALUE,sda-semantic-value-graph-provider.v1,2026-10-06T04:57:29.1242336Z,2026-10-06T04:57:29.1243823Z,2026-10-06T04:57:29.609Z
2577,13970.4,13970.5,0,14460,489.5,nested edge,10 summarize-results-model-port,,cell:mechanic:normalize-gemini-success-testimony.operation.1:expression:else-result,,admitted,,,2026-10-06T04:57:29.1244636Z,2026-10-06T04:57:29.1244858Z,2026-10-06T04:57:29.614Z
2578,13970.5,13970.6,0.1,14463,492.4,expression,10 summarize-results-model-port,,cell:mechanic:normalize-gemini-success-testimony.operation.1:expression,mechanic,completed,VALUE,sda-semantic-value-graph-provider.v1,2026-10-06T04:57:29.1245147Z,2026-10-06T04:57:29.1246363Z,2026-10-06T04:57:29.617Z
2579,13970.7,13970.7,0,14470,499.3,nested edge,10 summarize-results-model-port,,edge:return:cell:mechanic:normalize-gemini-success-testimony.operation.1:expression:cell:mechanic:normalize-gemini-success-testimony.operation.1:0,,admitted,,,2026-10-06T04:57:29.1246910Z,2026-10-06T04:57:29.1247091Z,2026-10-06T04:57:29.624Z
2581,13971.7,13971.8,0,14475,503.2,nested edge,10 summarize-results-model-port,,edge:return:normalize-gemini-success-testimony,,admitted,,,2026-10-06T04:57:29.1257570Z,2026-10-06T04:57:29.1258033Z,2026-10-06T04:57:29.629Z
2582,13972,13972.2,0.1,14477,504.8,nested scenario,10 summarize-results-model-port,,cell:scenario:normalize-gemini-success-testimony,scenario,completed,TERMINAL,,2026-10-06T04:57:29.1260729Z,2026-10-06T04:57:29.1261922Z,2026-10-06T04:57:29.631Z
2584,13975.2,13975.5,0.3,14482,506.5,nested edge,10 summarize-results-model-port,,edge:sequence:execute-projected-model-provider-attempt:9,,admitted,,,2026-10-06T04:57:29.1292476Z,2026-10-06T04:57:29.1295380Z,2026-10-06T04:57:29.636Z
2701,13975.6,14048,72.4,14827,779,nested step,10 summarize-results-model-port,finalize-provider-attempt-port,cell:mechanic:execute-projected-model-provider-attempt.operation.10,mechanic,completed,MODEL_RESPONSE_OBTAINED,sda-semantic-value-graph-provider.v1,2026-10-06T04:57:29.1296154Z,2026-10-06T04:57:29.2019881Z,2026-10-06T04:57:29.981Z
2585,13975.9,13976.5,0.6,14485,508.4,expression,10 summarize-results-model-port,,cell:mechanic:execute-projected-model-provider-attempt.operation.10:expression.fields.attempts,mechanic,completed,VALUE,sda-semantic-value-graph-provider.v1,2026-10-06T04:57:29.1299535Z,2026-10-06T04:57:29.1305623Z,2026-10-06T04:57:29.639Z
2586,13977.9,13978,0,14487,509,nested edge,10 summarize-results-model-port,,cell:mechanic:execute-projected-model-provider-attempt.operation.10:expression:dependency:1,,admitted,,,2026-10-06T04:57:29.1319689Z,2026-10-06T04:57:29.1319878Z,2026-10-06T04:57:29.641Z
2587,13978.2,13978.4,0.2,14490,511.5,expression,10 summarize-results-model-port,,cell:mechanic:execute-projected-model-provider-attempt.operation.10:expression.fields.disposition.when.left,mechanic,completed,VALUE,sda-semantic-value-graph-provider.v1,2026-10-06T04:57:29.1322424Z,2026-10-06T04:57:29.1324652Z,2026-10-06T04:57:29.644Z
2588,13978.7,13978.7,0,14493,514.3,nested edge,10 summarize-results-model-port,,cell:mechanic:execute-projected-model-provider-attempt.operation.10:expression.fields.disposition.when:dependency:1,,admitted,,,2026-10-06T04:57:29.1327254Z,2026-10-06T04:57:29.1327493Z,2026-10-06T04:57:29.647Z
2589,13979,13979.2,0.2,14495,515.8,expression,10 summarize-results-model-port,,cell:mechanic:execute-projected-model-provider-attempt.operation.10:expression.fields.disposition.when.right,mechanic,completed,VALUE,sda-semantic-value-graph-provider.v1,2026-10-06T04:57:29.1330021Z,2026-10-06T04:57:29.1332171Z,2026-10-06T04:57:29.649Z
2590,13979.5,13979.5,0,14498,518.5,nested edge,10 summarize-results-model-port,,cell:mechanic:execute-projected-model-provider-attempt.operation.10:expression.fields.disposition.when:dependency:result,,admitted,,,2026-10-06T04:57:29.1334916Z,2026-10-06T04:57:29.1335202Z,2026-10-06T04:57:29.652Z
2591,13979.7,13979.9,0.2,14500,520.1,expression,10 summarize-results-model-port,,cell:mechanic:execute-projected-model-provider-attempt.operation.10:expression.fields.disposition.when,mechanic,completed,TRUE,sda-semantic-value-graph-provider.v1,2026-10-06T04:57:29.1336854Z,2026-10-06T04:57:29.1339127Z,2026-10-06T04:57:29.654Z
2592,13980,13980.1,0.1,14503,522.9,nested edge,10 summarize-results-model-port,,cell:mechanic:execute-projected-model-provider-attempt.operation.10:expression.fields.disposition:selection:predicate,,admitted,,,2026-10-06T04:57:29.1339879Z,2026-10-06T04:57:29.1341365Z,2026-10-06T04:57:29.657Z
2593,13980.4,13980.5,0.2,14506,525.4,expression,10 summarize-results-model-port,,cell:mechanic:execute-projected-model-provider-attempt.operation.10:expression.fields.disposition:selection,mechanic,completed,TRUE,,2026-10-06T04:57:29.1343843Z,2026-10-06T04:57:29.1345548Z,2026-10-06T04:57:29.660Z
2594,13980.7,13980.7,0,14509,528.2,nested edge,10 summarize-results-model-port,,cell:mechanic:execute-projected-model-provider-attempt.operation.10:expression.fields.disposition:selection:true,,admitted,,,2026-10-06T04:57:29.1347447Z,2026-10-06T04:57:29.1347618Z,2026-10-06T04:57:29.663Z
2595,13980.8,13981.6,0.8,14512,530.4,expression,10 summarize-results-model-port,,cell:mechanic:execute-projected-model-provider-attempt.operation.10:expression.fields.disposition.then.when.in,mechanic,completed,VALUE,sda-semantic-value-graph-provider.v1,2026-10-06T04:57:29.1348526Z,2026-10-06T04:57:29.1356476Z,2026-10-06T04:57:29.666Z
2596,13981.7,13981.7,0,14514,532.2,nested edge,10 summarize-results-model-port,,cell:mechanic:execute-projected-model-provider-attempt.operation.10:expression.fields.disposition.then.when:dependency:1,,admitted,,,2026-10-06T04:57:29.1357327Z,2026-10-06T04:57:29.1357638Z,2026-10-06T04:57:29.668Z
2597,13981.8,13982,0.3,14517,534.9,expression,10 summarize-results-model-port,,cell:mechanic:execute-projected-model-provider-attempt.operation.10:expression.fields.disposition.then.when.value,mechanic,completed,VALUE,sda-semantic-value-graph-provider.v1,2026-10-06T04:57:29.1358166Z,2026-10-06T04:57:29.1360723Z,2026-10-06T04:57:29.671Z
2598,13982.1,13982.1,0,14520,537.8,nested edge,10 summarize-results-model-port,,cell:mechanic:execute-projected-model-provider-attempt.operation.10:expression.fields.disposition.then.when:dependency:result,,admitted,,,2026-10-06T04:57:29.1361405Z,2026-10-06T04:57:29.1361617Z,2026-10-06T04:57:29.674Z
2599,13982.2,13982.4,0.3,14522,539.5,expression,10 summarize-results-model-port,,cell:mechanic:execute-projected-model-provider-attempt.operation.10:expression.fields.disposition.then.when,mechanic,completed,FALSE,sda-semantic-value-graph-provider.v1,2026-10-06T04:57:29.1362129Z,2026-10-06T04:57:29.1364727Z,2026-10-06T04:57:29.676Z
2600,13982.5,13982.6,0,14525,542.4,nested edge,10 summarize-results-model-port,,cell:mechanic:execute-projected-model-provider-attempt.operation.10:expression.fields.disposition.then:selection:predicate,,admitted,,,2026-10-06T04:57:29.1365445Z,2026-10-06T04:57:29.1365826Z,2026-10-06T04:57:29.679Z
2601,13982.6,13983.3,0.6,14527,543.7,expression,10 summarize-results-model-port,,cell:mechanic:execute-projected-model-provider-attempt.operation.10:expression.fields.disposition.then:selection,mechanic,completed,FALSE,,2026-10-06T04:57:29.1366561Z,2026-10-06T04:57:29.1373054Z,2026-10-06T04:57:29.681Z
2602,13983.3,13983.4,0,14531,547.6,nested edge,10 summarize-results-model-port,,cell:mechanic:execute-projected-model-provider-attempt.operation.10:expression.fields.disposition.then:selection:false,,admitted,,,2026-10-06T04:57:29.1373725Z,2026-10-06T04:57:29.1373883Z,2026-10-06T04:57:29.685Z
2603,13983.4,13983.6,0.2,14534,550.4,expression,10 summarize-results-model-port,,cell:mechanic:execute-projected-model-provider-attempt.operation.10:expression.fields.disposition.then.else,mechanic,completed,VALUE,sda-semantic-value-graph-provider.v1,2026-10-06T04:57:29.1374414Z,2026-10-06T04:57:29.1376432Z,2026-10-06T04:57:29.688Z
2604,13983.7,13983.7,0,14537,553.3,nested edge,10 summarize-results-model-port,,cell:mechanic:execute-projected-model-provider-attempt.operation.10:expression.fields.disposition.then:else-result,,admitted,,,2026-10-06T04:57:29.1377159Z,2026-10-06T04:57:29.1377366Z,2026-10-06T04:57:29.691Z
2605,13983.8,13984.2,0.4,14539,554.8,expression,10 summarize-results-model-port,,cell:mechanic:execute-projected-model-provider-attempt.operation.10:expression.fields.disposition.then,mechanic,completed,VALUE,sda-semantic-value-graph-provider.v1,2026-10-06T04:57:29.1377846Z,2026-10-06T04:57:29.1382286Z,2026-10-06T04:57:29.693Z
2606,13984.3,13984.3,0,14542,557.7,nested edge,10 summarize-results-model-port,,cell:mechanic:execute-projected-model-provider-attempt.operation.10:expression.fields.disposition:then-result,,admitted,,,2026-10-06T04:57:29.1383164Z,2026-10-06T04:57:29.1383296Z,2026-10-06T04:57:29.696Z
2607,13984.4,13984.6,0.2,14545,560.4,expression,10 summarize-results-model-port,,cell:mechanic:execute-projected-model-provider-attempt.operation.10:expression.fields.disposition,mechanic,completed,VALUE,sda-semantic-value-graph-provider.v1,2026-10-06T04:57:29.1383959Z,2026-10-06T04:57:29.1386091Z,2026-10-06T04:57:29.699Z
2608,13984.7,13984.7,0,14547,562.3,nested edge,10 summarize-results-model-port,,cell:mechanic:execute-projected-model-provider-attempt.operation.10:expression:dependency:2,,admitted,,,2026-10-06T04:57:29.1387019Z,2026-10-06T04:57:29.1387260Z,2026-10-06T04:57:29.701Z
2609,13984.8,13985,0.2,14550,565,expression,10 summarize-results-model-port,,cell:mechanic:execute-projected-model-provider-attempt.operation.10:expression.fields.model,mechanic,completed,VALUE,sda-semantic-value-graph-provider.v1,2026-10-06T04:57:29.1387790Z,2026-10-06T04:57:29.1390072Z,2026-10-06T04:57:29.704Z
2610,13985.1,13985.1,0,14552,566.9,nested edge,10 summarize-results-model-port,,cell:mechanic:execute-projected-model-provider-attempt.operation.10:expression:dependency:3,,admitted,,,2026-10-06T04:57:29.1390813Z,2026-10-06T04:57:29.1390909Z,2026-10-06T04:57:29.706Z
2611,13985.1,13985.3,0.2,14555,569.6,expression,10 summarize-results-model-port,,cell:mechanic:execute-projected-model-provider-attempt.operation.10:expression.fields.provider,mechanic,completed,VALUE,sda-semantic-value-graph-provider.v1,2026-10-06T04:57:29.1391355Z,2026-10-06T04:57:29.1393692Z,2026-10-06T04:57:29.709Z
2612,13985.4,13985.4,0,14558,572.5,nested edge,10 summarize-results-model-port,,cell:mechanic:execute-projected-model-provider-attempt.operation.10:expression:dependency:4,,admitted,,,2026-10-06T04:57:29.1394589Z,2026-10-06T04:57:29.1394684Z,2026-10-06T04:57:29.712Z
2613,13985.5,13985.7,0.2,14560,574.3,expression,10 summarize-results-model-port,,cell:mechanic:execute-projected-model-provider-attempt.operation.10:expression.fields.receipt.fields.acceptanceClaimed,mechanic,completed,FALSE,sda-semantic-value-graph-provider.v1,2026-10-06T04:57:29.1395195Z,2026-10-06T04:57:29.1397197Z,2026-10-06T04:57:29.714Z
2614,13985.8,13985.8,0,14563,577.2,nested edge,10 summarize-results-model-port,,cell:mechanic:execute-projected-model-provider-attempt.operation.10:expression.fields.receipt:dependency:1,,admitted,,,2026-10-06T04:57:29.1397818Z,2026-10-06T04:57:29.1397977Z,2026-10-06T04:57:29.717Z
2615,13985.8,13986,0.2,14566,580,expression,10 summarize-results-model-port,,cell:mechanic:execute-projected-model-provider-attempt.operation.10:expression.fields.receipt.fields.adapterIdentity,mechanic,completed,VALUE,sda-semantic-value-graph-provider.v1,2026-10-06T04:57:29.1398433Z,2026-10-06T04:57:29.1400038Z,2026-10-06T04:57:29.720Z
2616,13986,13986,0,14569,582.9,nested edge,10 summarize-results-model-port,,cell:mechanic:execute-projected-model-provider-attempt.operation.10:expression.fields.receipt:dependency:2,,admitted,,,2026-10-06T04:57:29.1400580Z,2026-10-06T04:57:29.1400719Z,2026-10-06T04:57:29.723Z
2617,13986.1,13986.2,0.2,14570,583.7,expression,10 summarize-results-model-port,,cell:mechanic:execute-projected-model-provider-attempt.operation.10:expression.fields.receipt.fields.credentialNonDisclosureVerified,mechanic,completed,TRUE,sda-semantic-value-graph-provider.v1,2026-10-06T04:57:29.1401058Z,2026-10-06T04:57:29.1402667Z,2026-10-06T04:57:29.724Z
2618,13986.3,13986.3,0,14573,586.7,nested edge,10 summarize-results-model-port,,cell:mechanic:execute-projected-model-provider-attempt.operation.10:expression.fields.receipt:dependency:3,,admitted,,,2026-10-06T04:57:29.1403222Z,2026-10-06T04:57:29.1403284Z,2026-10-06T04:57:29.727Z
2619,13986.3,13986.5,0.1,14575,588.5,expression,10 summarize-results-model-port,,cell:mechanic:execute-projected-model-provider-attempt.operation.10:expression.fields.receipt.fields.httpStatus,mechanic,completed,VALUE,sda-semantic-value-graph-provider.v1,2026-10-06T04:57:29.1403665Z,2026-10-06T04:57:29.1405115Z,2026-10-06T04:57:29.729Z
2620,13986.6,13986.6,0,14578,591.4,nested edge,10 summarize-results-model-port,,cell:mechanic:execute-projected-model-provider-attempt.operation.10:expression.fields.receipt:dependency:4,,admitted,,,2026-10-06T04:57:29.1405875Z,2026-10-06T04:57:29.1405942Z,2026-10-06T04:57:29.732Z
2621,13986.6,13987.4,0.8,14580,592.5,expression,10 summarize-results-model-port,,cell:mechanic:execute-projected-model-provider-attempt.operation.10:expression.fields.receipt.fields.invocationIdentity,mechanic,completed,VALUE,sda-semantic-value-graph-provider.v1,2026-10-06T04:57:29.1406317Z,2026-10-06T04:57:29.1414543Z,2026-10-06T04:57:29.734Z
2622,13987.5,13987.5,0,14583,595.5,nested edge,10 summarize-results-model-port,,cell:mechanic:execute-projected-model-provider-attempt.operation.10:expression.fields.receipt:dependency:5,,admitted,,,2026-10-06T04:57:29.1415346Z,2026-10-06T04:57:29.1415451Z,2026-10-06T04:57:29.737Z
2623,13987.6,13987.8,0.3,14585,597.1,expression,10 summarize-results-model-port,,cell:mechanic:execute-projected-model-provider-attempt.operation.10:expression.fields.receipt.fields.providerKind,mechanic,completed,VALUE,sda-semantic-value-graph-provider.v1,2026-10-06T04:57:29.1416059Z,2026-10-06T04:57:29.1418575Z,2026-10-06T04:57:29.739Z
2624,13987.9,13987.9,0,14589,601,nested edge,10 summarize-results-model-port,,cell:mechanic:execute-projected-model-provider-attempt.operation.10:expression.fields.receipt:dependency:6,,admitted,,,2026-10-06T04:57:29.1419486Z,2026-10-06T04:57:29.1419625Z,2026-10-06T04:57:29.743Z
2625,13988,13988.2,0.2,14591,602.8,expression,10 summarize-results-model-port,,cell:mechanic:execute-projected-model-provider-attempt.operation.10:expression.fields.receipt.fields.providerSwitchCount,mechanic,completed,VALUE,sda-semantic-value-graph-provider.v1,2026-10-06T04:57:29.1420298Z,2026-10-06T04:57:29.1422139Z,2026-10-06T04:57:29.745Z
2626,13988.3,13988.3,0,14594,605.7,nested edge,10 summarize-results-model-port,,cell:mechanic:execute-projected-model-provider-attempt.operation.10:expression.fields.receipt:dependency:7,,admitted,,,2026-10-06T04:57:29.1422780Z,2026-10-06T04:57:29.1423011Z,2026-10-06T04:57:29.748Z
2627,13988.3,13988.5,0.2,14597,608.4,expression,10 summarize-results-model-port,,cell:mechanic:execute-projected-model-provider-attempt.operation.10:expression.fields.receipt.fields.redactionVerified,mechanic,completed,TRUE,sda-semantic-value-graph-provider.v1,2026-10-06T04:57:29.1423562Z,2026-10-06T04:57:29.1425693Z,2026-10-06T04:57:29.751Z
2628,13988.6,13988.6,0,14600,611.3,nested edge,10 summarize-results-model-port,,cell:mechanic:execute-projected-model-provider-attempt.operation.10:expression.fields.receipt:dependency:8,,admitted,,,2026-10-06T04:57:29.1426390Z,2026-10-06T04:57:29.1426695Z,2026-10-06T04:57:29.754Z
2629,13988.7,13988.9,0.2,14602,613.1,expression,10 summarize-results-model-port,,cell:mechanic:execute-projected-model-provider-attempt.operation.10:expression.fields.receipt.fields.repairCount,mechanic,completed,VALUE,sda-semantic-value-graph-provider.v1,2026-10-06T04:57:29.1427241Z,2026-10-06T04:57:29.1429129Z,2026-10-06T04:57:29.756Z
2630,13989,13989,0,14605,616,nested edge,10 summarize-results-model-port,,cell:mechanic:execute-projected-model-provider-attempt.operation.10:expression.fields.receipt:dependency:9,,admitted,,,2026-10-06T04:57:29.1429860Z,2026-10-06T04:57:29.1429971Z,2026-10-06T04:57:29.759Z
2631,13989,13989.4,0.4,14607,617.6,expression,10 summarize-results-model-port,,cell:mechanic:execute-projected-model-provider-attempt.operation.10:expression.fields.receipt.fields.requestHash,mechanic,completed,VALUE,sda-semantic-value-graph-provider.v1,2026-10-06T04:57:29.1430562Z,2026-10-06T04:57:29.1434437Z,2026-10-06T04:57:29.761Z
2632,13989.5,13989.5,0,14610,620.5,nested edge,10 summarize-results-model-port,,cell:mechanic:execute-projected-model-provider-attempt.operation.10:expression.fields.receipt:dependency:10,,admitted,,,2026-10-06T04:57:29.1435214Z,2026-10-06T04:57:29.1435411Z,2026-10-06T04:57:29.764Z
2633,14005.7,14006.2,0.5,14612,605.8,expression,10 summarize-results-model-port,,cell:mechanic:execute-projected-model-provider-attempt.operation.10:expression.fields.receipt.fields.requestId,mechanic,completed,VALUE,sda-semantic-value-graph-provider.v1,2026-10-06T04:57:29.1596944Z,2026-10-06T04:57:29.1601837Z,2026-10-06T04:57:29.766Z
2634,14006.3,14006.3,0,14615,608.7,nested edge,10 summarize-results-model-port,,cell:mechanic:execute-projected-model-provider-attempt.operation.10:expression.fields.receipt:dependency:11,,admitted,,,2026-10-06T04:57:29.1602990Z,2026-10-06T04:57:29.1603287Z,2026-10-06T04:57:29.769Z
2635,14006.4,14006.7,0.3,14618,611.3,expression,10 summarize-results-model-port,,cell:mechanic:execute-projected-model-provider-attempt.operation.10:expression.fields.receipt.fields.requestLineage,mechanic,completed,VALUE,sda-semantic-value-graph-provider.v1,2026-10-06T04:57:29.1603998Z,2026-10-06T04:57:29.1606798Z,2026-10-06T04:57:29.772Z
2636,14006.7,14006.7,0,14620,613.2,nested edge,10 summarize-results-model-port,,cell:mechanic:execute-projected-model-provider-attempt.operation.10:expression.fields.receipt:dependency:12,,admitted,,,2026-10-06T04:57:29.1607466Z,2026-10-06T04:57:29.1607649Z,2026-10-06T04:57:29.774Z
2637,14007.5,14007.7,0.2,14623,615.3,expression,10 summarize-results-model-port,,cell:mechanic:execute-projected-model-provider-attempt.operation.10:expression.fields.receipt.fields.responseHash,mechanic,completed,VALUE,sda-semantic-value-graph-provider.v1,2026-10-06T04:57:29.1614766Z,2026-10-06T04:57:29.1617125Z,2026-10-06T04:57:29.777Z
2638,14007.8,14007.8,0,14626,618.2,nested edge,10 summarize-results-model-port,,cell:mechanic:execute-projected-model-provider-attempt.operation.10:expression.fields.receipt:dependency:13,,admitted,,,2026-10-06T04:57:29.1617878Z,2026-10-06T04:57:29.1618055Z,2026-10-06T04:57:29.780Z
2639,14007.8,14008,0.2,14631,622.9,expression,10 summarize-results-model-port,,cell:mechanic:execute-projected-model-provider-attempt.operation.10:expression.fields.receipt.fields.retryCount,mechanic,completed,VALUE,sda-semantic-value-graph-provider.v1,2026-10-06T04:57:29.1618569Z,2026-10-06T04:57:29.1620653Z,2026-10-06T04:57:29.785Z
2640,14008.1,14008.1,0,14632,623.8,nested edge,10 summarize-results-model-port,,cell:mechanic:execute-projected-model-provider-attempt.operation.10:expression.fields.receipt:dependency:14,,admitted,,,2026-10-06T04:57:29.1621420Z,2026-10-06T04:57:29.1621565Z,2026-10-06T04:57:29.786Z
2641,14008.2,14008.4,0.2,14635,626.6,expression,10 summarize-results-model-port,,cell:mechanic:execute-projected-model-provider-attempt.operation.10:expression.fields.receipt.fields.timing,mechanic,completed,VALUE,sda-semantic-value-graph-provider.v1,2026-10-06T04:57:29.1622122Z,2026-10-06T04:57:29.1624320Z,2026-10-06T04:57:29.789Z
2642,14008.5,14008.5,0,14637,628.5,nested edge,10 summarize-results-model-port,,cell:mechanic:execute-projected-model-provider-attempt.operation.10:expression.fields.receipt:dependency:15,,admitted,,,2026-10-06T04:57:29.1625197Z,2026-10-06T04:57:29.1625415Z,2026-10-06T04:57:29.791Z
2643,14008.6,14008.8,0.2,14641,632.2,expression,10 summarize-results-model-port,,cell:mechanic:execute-projected-model-provider-attempt.operation.10:expression.fields.receipt.fields.transportDisposition,mechanic,completed,VALUE,sda-semantic-value-graph-provider.v1,2026-10-06T04:57:29.1625971Z,2026-10-06T04:57:29.1628143Z,2026-10-06T04:57:29.795Z
2644,14009.6,14009.6,0,14644,634.3,nested edge,10 summarize-results-model-port,,cell:mechanic:execute-projected-model-provider-attempt.operation.10:expression.fields.receipt:dependency:result,,admitted,,,2026-10-06T04:57:29.1636342Z,2026-10-06T04:57:29.1636599Z,2026-10-06T04:57:29.798Z
2645,14010,14011.2,1.2,14646,634.8,expression,10 summarize-results-model-port,,cell:mechanic:execute-projected-model-provider-attempt.operation.10:expression.fields.receipt,mechanic,completed,VALUE,sda-semantic-value-graph-provider.v1,2026-10-06T04:57:29.1640404Z,2026-10-06T04:57:29.1652193Z,2026-10-06T04:57:29.800Z
2646,14011.5,14011.6,0,14649,637.4,nested edge,10 summarize-results-model-port,,cell:mechanic:execute-projected-model-provider-attempt.operation.10:expression:dependency:5,,admitted,,,2026-10-06T04:57:29.1655387Z,2026-10-06T04:57:29.1655869Z,2026-10-06T04:57:29.803Z
2647,14011.9,14012.4,0.4,14653,640.6,expression,10 summarize-results-model-port,,cell:mechanic:execute-projected-model-provider-attempt.operation.10:expression.fields.response.fields.finishReason,mechanic,completed,VALUE,sda-semantic-value-graph-provider.v1,2026-10-06T04:57:29.1659642Z,2026-10-06T04:57:29.1664025Z,2026-10-06T04:57:29.807Z
2648,14012.5,14012.5,0,14657,644.5,nested edge,10 summarize-results-model-port,,cell:mechanic:execute-projected-model-provider-attempt.operation.10:expression.fields.response:dependency:1,,admitted,,,2026-10-06T04:57:29.1664878Z,2026-10-06T04:57:29.1665088Z,2026-10-06T04:57:29.811Z
2649,14012.5,14013.5,1,14660,646.4,expression,10 summarize-results-model-port,,cell:mechanic:execute-projected-model-provider-attempt.operation.10:expression.fields.response.fields.format,mechanic,completed,VALUE,sda-semantic-value-graph-provider.v1,2026-10-06T04:57:29.1665540Z,2026-10-06T04:57:29.1675715Z,2026-10-06T04:57:29.814Z
2650,14013.6,14013.7,0,14664,650.3,nested edge,10 summarize-results-model-port,,cell:mechanic:execute-projected-model-provider-attempt.operation.10:expression.fields.response:dependency:2,,admitted,,,2026-10-06T04:57:29.1676629Z,2026-10-06T04:57:29.1676808Z,2026-10-06T04:57:29.818Z
2651,14013.7,14014,0.2,14666,652,expression,10 summarize-results-model-port,,cell:mechanic:execute-projected-model-provider-attempt.operation.10:expression.fields.response.fields.structuredValue.when.left,mechanic,completed,VALUE,sda-semantic-value-graph-provider.v1,2026-10-06T04:57:29.1677560Z,2026-10-06T04:57:29.1679758Z,2026-10-06T04:57:29.820Z
2652,14014,14014,0,14669,654.9,nested edge,10 summarize-results-model-port,,cell:mechanic:execute-projected-model-provider-attempt.operation.10:expression.fields.response.fields.structuredValue.when:dependency:1,,admitted,,,2026-10-06T04:57:29.1680519Z,2026-10-06T04:57:29.1680699Z,2026-10-06T04:57:29.823Z
2653,14014.1,14014.3,0.2,14673,658.6,expression,10 summarize-results-model-port,,cell:mechanic:execute-projected-model-provider-attempt.operation.10:expression.fields.response.fields.structuredValue.when.right,mechanic,completed,VALUE,sda-semantic-value-graph-provider.v1,2026-10-06T04:57:29.1681347Z,2026-10-06T04:57:29.1683646Z,2026-10-06T04:57:29.827Z
2654,14014.4,14014.4,0,14676,661.5,nested edge,10 summarize-results-model-port,,cell:mechanic:execute-projected-model-provider-attempt.operation.10:expression.fields.response.fields.structuredValue.when:dependency:result,,admitted,,,2026-10-06T04:57:29.1684392Z,2026-10-06T04:57:29.1684542Z,2026-10-06T04:57:29.830Z
2655,14014.5,14014.7,0.2,14679,664.3,expression,10 summarize-results-model-port,,cell:mechanic:execute-projected-model-provider-attempt.operation.10:expression.fields.response.fields.structuredValue.when,mechanic,completed,TRUE,sda-semantic-value-graph-provider.v1,2026-10-06T04:57:29.1685149Z,2026-10-06T04:57:29.1687396Z,2026-10-06T04:57:29.833Z
2656,14015.2,14015.2,0,14686,670.7,nested edge,10 summarize-results-model-port,,cell:mechanic:execute-projected-model-provider-attempt.operation.10:expression.fields.response.fields.structuredValue:selection:predicate,,admitted,,,2026-10-06T04:57:29.1692435Z,2026-10-06T04:57:29.1692739Z,2026-10-06T04:57:29.840Z
2657,14016.4,14016.5,0.1,14690,673.4,expression,10 summarize-results-model-port,,cell:mechanic:execute-projected-model-provider-attempt.operation.10:expression.fields.response.fields.structuredValue:selection,mechanic,completed,TRUE,,2026-10-06T04:57:29.1704090Z,2026-10-06T04:57:29.1705576Z,2026-10-06T04:57:29.844Z
2658,14016.6,14016.6,0,14695,678.3,nested edge,10 summarize-results-model-port,,cell:mechanic:execute-projected-model-provider-attempt.operation.10:expression.fields.response.fields.structuredValue:selection:true,,admitted,,,2026-10-06T04:57:29.1706467Z,2026-10-06T04:57:29.1706649Z,2026-10-06T04:57:29.849Z
2659,14016.7,14017,0.3,14697,680,expression,10 summarize-results-model-port,,cell:mechanic:execute-projected-model-provider-attempt.operation.10:expression.fields.response.fields.structuredValue.then.when.left,mechanic,completed,VALUE,sda-semantic-value-graph-provider.v1,2026-10-06T04:57:29.1707187Z,2026-10-06T04:57:29.1709927Z,2026-10-06T04:57:29.851Z
2660,14017.1,14017.1,0,14703,685.9,nested edge,10 summarize-results-model-port,,cell:mechanic:execute-projected-model-provider-attempt.operation.10:expression.fields.response.fields.structuredValue.then.when:dependency:1,,admitted,,,2026-10-06T04:57:29.1710756Z,2026-10-06T04:57:29.1711034Z,2026-10-06T04:57:29.857Z
2661,14017.2,14017.4,0.3,14709,691.6,expression,10 summarize-results-model-port,,cell:mechanic:execute-projected-model-provider-attempt.operation.10:expression.fields.response.fields.structuredValue.then.when.right,mechanic,completed,VALUE,sda-semantic-value-graph-provider.v1,2026-10-06T04:57:29.1711882Z,2026-10-06T04:57:29.1714464Z,2026-10-06T04:57:29.863Z
2662,14017.5,14017.5,0,14712,694.4,nested edge,10 summarize-results-model-port,,cell:mechanic:execute-projected-model-provider-attempt.operation.10:expression.fields.response.fields.structuredValue.then.when:dependency:result,,admitted,,,2026-10-06T04:57:29.1715365Z,2026-10-06T04:57:29.1715606Z,2026-10-06T04:57:29.866Z
2663,14017.6,14041.6,24,14715,673.3,expression,10 summarize-results-model-port,,cell:mechanic:execute-projected-model-provider-attempt.operation.10:expression.fields.response.fields.structuredValue.then.when,mechanic,completed,TRUE,sda-semantic-value-graph-provider.v1,2026-10-06T04:57:29.1716427Z,2026-10-06T04:57:29.1956584Z,2026-10-06T04:57:29.869Z
2664,14041.7,14041.7,0,14717,675.2,nested edge,10 summarize-results-model-port,,cell:mechanic:execute-projected-model-provider-attempt.operation.10:expression.fields.response.fields.structuredValue.then:selection:predicate,,admitted,,,2026-10-06T04:57:29.1957516Z,2026-10-06T04:57:29.1957669Z,2026-10-06T04:57:29.871Z
2665,14041.8,14042,0.2,14720,678,expression,10 summarize-results-model-port,,cell:mechanic:execute-projected-model-provider-attempt.operation.10:expression.fields.response.fields.structuredValue.then:selection,mechanic,completed,TRUE,,2026-10-06T04:57:29.1958238Z,2026-10-06T04:57:29.1959890Z,2026-10-06T04:57:29.874Z
2666,14042,14042.1,0,14722,679.9,nested edge,10 summarize-results-model-port,,cell:mechanic:execute-projected-model-provider-attempt.operation.10:expression.fields.response.fields.structuredValue.then:selection:true,,admitted,,,2026-10-06T04:57:29.1960597Z,2026-10-06T04:57:29.1960760Z,2026-10-06T04:57:29.876Z
2667,14042.1,14042.3,0.2,14725,682.7,expression,10 summarize-results-model-port,,cell:mechanic:execute-projected-model-provider-attempt.operation.10:expression.fields.response.fields.structuredValue.then.then.when.in,mechanic,completed,VALUE,sda-semantic-value-graph-provider.v1,2026-10-06T04:57:29.1961247Z,2026-10-06T04:57:29.1963182Z,2026-10-06T04:57:29.879Z
2668,14042.4,14042.4,0,14728,685.6,nested edge,10 summarize-results-model-port,,cell:mechanic:execute-projected-model-provider-attempt.operation.10:expression.fields.response.fields.structuredValue.then.then.when:dependency:1,,admitted,,,2026-10-06T04:57:29.1963876Z,2026-10-06T04:57:29.1964018Z,2026-10-06T04:57:29.882Z
2669,14042.4,14042.6,0.2,14731,688.4,expression,10 summarize-results-model-port,,cell:mechanic:execute-projected-model-provider-attempt.operation.10:expression.fields.response.fields.structuredValue.then.then.when.value,mechanic,completed,VALUE,sda-semantic-value-graph-provider.v1,2026-10-06T04:57:29.1964464Z,2026-10-06T04:57:29.1966041Z,2026-10-06T04:57:29.885Z
2670,14042.6,14042.6,0,14734,691.3,nested edge,10 summarize-results-model-port,,cell:mechanic:execute-projected-model-provider-attempt.operation.10:expression.fields.response.fields.structuredValue.then.then.when:dependency:result,,admitted,,,2026-10-06T04:57:29.1966611Z,2026-10-06T04:57:29.1966707Z,2026-10-06T04:57:29.888Z
2671,14042.7,14042.9,0.2,14736,693.1,expression,10 summarize-results-model-port,,cell:mechanic:execute-projected-model-provider-attempt.operation.10:expression.fields.response.fields.structuredValue.then.then.when,mechanic,completed,FALSE,sda-semantic-value-graph-provider.v1,2026-10-06T04:57:29.1967104Z,2026-10-06T04:57:29.1968954Z,2026-10-06T04:57:29.890Z
2672,14042.9,14042.9,0,14739,696,nested edge,10 summarize-results-model-port,,cell:mechanic:execute-projected-model-provider-attempt.operation.10:expression.fields.response.fields.structuredValue.then.then:selection:predicate,,admitted,,,2026-10-06T04:57:29.1969518Z,2026-10-06T04:57:29.1969615Z,2026-10-06T04:57:29.893Z
2673,14043,14043.1,0.1,14742,698.9,expression,10 summarize-results-model-port,,cell:mechanic:execute-projected-model-provider-attempt.operation.10:expression.fields.response.fields.structuredValue.then.then:selection,mechanic,completed,FALSE,,2026-10-06T04:57:29.1970002Z,2026-10-06T04:57:29.1971086Z,2026-10-06T04:57:29.896Z
2674,14043.1,14043.1,0,14744,700.8,nested edge,10 summarize-results-model-port,,cell:mechanic:execute-projected-model-provider-attempt.operation.10:expression.fields.response.fields.structuredValue.then.then:selection:false,,admitted,,,2026-10-06T04:57:29.1971583Z,2026-10-06T04:57:29.1971676Z,2026-10-06T04:57:29.898Z
2675,14043.2,14043.3,0.1,14748,704.6,expression,10 summarize-results-model-port,,cell:mechanic:execute-projected-model-provider-attempt.operation.10:expression.fields.response.fields.structuredValue.then.then.else.value,mechanic,completed,VALUE,sda-semantic-value-graph-provider.v1,2026-10-06T04:57:29.1972075Z,2026-10-06T04:57:29.1973552Z,2026-10-06T04:57:29.902Z
2676,14043.4,14043.4,0,14750,706.6,nested edge,10 summarize-results-model-port,,cell:mechanic:execute-projected-model-provider-attempt.operation.10:expression.fields.response.fields.structuredValue.then.then.else:dependency:result,,admitted,,,2026-10-06T04:57:29.1974140Z,2026-10-06T04:57:29.1974269Z,2026-10-06T04:57:29.904Z
2677,14043.5,14043.6,0.2,14753,709.3,expression,10 summarize-results-model-port,,cell:mechanic:execute-projected-model-provider-attempt.operation.10:expression.fields.response.fields.structuredValue.then.then.else,mechanic,completed,VALUE,sda-semantic-value-graph-provider.v1,2026-10-06T04:57:29.1974768Z,2026-10-06T04:57:29.1976595Z,2026-10-06T04:57:29.907Z
2678,14043.7,14043.7,0,14756,712.3,nested edge,10 summarize-results-model-port,,cell:mechanic:execute-projected-model-provider-attempt.operation.10:expression.fields.response.fields.structuredValue.then.then:else-result,,admitted,,,2026-10-06T04:57:29.1977201Z,2026-10-06T04:57:29.1977308Z,2026-10-06T04:57:29.910Z
2679,14043.7,14043.9,0.1,14759,715.1,expression,10 summarize-results-model-port,,cell:mechanic:execute-projected-model-provider-attempt.operation.10:expression.fields.response.fields.structuredValue.then.then,mechanic,completed,VALUE,sda-semantic-value-graph-provider.v1,2026-10-06T04:57:29.1977717Z,2026-10-06T04:57:29.1979157Z,2026-10-06T04:57:29.913Z
2680,14043.9,14044,0,14761,717,nested edge,10 summarize-results-model-port,,cell:mechanic:execute-projected-model-provider-attempt.operation.10:expression.fields.response.fields.structuredValue.then:then-result,,admitted,,,2026-10-06T04:57:29.1979733Z,2026-10-06T04:57:29.1979848Z,2026-10-06T04:57:29.915Z
2681,14044,14044.2,0.2,14764,719.8,expression,10 summarize-results-model-port,,cell:mechanic:execute-projected-model-provider-attempt.operation.10:expression.fields.response.fields.structuredValue.then,mechanic,completed,VALUE,sda-semantic-value-graph-provider.v1,2026-10-06T04:57:29.1980275Z,2026-10-06T04:57:29.1982094Z,2026-10-06T04:57:29.918Z
2682,14044.2,14044.3,0,14767,722.7,nested edge,10 summarize-results-model-port,,cell:mechanic:execute-projected-model-provider-attempt.operation.10:expression.fields.response.fields.structuredValue:then-result,,admitted,,,2026-10-06T04:57:29.1982638Z,2026-10-06T04:57:29.1982771Z,2026-10-06T04:57:29.921Z
2683,14044.3,14044.5,0.2,14773,728.5,expression,10 summarize-results-model-port,,cell:mechanic:execute-projected-model-provider-attempt.operation.10:expression.fields.response.fields.structuredValue,mechanic,completed,VALUE,sda-semantic-value-graph-provider.v1,2026-10-06T04:57:29.1983210Z,2026-10-06T04:57:29.1984752Z,2026-10-06T04:57:29.927Z
2684,14044.5,14044.5,0,14776,731.4,nested edge,10 summarize-results-model-port,,cell:mechanic:execute-projected-model-provider-attempt.operation.10:expression.fields.response:dependency:3,,admitted,,,2026-10-06T04:57:29.1985361Z,2026-10-06T04:57:29.1985523Z,2026-10-06T04:57:29.930Z
2685,14044.6,14044.7,0.2,14779,734.2,expression,10 summarize-results-model-port,,cell:mechanic:execute-projected-model-provider-attempt.operation.10:expression.fields.response.fields.text.when.left,mechanic,completed,VALUE,sda-semantic-value-graph-provider.v1,2026-10-06T04:57:29.1985977Z,2026-10-06T04:57:29.1987671Z,2026-10-06T04:57:29.933Z
2686,14044.8,14044.8,0,14782,737.1,nested edge,10 summarize-results-model-port,,cell:mechanic:execute-projected-model-provider-attempt.operation.10:expression.fields.response.fields.text.when:dependency:1,,admitted,,,2026-10-06T04:57:29.1988361Z,2026-10-06T04:57:29.1988517Z,2026-10-06T04:57:29.936Z
2687,14044.9,14045,0.2,14784,738.9,expression,10 summarize-results-model-port,,cell:mechanic:execute-projected-model-provider-attempt.operation.10:expression.fields.response.fields.text.when.right,mechanic,completed,VALUE,sda-semantic-value-graph-provider.v1,2026-10-06T04:57:29.1989017Z,2026-10-06T04:57:29.1990692Z,2026-10-06T04:57:29.938Z
2688,14045.1,14045.1,0,14789,743.9,nested edge,10 summarize-results-model-port,,cell:mechanic:execute-projected-model-provider-attempt.operation.10:expression.fields.response.fields.text.when:dependency:result,,admitted,,,2026-10-06T04:57:29.1991275Z,2026-10-06T04:57:29.1991417Z,2026-10-06T04:57:29.943Z
2689,14045.2,14045.3,0.2,14792,746.6,expression,10 summarize-results-model-port,,cell:mechanic:execute-projected-model-provider-attempt.operation.10:expression.fields.response.fields.text.when,mechanic,completed,FALSE,sda-semantic-value-graph-provider.v1,2026-10-06T04:57:29.1991881Z,2026-10-06T04:57:29.1993557Z,2026-10-06T04:57:29.946Z
2690,14045.4,14045.4,0,14795,749.6,nested edge,10 summarize-results-model-port,,cell:mechanic:execute-projected-model-provider-attempt.operation.10:expression.fields.response.fields.text:selection:predicate,,admitted,,,2026-10-06T04:57:29.1994168Z,2026-10-06T04:57:29.1994296Z,2026-10-06T04:57:29.949Z
2691,14045.5,14045.6,0.1,14798,752.4,expression,10 summarize-results-model-port,,cell:mechanic:execute-projected-model-provider-attempt.operation.10:expression.fields.response.fields.text:selection,mechanic,completed,FALSE,,2026-10-06T04:57:29.1994753Z,2026-10-06T04:57:29.1996090Z,2026-10-06T04:57:29.952Z
2692,14046.4,14046.4,0,14804,757.6,nested edge,10 summarize-results-model-port,,cell:mechanic:execute-projected-model-provider-attempt.operation.10:expression.fields.response.fields.text:selection:false,,admitted,,,2026-10-06T04:57:29.2003995Z,2026-10-06T04:57:29.2004407Z,2026-10-06T04:57:29.958Z
2693,14046.5,14046.7,0.2,14807,760.3,expression,10 summarize-results-model-port,,cell:mechanic:execute-projected-model-provider-attempt.operation.10:expression.fields.response.fields.text.else,mechanic,completed,VALUE,sda-semantic-value-graph-provider.v1,2026-10-06T04:57:29.2005390Z,2026-10-06T04:57:29.2006910Z,2026-10-06T04:57:29.961Z
2694,14046.7,14046.7,0,14810,763.2,nested edge,10 summarize-results-model-port,,cell:mechanic:execute-projected-model-provider-attempt.operation.10:expression.fields.response.fields.text:else-result,,admitted,,,2026-10-06T04:57:29.2007437Z,2026-10-06T04:57:29.2007513Z,2026-10-06T04:57:29.964Z
2695,14046.8,14046.9,0.2,14813,766.1,expression,10 summarize-results-model-port,,cell:mechanic:execute-projected-model-provider-attempt.operation.10:expression.fields.response.fields.text,mechanic,completed,VALUE,sda-semantic-value-graph-provider.v1,2026-10-06T04:57:29.2007881Z,2026-10-06T04:57:29.2009458Z,2026-10-06T04:57:29.967Z
2696,14047,14047,0,14816,769,nested edge,10 summarize-results-model-port,,cell:mechanic:execute-projected-model-provider-attempt.operation.10:expression.fields.response:dependency:result,,admitted,,,2026-10-06T04:57:29.2009968Z,2026-10-06T04:57:29.2010057Z,2026-10-06T04:57:29.970Z
2697,14047,14047.2,0.2,14818,770.8,expression,10 summarize-results-model-port,,cell:mechanic:execute-projected-model-provider-attempt.operation.10:expression.fields.response,mechanic,completed,VALUE,sda-semantic-value-graph-provider.v1,2026-10-06T04:57:29.2010405Z,2026-10-06T04:57:29.2012168Z,2026-10-06T04:57:29.972Z
2698,14047.2,14047.3,0,14821,773.7,nested edge,10 summarize-results-model-port,,cell:mechanic:execute-projected-model-provider-attempt.operation.10:expression:dependency:result,,admitted,,,2026-10-06T04:57:29.2012690Z,2026-10-06T04:57:29.2012820Z,2026-10-06T04:57:29.975Z
2699,14047.3,14047.6,0.3,14822,774.4,expression,10 summarize-results-model-port,,cell:mechanic:execute-projected-model-provider-attempt.operation.10:expression,mechanic,completed,MODEL_RESPONSE_OBTAINED,sda-semantic-value-graph-provider.v1,2026-10-06T04:57:29.2013168Z,2026-10-06T04:57:29.2015784Z,2026-10-06T04:57:29.976Z
2700,14047.6,14047.7,0,14825,777.3,nested edge,10 summarize-results-model-port,,edge:return:cell:mechanic:execute-projected-model-provider-attempt.operation.10:expression:cell:mechanic:execute-projected-model-provider-attempt.operation.10:0,,admitted,,,2026-10-06T04:57:29.2016543Z,2026-10-06T04:57:29.2016868Z,2026-10-06T04:57:29.979Z
2702,14048,14048.1,0,14830,781.9,nested edge,10 summarize-results-model-port,,edge:return:execute-projected-model-provider-attempt,,admitted,,,2026-10-06T04:57:29.2020710Z,2026-10-06T04:57:29.2021019Z,2026-10-06T04:57:29.984Z
2703,14048.1,14048.2,0.1,14833,784.8,nested scenario,10 summarize-results-model-port,,cell:scenario:execute-projected-model-provider-attempt,scenario,completed,MODEL_RESPONSE_OBTAINED,,2026-10-06T04:57:29.2021557Z,2026-10-06T04:57:29.2022347Z,2026-10-06T04:57:29.987Z
2705,14053.7,14053.7,0,14839,785.3,handoff edge,,,edge:sequence:request-capability-from-objective-v3:10,,admitted,,,2026-10-06T04:57:29.2077092Z,2026-10-06T04:57:29.2077435Z,2026-10-06T04:57:29.993Z
2732,14053.8,14057.3,3.5,14923,865.7,operation,11 shape-agent-summary-result-port,,cell:mechanic:request-capability-from-objective-v3.operation.11,mechanic,completed,ADMITTED,sda-semantic-value-graph-provider.v1,2026-10-06T04:57:29.2077854Z,2026-10-06T04:57:29.2113268Z,2026-10-06T04:57:30.077Z
2706,14053.8,14053.8,0.1,14842,788.1,expression,11 shape-agent-summary-result-port,,cell:mechanic:request-capability-from-objective-v3.operation.11:expression.bindings.message,mechanic,completed,VALUE,sda-semantic-value-graph-provider.v1,2026-10-06T04:57:29.2078032Z,2026-10-06T04:57:29.2078559Z,2026-10-06T04:57:29.996Z
2707,14053.9,14053.9,0,14844,790.1,nested edge,11 shape-agent-summary-result-port,,cell:mechanic:request-capability-from-objective-v3.operation.11:expression:dependency:1,,admitted,,,2026-10-06T04:57:29.2079231Z,2026-10-06T04:57:29.2079332Z,2026-10-06T04:57:29.998Z
2708,14054,14054,0,14847,793,expression,11 shape-agent-summary-result-port,,cell:mechanic:request-capability-from-objective-v3.operation.11:expression.bindings.invocation,mechanic,completed,VALUE,sda-semantic-value-graph-provider.v1,2026-10-06T04:57:29.2079771Z,2026-10-06T04:57:29.2080079Z,2026-10-06T04:57:30.001Z
2709,14054,14054,0,14849,794.9,nested edge,11 shape-agent-summary-result-port,,cell:mechanic:request-capability-from-objective-v3.operation.11:expression:dependency:2,,admitted,,,2026-10-06T04:57:29.2080556Z,2026-10-06T04:57:29.2080635Z,2026-10-06T04:57:30.003Z
2710,14054.1,14054.1,0,14851,796.9,expression,11 shape-agent-summary-result-port,,cell:mechanic:request-capability-from-objective-v3.operation.11:expression.value.when.left,mechanic,completed,VALUE,sda-semantic-value-graph-provider.v1,2026-10-06T04:57:29.2080959Z,2026-10-06T04:57:29.2081200Z,2026-10-06T04:57:30.005Z
2711,14054.1,14054.1,0,14854,799.8,nested edge,11 shape-agent-summary-result-port,,cell:mechanic:request-capability-from-objective-v3.operation.11:expression.value.when:dependency:1,,admitted,,,2026-10-06T04:57:29.2081642Z,2026-10-06T04:57:29.2081704Z,2026-10-06T04:57:30.008Z
2712,14054.2,14054.2,0,14856,801.8,expression,11 shape-agent-summary-result-port,,cell:mechanic:request-capability-from-objective-v3.operation.11:expression.value.when.right,mechanic,completed,VALUE,sda-semantic-value-graph-provider.v1,2026-10-06T04:57:29.2082021Z,2026-10-06T04:57:29.2082265Z,2026-10-06T04:57:30.010Z
2713,14054.2,14054.3,0,14859,804.7,nested edge,11 shape-agent-summary-result-port,,cell:mechanic:request-capability-from-objective-v3.operation.11:expression.value.when:dependency:result,,admitted,,,2026-10-06T04:57:29.2082737Z,2026-10-06T04:57:29.2082813Z,2026-10-06T04:57:30.013Z
2714,14054.3,14054.3,0,14861,806.7,expression,11 shape-agent-summary-result-port,,cell:mechanic:request-capability-from-objective-v3.operation.11:expression.value.when,mechanic,completed,TRUE,sda-semantic-value-graph-provider.v1,2026-10-06T04:57:29.2083140Z,2026-10-06T04:57:29.2083388Z,2026-10-06T04:57:30.015Z
2715,14054.4,14054.4,0,14864,809.6,nested edge,11 shape-agent-summary-result-port,,cell:mechanic:request-capability-from-objective-v3.operation.11:expression.value:selection:predicate,,admitted,,,2026-10-06T04:57:29.2083793Z,2026-10-06T04:57:29.2083864Z,2026-10-06T04:57:30.018Z
2716,14054.4,14054.4,0,14867,812.6,expression,11 shape-agent-summary-result-port,,cell:mechanic:request-capability-from-objective-v3.operation.11:expression.value:selection,mechanic,completed,TRUE,,2026-10-06T04:57:29.2084199Z,2026-10-06T04:57:29.2084385Z,2026-10-06T04:57:30.021Z
2717,14054.5,14054.5,0,14873,818.5,nested edge,11 shape-agent-summary-result-port,,cell:mechanic:request-capability-from-objective-v3.operation.11:expression.value:selection:true,,admitted,,,2026-10-06T04:57:29.2084828Z,2026-10-06T04:57:29.2084918Z,2026-10-06T04:57:30.027Z
2718,14054.5,14054.5,0,14876,821.4,expression,11 shape-agent-summary-result-port,,cell:mechanic:request-capability-from-objective-v3.operation.11:expression.value.then.fields.contractId,mechanic,completed,VALUE,sda-semantic-value-graph-provider.v1,2026-10-06T04:57:29.2085375Z,2026-10-06T04:57:29.2085667Z,2026-10-06T04:57:30.030Z
2719,14054.6,14054.6,0,14879,824.4,nested edge,11 shape-agent-summary-result-port,,cell:mechanic:request-capability-from-objective-v3.operation.11:expression.value.then:dependency:1,,admitted,,,2026-10-06T04:57:29.2086182Z,2026-10-06T04:57:29.2086261Z,2026-10-06T04:57:30.033Z
2720,14054.6,14054.7,0,14882,827.3,expression,11 shape-agent-summary-result-port,,cell:mechanic:request-capability-from-objective-v3.operation.11:expression.value.then.fields.disposition,mechanic,completed,VALUE,sda-semantic-value-graph-provider.v1,2026-10-06T04:57:29.2086634Z,2026-10-06T04:57:29.2086897Z,2026-10-06T04:57:30.036Z
2721,14054.7,14054.7,0,14885,830.3,nested edge,11 shape-agent-summary-result-port,,cell:mechanic:request-capability-from-objective-v3.operation.11:expression.value.then:dependency:2,,admitted,,,2026-10-06T04:57:29.2087385Z,2026-10-06T04:57:29.2087459Z,2026-10-06T04:57:30.039Z
2722,14054.8,14054.8,0.1,14887,832.2,expression,11 shape-agent-summary-result-port,,cell:mechanic:request-capability-from-objective-v3.operation.11:expression.value.then.fields.summary,mechanic,completed,VALUE,sda-semantic-value-graph-provider.v1,2026-10-06T04:57:29.2087807Z,2026-10-06T04:57:29.2088470Z,2026-10-06T04:57:30.041Z
2723,14054.9,14054.9,0,14889,834.1,nested edge,11 shape-agent-summary-result-port,,cell:mechanic:request-capability-from-objective-v3.operation.11:expression.value.then:dependency:3,,admitted,,,2026-10-06T04:57:29.2089034Z,2026-10-06T04:57:29.2089146Z,2026-10-06T04:57:30.043Z
2724,14054.9,14055,0,14892,837,expression,11 shape-agent-summary-result-port,,cell:mechanic:request-capability-from-objective-v3.operation.11:expression.value.then.fields.invocationDisposition,mechanic,completed,VALUE,sda-semantic-value-graph-provider.v1,2026-10-06T04:57:29.2089546Z,2026-10-06T04:57:29.2089847Z,2026-10-06T04:57:30.046Z
2725,14055,14055,0,14894,839,nested edge,11 shape-agent-summary-result-port,,cell:mechanic:request-capability-from-objective-v3.operation.11:expression.value.then:dependency:result,,admitted,,,2026-10-06T04:57:29.2090354Z,2026-10-06T04:57:29.2090440Z,2026-10-06T04:57:30.048Z
2726,14055.1,14055.1,0,14897,841.9,expression,11 shape-agent-summary-result-port,,cell:mechanic:request-capability-from-objective-v3.operation.11:expression.value.then,mechanic,completed,PROVIDER_UNAVAILABLE,sda-semantic-value-graph-provider.v1,2026-10-06T04:57:29.2090850Z,2026-10-06T04:57:29.2091217Z,2026-10-06T04:57:30.051Z
2727,14055.2,14055.2,0,14900,844.8,nested edge,11 shape-agent-summary-result-port,,cell:mechanic:request-capability-from-objective-v3.operation.11:expression.value:then-result,,admitted,,,2026-10-06T04:57:29.2091765Z,2026-10-06T04:57:29.2091883Z,2026-10-06T04:57:30.054Z
2728,14055.2,14055.2,0,14909,853.7,expression,11 shape-agent-summary-result-port,,cell:mechanic:request-capability-from-objective-v3.operation.11:expression.value,mechanic,completed,VALUE,sda-semantic-value-graph-provider.v1,2026-10-06T04:57:29.2092312Z,2026-10-06T04:57:29.2092659Z,2026-10-06T04:57:30.063Z
2729,14056.3,14056.3,0,14914,857.6,nested edge,11 shape-agent-summary-result-port,,cell:mechanic:request-capability-from-objective-v3.operation.11:expression:dependency:result,,admitted,,,2026-10-06T04:57:29.2103487Z,2026-10-06T04:57:29.2103702Z,2026-10-06T04:57:30.068Z
2730,14056.6,14056.7,0.1,14917,860.3,expression,11 shape-agent-summary-result-port,,cell:mechanic:request-capability-from-objective-v3.operation.11:expression,mechanic,completed,ADMITTED,sda-semantic-value-graph-provider.v1,2026-10-06T04:57:29.2106230Z,2026-10-06T04:57:29.2106808Z,2026-10-06T04:57:30.071Z
2731,14057.1,14057.1,0,14921,863.9,nested edge,11 shape-agent-summary-result-port,,edge:return:cell:mechanic:request-capability-from-objective-v3.operation.11:expression:cell:mechanic:request-capability-from-objective-v3.operation.11:0,,admitted,,,2026-10-06T04:57:29.2111003Z,2026-10-06T04:57:29.2111214Z,2026-10-06T04:57:30.075Z
2733,14057.4,14057.4,0,14927,869.6,handoff edge,,,edge:return:request-capability-from-objective-v3,,admitted,,,2026-10-06T04:57:29.2113848Z,2026-10-06T04:57:29.2113960Z,2026-10-06T04:57:30.081Z
2734,14057.4,14057.4,0,14930,872.5,scenario return,,,cell:scenario:request-capability-from-objective-v3,scenario,completed,ADMITTED,,2026-10-06T04:57:29.2114320Z,2026-10-06T04:57:29.2114561Z,2026-10-06T04:57:30.084Z
2735,14060,14060,14744.7,14932,,delivery-phase,,,executeDeclaredGraph completed,,completed,,,2026-10-06T04:57:29.214Z,,2026-10-06T04:57:30.086Z
2736,14060,14060,,14938,,delivery-phase,,,observation-projection deferred,,deferred,,,2026-10-06T04:57:29.214Z,,2026-10-06T04:57:30.092Z
2737,14060,14060,,14942,,delivery-phase,,,delivery-finalization started,,started,,,2026-10-06T04:57:29.214Z,,2026-10-06T04:57:30.096Z
2738,14069,14069,,14946,,delivery-phase,,,delivery-finalization completed,,completed,,,2026-10-06T04:57:29.223Z,,2026-10-06T04:57:30.100Z
2739,14070,14070,,14949,,delivery-phase,,,session-teardown started,,started,,,2026-10-06T04:57:29.224Z,,2026-10-06T04:57:30.103Z
2740,14119,14119,49.4,14958,,delivery-phase,,,session-teardown completed,,completed,,,2026-10-06T04:57:29.273Z,,2026-10-06T04:57:30.112Z
2741,14361,14361,,14961,,run-end,,,exit=0,,,,,2026-10-06T04:57:29.515Z,,2026-10-06T04:57:30.115Z
